[
  {
    "QrCodeId": "4",
    "ItemName": "M Shart",
    "Rate": "45",
    "FactorySelected": "Vizag",
    "VoucherRef": "1",
    "BranchName": "LaysonsBayColony",
    "VoucherNumber": "1",
    "DCFactory": "Vizag",
    "DCDate": "2024-03-05",
    "DCDescription": "by bike",
    "UuId": 1,
    "pk": 1,
    "DateTime": "2024-03-05T06:33:20.866Z"
  },
  {
    "QrCodeId": "3",
    "ItemName": "W Jean",
    "Rate": "65",
    "FactorySelected": "Vizag",
    "VoucherRef": "1",
    "BranchName": "LaysonsBayColony",
    "VoucherNumber": "1",
    "DCFactory": "Vizag",
    "DCDate": "2024-03-05",
    "DCDescription": "by bike",
    "UuId": 2,
    "pk": 2,
    "DateTime": "2024-03-05T06:33:30.306Z"
  },
  {
    "QrCodeId": "1",
    "ItemName": "M Shart",
    "Rate": "45",
    "FactorySelected": "Vizag",
    "VoucherRef": "2",
    "BranchName": "AutoNagar",
    "VoucherNumber": "2",
    "DCFactory": "Vizag",
    "DCDate": "2024-03-05",
    "DCDescription": "By Auto",
    "UuId": 3,
    "pk": 3,
    "DateTime": "2024-03-05T06:49:25.664Z"
  },
  {
    "QrCodeId": "2",
    "ItemName": "K Pant",
    "Rate": "45",
    "FactorySelected": "Vizag",
    "VoucherRef": "2",
    "BranchName": "AutoNagar",
    "VoucherNumber": "2",
    "DCFactory": "Vizag",
    "DCDate": "2024-03-05",
    "DCDescription": "By Auto",
    "UuId": 4,
    "pk": 4,
    "DateTime": "2024-03-05T06:49:27.652Z"
  },
  {
    "QrCodeId": "7",
    "ItemName": "M Pant",
    "Rate": "50",
    "FactorySelected": "Vizag",
    "VoucherRef": "2",
    "BranchName": "AutoNagar",
    "VoucherNumber": "2",
    "DCFactory": "Vizag",
    "DCDate": "2024-03-05",
    "DCDescription": "By Auto",
    "UuId": 5,
    "pk": 5,
    "DateTime": "2024-03-05T06:55:21.152Z"
  },
  {
    "QrCodeId": "5",
    "ItemName": "W Jean",
    "Rate": "65",
    "FactorySelected": "Vizag",
    "VoucherRef": "4",
    "BranchName": "LaysonsBayColony",
    "VoucherNumber": "4",
    "DCFactory": "Vizag",
    "DCDate": "2024-03-05",
    "DCDescription": "by car",
    "UuId": 6,
    "pk": 6,
    "DateTime": "2024-03-05T06:57:37.374Z"
  },
  {
    "QrCodeId": "6",
    "ItemName": "K Shart",
    "Rate": "40",
    "FactorySelected": "Vizag",
    "VoucherRef": "4",
    "BranchName": "LaysonsBayColony",
    "VoucherNumber": "4",
    "DCFactory": "Vizag",
    "DCDate": "2024-03-05",
    "DCDescription": "by car",
    "UuId": 7,
    "pk": 7,
    "DateTime": "2024-03-05T06:57:40.471Z"
  },
  {
    "QrCodeId": "18",
    "ItemName": "M Pant",
    "Rate": "50",
    "FactorySelected": "Vizag",
    "VoucherRef": "5",
    "BranchName": "LaysonsBayColony",
    "VoucherNumber": "5",
    "DCFactory": "Vizag",
    "DCDate": "2024-03-05",
    "DCDescription": "by bike",
    "UuId": 8,
    "pk": 8,
    "DateTime": "2024-03-05T07:20:02.159Z"
  },
  {
    "QrCodeId": "19",
    "ItemName": "M Jean",
    "Rate": "50",
    "FactorySelected": "Vizag",
    "VoucherRef": "6",
    "BranchName": "Kakinada",
    "VoucherNumber": "6",
    "DCFactory": "Vizag",
    "DCDate": "2024-03-05",
    "DCDescription": "By Bike",
    "UuId": 9,
    "pk": 9,
    "DateTime": "2024-03-05T12:11:21.867Z"
  },
  {
    "QrCodeId": "20",
    "ItemName": "M Jean",
    "Rate": "50",
    "FactorySelected": "Vizag",
    "VoucherRef": "6",
    "BranchName": "Kakinada",
    "VoucherNumber": "6",
    "DCFactory": "Vizag",
    "DCDate": "2024-03-05",
    "DCDescription": "By Bike",
    "UuId": 10,
    "pk": 10,
    "DateTime": "2024-03-05T12:11:39.121Z"
  },
  {
    "QrCodeId": "22",
    "ItemName": "W Saree",
    "Rate": "60",
    "FactorySelected": "Vizag",
    "VoucherRef": "6",
    "BranchName": "Kakinada",
    "VoucherNumber": "6",
    "DCFactory": "Vizag",
    "DCDate": "2024-03-05",
    "DCDescription": "By Bike",
    "UuId": 11,
    "pk": 11,
    "DateTime": "2024-03-05T12:11:44.991Z"
  },
  {
    "QrCodeId": "21",
    "ItemName": "W Saree",
    "Rate": "60",
    "FactorySelected": "Vizag",
    "VoucherRef": "6",
    "BranchName": "Kakinada",
    "VoucherNumber": "6",
    "DCFactory": "Vizag",
    "DCDate": "2024-03-05",
    "DCDescription": "By Bike",
    "UuId": 12,
    "pk": 12,
    "DateTime": "2024-03-05T12:11:46.885Z"
  },
  {
    "QrCodeId": "23",
    "ItemName": "W Saree",
    "Rate": "60",
    "FactorySelected": "Vizag",
    "VoucherRef": "6",
    "BranchName": "Kakinada",
    "VoucherNumber": "6",
    "DCFactory": "Vizag",
    "DCDate": "2024-03-05",
    "DCDescription": "By Bike",
    "UuId": 13,
    "pk": 13,
    "DateTime": "2024-03-05T12:12:13.909Z"
  },
  {
    "QrCodeId": "263",
    "ItemName": "M Shart",
    "Rate": "45",
    "FactorySelected": "Vizag",
    "VoucherRef": "14",
    "BranchName": "LaysonsBayColony",
    "VoucherNumber": "14",
    "DCFactory": "Vizag",
    "DCDate": "2024-03-08",
    "DCDescription": "by van",
    "UuId": 14,
    "pk": 14,
    "DateTime": "2024-03-08T10:17:30.627Z"
  },
  {
    "QrCodeId": "262",
    "ItemName": "M Shart",
    "Rate": "60",
    "FactorySelected": "Vizag",
    "VoucherRef": "14",
    "BranchName": "LaysonsBayColony",
    "VoucherNumber": "14",
    "DCFactory": "Vizag",
    "DCDate": "2024-03-08",
    "DCDescription": "by van",
    "UuId": 15,
    "pk": 15,
    "DateTime": "2024-03-08T10:17:36.069Z"
  },
  {
    "QrCodeId": "261",
    "ItemName": "M Shart",
    "Rate": "60",
    "FactorySelected": "Vizag",
    "VoucherRef": "14",
    "BranchName": "LaysonsBayColony",
    "VoucherNumber": "14",
    "DCFactory": "Vizag",
    "DCDate": "2024-03-08",
    "DCDescription": "by van",
    "UuId": 16,
    "pk": 16,
    "DateTime": "2024-03-08T10:17:39.696Z"
  }
]