[
  {
    "VoucherNumber": "1",
    "Date": "2024-03-05",
    "Description": "by bike",
    "Factory": "Vizag",
    "BranchName": "LaysonsBayColony",
    "UuId": 1,
    "pk": 1,
    "DateTime": "2024-03-05T06:33:06.363Z"
  },
  {
    "VoucherNumber": "2",
    "Date": "2024-03-05",
    "Description": "By Auto",
    "Factory": "Vizag",
    "BranchName": "AutoNagar",
    "UuId": 2,
    "pk": 2,
    "DateTime": "2024-03-05T06:49:01.920Z"
  },
  {
    "VoucherNumber": "2",
    "Date": "2024-03-05",
    "Description": "by car",
    "Factory": "Vizag",
    "BranchName": "LaysonsBayColony",
    "UuId": 3,
    "pk": 3,
    "DateTime": "2024-03-05T06:54:30.804Z"
  },
  {
    "VoucherNumber": "4",
    "Date": "2024-03-05",
    "Description": "by car",
    "Factory": "Vizag",
    "BranchName": "LaysonsBayColony",
    "UuId": 4,
    "pk": 4,
    "DateTime": "2024-03-05T06:57:28.795Z"
  },
  {
    "VoucherNumber": "5",
    "Date": "2024-03-05",
    "Description": "by bike",
    "Factory": "Vizag",
    "BranchName": "LaysonsBayColony",
    "UuId": 5,
    "pk": 5,
    "DateTime": "2024-03-05T07:19:39.898Z"
  },
  {
    "VoucherNumber": "6",
    "Date": "2024-03-05",
    "Description": "By Bike",
    "Factory": "Vizag",
    "BranchName": "Kakinada",
    "UuId": 6,
    "pk": 6,
    "DateTime": "2024-03-05T12:10:10.104Z"
  },
  {
    "VoucherNumber": "7",
    "Date": "2024-03-06",
    "Description": "BY VEN",
    "Factory": "Vizag",
    "BranchName": "null",
    "UuId": 7,
    "pk": 7,
    "DateTime": "2024-03-06T11:23:33.163Z"
  },
  {
    "VoucherNumber": "8",
    "Date": "2024-03-07",
    "Description": "BY BIKE",
    "Factory": "Vizag",
    "BranchName": "Yandada",
    "UuId": 8,
    "pk": 8,
    "DateTime": "2024-03-07T09:44:22.736Z"
  },
  {
    "VoucherNumber": "9",
    "Date": "2024-03-07",
    "Description": "by van",
    "Factory": "Vizag",
    "BranchName": "LaysonsBayColony",
    "UuId": 9,
    "pk": 9,
    "DateTime": "2024-03-07T11:19:51.520Z"
  },
  {
    "VoucherNumber": "9",
    "Date": "2024-03-07",
    "Description": "BY AOTO",
    "Factory": "Vizag",
    "BranchName": "IndustrialArea",
    "UuId": 10,
    "pk": 10,
    "DateTime": "2024-03-07T11:19:52.114Z"
  },
  {
    "VoucherNumber": "4",
    "Date": "2024-03-07",
    "Description": "BY AUTO",
    "Factory": "Vizag",
    "BranchName": "IndustrialArea",
    "UuId": 11,
    "pk": 11,
    "DateTime": "2024-03-07T11:20:47.993Z"
  },
  {
    "VoucherNumber": "11",
    "Date": "2024-03-07",
    "Description": "by van",
    "Factory": "Vizag",
    "BranchName": "LaysonsBayColony",
    "UuId": 12,
    "pk": 12,
    "DateTime": "2024-03-07T11:23:09.627Z"
  },
  {
    "VoucherNumber": "13",
    "Date": "2024-03-07",
    "Description": "by van",
    "Factory": "Vizag",
    "BranchName": "Pedawaltair",
    "UuId": 13,
    "pk": 13,
    "DateTime": "2024-03-07T13:16:23.193Z"
  },
  {
    "VoucherNumber": "14",
    "Date": "2024-03-08",
    "Description": "by van",
    "Factory": "Vizag",
    "BranchName": "LaysonsBayColony",
    "UuId": 14,
    "pk": 14,
    "DateTime": "2024-03-08T10:16:42.433Z"
  },
  {
    "VoucherNumber": "15",
    "Date": "2024-03-08",
    "Description": "by ven",
    "Factory": "Vizag",
    "BranchName": "VudaComplex",
    "UuId": 15,
    "pk": 15,
    "DateTime": "2024-03-08T11:59:35.144Z"
  },
  {
    "VoucherNumber": "16",
    "Date": "2024-03-09",
    "Description": "by car",
    "Factory": "Vizag",
    "BranchName": "Yandada",
    "UuId": 16,
    "pk": 16,
    "DateTime": "2024-03-09T12:03:11.691Z"
  },
  {
    "VoucherNumber": "17",
    "Date": "2024-03-09",
    "Description": "bike",
    "Factory": "Vizag",
    "BranchName": "Choose Branch",
    "UuId": 17,
    "pk": 17,
    "DateTime": "2024-03-09T12:07:20.439Z"
  },
  {
    "VoucherNumber": "18",
    "Date": "2024-03-09",
    "Description": "by ven",
    "Factory": "Vizag",
    "BranchName": "Yandada",
    "UuId": 18,
    "pk": 18,
    "DateTime": "2024-03-09T12:23:26.260Z"
  },
  {
    "VoucherNumber": "19",
    "Date": "2024-03-11",
    "Description": "by car",
    "Factory": "Vizag",
    "BranchName": "AutoNagar",
    "UuId": 19,
    "pk": 19,
    "DateTime": "2024-03-11T08:37:53.365Z"
  },
  {
    "VoucherNumber": "20",
    "Date": "2024-03-11",
    "Description": "by bike",
    "Factory": "Vizag",
    "BranchName": "AutoNagar",
    "UuId": 20,
    "pk": 20,
    "DateTime": "2024-03-11T08:57:55.259Z"
  },
  {
    "VoucherNumber": "21",
    "Date": "2024-03-11",
    "Description": "by car",
    "Factory": "Vizag",
    "BranchName": "SteelPlant",
    "UuId": 21,
    "pk": 21,
    "DateTime": "2024-03-11T09:50:14.832Z"
  },
  {
    "VoucherNumber": "22",
    "Date": "2024-03-11",
    "Description": " by van",
    "Factory": "Vizag",
    "BranchName": "SteelPlant",
    "UuId": 22,
    "pk": 22,
    "DateTime": "2024-03-11T09:57:25.874Z"
  },
  {
    "VoucherNumber": "23",
    "Date": "2024-03-11",
    "Description": "by van ",
    "Factory": "Vizag",
    "BranchName": "LaysonsBayColony",
    "UuId": 23,
    "pk": 23,
    "DateTime": "2024-03-11T10:51:59.097Z"
  },
  {
    "VoucherNumber": "17",
    "Date": "2024-03-11",
    "Description": "BY AUTO",
    "Factory": "Vizag",
    "BranchName": "IndustrialArea",
    "UuId": 24,
    "pk": 24,
    "DateTime": "2024-03-11T10:52:27.656Z"
  },
  {
    "VoucherNumber": "18",
    "Date": "2024-03-11",
    "Description": "BY AUTO",
    "Factory": "Vizag",
    "BranchName": "IndustrialArea",
    "UuId": 25,
    "pk": 25,
    "DateTime": "2024-03-11T10:53:47.810Z"
  },
  {
    "VoucherNumber": "25",
    "Date": "2024-03-11",
    "Description": "by van",
    "Factory": "Vizag",
    "BranchName": "LaysonsBayColony",
    "UuId": 26,
    "pk": 26,
    "DateTime": "2024-03-11T10:53:57.480Z"
  },
  {
    "VoucherNumber": "19",
    "Date": "2024-03-11",
    "Description": "BY AUTO",
    "Factory": "Vizag",
    "BranchName": "IndustrialArea",
    "UuId": 27,
    "pk": 27,
    "DateTime": "2024-03-11T11:20:12.183Z"
  },
  {
    "VoucherNumber": "19",
    "Date": "2024-03-11",
    "Description": "BY AUTO",
    "Factory": "Vizag",
    "BranchName": "IndustrialArea",
    "UuId": 28,
    "pk": 28,
    "DateTime": "2024-03-11T11:22:46.869Z"
  },
  {
    "VoucherNumber": "20",
    "Date": "2024-03-11",
    "Description": "BY AUTO",
    "Factory": "Vizag",
    "BranchName": "IndustrialArea",
    "UuId": 29,
    "pk": 29,
    "DateTime": "2024-03-11T11:24:03.302Z"
  },
  {
    "VoucherNumber": "30",
    "Date": "2024-03-11",
    "Description": "by car",
    "Factory": "Vizag",
    "BranchName": "NggosColony",
    "UuId": 30,
    "pk": 30,
    "DateTime": "2024-03-11T11:54:32.012Z"
  },
  {
    "VoucherNumber": "31",
    "Date": "2024-03-11",
    "Description": "bbbbu",
    "Factory": "Vizag",
    "BranchName": "NggosColony",
    "UuId": 31,
    "pk": 31,
    "DateTime": "2024-03-11T11:57:03.075Z"
  },
  {
    "VoucherNumber": "32",
    "Date": "2024-03-12",
    "Description": "by ven",
    "Factory": "Vizag",
    "BranchName": "NggosColony",
    "UuId": 32,
    "pk": 32,
    "DateTime": "2024-03-12T10:37:57.370Z"
  },
  {
    "VoucherNumber": "33",
    "Date": "2024-03-12",
    "Description": "by bike",
    "Factory": "Vizag",
    "BranchName": "NggosColony",
    "UuId": 33,
    "pk": 33,
    "DateTime": "2024-03-12T10:40:39.975Z"
  },
  {
    "VoucherNumber": "34",
    "Date": "2024-03-12",
    "Description": "by bike",
    "Factory": "Vizag",
    "BranchName": "NggosColony",
    "UuId": 34,
    "pk": 34,
    "DateTime": "2024-03-12T10:45:59.637Z"
  },
  {
    "VoucherNumber": "35",
    "Date": "2024-03-12",
    "Description": "by ven",
    "Factory": "Vizag",
    "BranchName": "NggosColony",
    "UuId": 35,
    "pk": 35,
    "DateTime": "2024-03-12T10:47:02.631Z"
  },
  {
    "VoucherNumber": "36",
    "Date": "2024-03-12",
    "Description": "by bike",
    "Factory": "Vizag",
    "BranchName": "Pedawaltair",
    "UuId": 36,
    "pk": 36,
    "DateTime": "2024-03-12T11:26:37.647Z"
  },
  {
    "VoucherNumber": "37",
    "Date": "2024-03-12",
    "Description": "by ven",
    "Factory": "Vizag",
    "BranchName": "Pedawaltair",
    "UuId": 37,
    "pk": 37,
    "DateTime": "2024-03-12T11:28:24.799Z"
  },
  {
    "VoucherNumber": "38",
    "Date": "2024-03-12",
    "Description": "by van",
    "Factory": "Vizag",
    "BranchName": "Pedawaltair",
    "UuId": 38,
    "pk": 38,
    "DateTime": "2024-03-12T11:35:20.154Z"
  },
  {
    "VoucherNumber": "39",
    "Date": "2024-03-13",
    "Description": "by car",
    "Factory": "Vizag",
    "BranchName": "Gurudwar",
    "UuId": 39,
    "pk": 39,
    "DateTime": "2024-03-13T06:59:46.247Z"
  },
  {
    "Date": "2024-03-13",
    "Description": "BY VEN",
    "Factory": "Vizag",
    "BranchName": "PoolBaught",
    "UuId": 40,
    "pk": 40,
    "DateTime": "2024-03-13T09:48:20.532Z"
  },
  {
    "Date": "2024-03-13",
    "Description": "van",
    "Factory": "Vizag",
    "BranchName": "SteelPlant",
    "UuId": 41,
    "pk": 41,
    "DateTime": "2024-03-13T10:20:57.834Z"
  },
  {
    "Date": "2024-03-13",
    "Description": "by car",
    "Factory": "Vizag",
    "BranchName": "Vepagunta",
    "UuId": 42,
    "pk": 42,
    "DateTime": "2024-03-13T12:22:46.150Z"
  },
  {
    "Date": "2024-03-13",
    "Description": "",
    "Factory": "Vizag",
    "BranchName": "Vepagunta",
    "UuId": 43,
    "pk": 43,
    "DateTime": "2024-03-13T12:24:54.430Z"
  },
  {
    "Date": "2024-03-13",
    "Description": "by bikr",
    "Factory": "Vizag",
    "BranchName": "Vepagunta",
    "UuId": 44,
    "pk": 44,
    "DateTime": "2024-03-13T12:37:53.671Z"
  },
  {
    "Date": "2024-03-14",
    "Description": "by ven",
    "Factory": "Vzm",
    "BranchName": "RandBVzm",
    "UuId": 45,
    "pk": 45,
    "DateTime": "2024-03-14T06:32:07.920Z"
  },
  {
    "Date": "2024-03-14",
    "Description": "kk",
    "Factory": "Vzm",
    "BranchName": "RandBVzm",
    "UuId": 46,
    "pk": 46,
    "DateTime": "2024-03-14T06:33:04.539Z"
  },
  {
    "Date": "2024-03-14",
    "Description": "jj",
    "Factory": "Vzm",
    "BranchName": "RandBVzm",
    "UuId": 47,
    "pk": 47,
    "DateTime": "2024-03-14T06:33:15.910Z"
  },
  {
    "Date": "2024-03-14",
    "Description": "by ven",
    "Factory": "Vzm",
    "BranchName": "MsnColony",
    "UuId": 48,
    "pk": 48,
    "DateTime": "2024-03-14T07:03:39.753Z"
  }
]