[
  {
    "ItemsInOrder": {
      "1": {
        "ItemSerial": 1,
        "Category": "Men",
        "ItemName": "M Shart",
        "ItemNamePk": "1",
        "WashType": "DryWash",
        "WashTypePk": "1",
        "locationPk": "Vizag",
        "location": "Vizag",
        "Pcs": 1,
        "Rate": 45,
        "DisPer": 0,
        "AddOn": "0-0",
        "DeliveryDateTime": "2024-03-12T11:41:02",
        "Total": 45
      },
      "2": {
        "ItemSerial": 2,
        "Category": "Kids",
        "ItemName": "K Pant",
        "ItemNamePk": "4",
        "WashType": "DryWash",
        "WashTypePk": "4",
        "locationPk": "Vizag",
        "location": "Vizag",
        "Pcs": 1,
        "Rate": 45,
        "DisPer": 0,
        "AddOn": "0-0",
        "DeliveryDateTime": "2024-03-12T11:41:36",
        "Total": 45
      }
    },
    "CustomerData": {
      "CustomerName": "Keshav",
      "CustomerMobile": "9848163021"
    },
    "OrderData": {
      "BranchName": "AutoNagar",
      "Currentdateandtime": "2024-03-05T11:41:02"
    },
    "AddOnData": {
      "1": {
        "AddOnService": "Petrol Wash High",
        "AddOnRate": 25,
        "AddOnItemSerial": 1,
        "AddOnImageSerial": ""
      },
      "2": {
        "AddOnService": "Rolling",
        "AddOnRate": 20,
        "AddOnItemSerial": 1,
        "AddOnImageSerial": ""
      },
      "3": {
        "AddOnService": "Rolling",
        "AddOnRate": 20,
        "AddOnItemSerial": 2,
        "AddOnImageSerial": ""
      }
    },
    "CheckOutData": {
      "1": {
        "RoundOff": 0.1,
        "CashAmount": 183,
        "CardAmount": 0,
        "UPIAmount": 0,
        "DiscountPer": 0,
        "GstData": {
          "DiscountAmount": 0,
          "CGST": 13.95,
          "SGST": 13.95
        }
      }
    },
    "UuId": 1,
    "pk": 1,
    "DateTime": "2024-03-05T06:11:17.926Z"
  },
  {
    "ItemsInOrder": {
      "1": {
        "ItemSerial": 1,
        "Category": "Men",
        "ItemName": "M Pant",
        "ItemNamePk": "2",
        "WashType": "DryWash",
        "WashTypePk": "2",
        "locationPk": "Vizag",
        "location": "Vizag",
        "Pcs": 2,
        "Rate": 50,
        "DisPer": 0,
        "AddOn": "0-0",
        "DeliveryDateTime": "2024-03-12T12:13:13",
        "Total": 100
      },
      "2": {
        "ItemSerial": 2,
        "Category": "Women",
        "ItemName": "W Jean",
        "ItemNamePk": "6",
        "WashType": "DryWash",
        "WashTypePk": "6",
        "locationPk": "Vizag",
        "location": "Vizag",
        "Pcs": 3,
        "Rate": 65,
        "DisPer": 0,
        "AddOn": "0-0",
        "DeliveryDateTime": "2024-03-12T12:13:51",
        "Total": 195
      }
    },
    "CustomerData": {
      "CustomerName": "SREENIVAS",
      "CustomerMobile": "8341177771"
    },
    "OrderData": {
      "BranchName": "AutoNagar",
      "Currentdateandtime": "2024-03-05T12:13:13"
    },
    "AddOnData": {},
    "CheckOutData": {
      "1": {
        "RoundOff": -0.1,
        "CashAmount": 0,
        "CardAmount": 348,
        "UPIAmount": 0,
        "DiscountPer": 0,
        "GstData": {
          "DiscountAmount": 0,
          "CGST": 26.55,
          "SGST": 26.55
        }
      }
    },
    "UuId": 2,
    "pk": 2,
    "DateTime": "2024-03-05T06:43:50.662Z"
  },
  {
    "ItemsInOrder": {
      "1": {
        "ItemSerial": 1,
        "Category": "Kids",
        "ItemName": "K Shart",
        "ItemNamePk": "3",
        "WashType": "DryWash",
        "WashTypePk": "3",
        "locationPk": "Vizag",
        "location": "Vizag",
        "Pcs": 5,
        "Rate": 40,
        "DisPer": 0,
        "AddOn": "0-0",
        "DeliveryDateTime": "2024-03-12T12:14:21",
        "Total": 200
      }
    },
    "CustomerData": {
      "CustomerName": "Keshav",
      "CustomerMobile": "9848163021"
    },
    "OrderData": {
      "BranchName": "AutoNagar",
      "Currentdateandtime": "2024-03-05T12:14:21"
    },
    "AddOnData": {},
    "CheckOutData": {
      "1": {
        "RoundOff": 0,
        "CashAmount": 236,
        "CardAmount": 0,
        "UPIAmount": 0,
        "DiscountPer": 0,
        "GstData": {
          "DiscountAmount": 0,
          "CGST": 18,
          "SGST": 18
        }
      }
    },
    "UuId": 3,
    "pk": 3,
    "DateTime": "2024-03-05T06:44:29.789Z"
  },
  {
    "ItemsInOrder": {
      "1": {
        "ItemSerial": 1,
        "Category": "Women",
        "ItemName": "W Saree",
        "ItemNamePk": "5",
        "WashType": "DryWash",
        "WashTypePk": "5",
        "locationPk": "Vizag",
        "location": "Vizag",
        "Pcs": 1,
        "Rate": 60,
        "DisPer": 10,
        "AddOn": "0-0",
        "DeliveryDateTime": "2024-03-12T12:14:59",
        "Total": 60
      }
    },
    "CustomerData": {
      "CustomerName": "SREENIVAS",
      "CustomerMobile": "8341177771"
    },
    "OrderData": {
      "BranchName": "AutoNagar",
      "Currentdateandtime": "2024-03-05T12:14:59"
    },
    "AddOnData": {},
    "CheckOutData": {
      "1": {
        "RoundOff": 0.28,
        "CashAmount": 64,
        "CardAmount": 0,
        "UPIAmount": 0,
        "DiscountPer": 0,
        "GstData": {
          "DiscountAmount": 0,
          "CGST": 4.86,
          "SGST": 4.86
        }
      }
    },
    "UuId": 4,
    "pk": 4,
    "DateTime": "2024-03-05T06:45:16.059Z"
  },
  {
    "ItemsInOrder": {
      "1": {
        "ItemSerial": 1,
        "Category": "Men",
        "ItemName": "SILK SHIRT",
        "ItemNamePk": "9",
        "WashType": "DryWash",
        "WashTypePk": "9",
        "locationPk": "Vizag",
        "location": "Vizag",
        "Pcs": 1,
        "Rate": 80,
        "DisPer": 0,
        "AddOn": "0-0",
        "DeliveryDateTime": "2024-03-18T13:56:43",
        "Total": 80
      },
      "2": {
        "ItemSerial": 2,
        "Category": "Women",
        "ItemName": "NET TOP",
        "ItemNamePk": "44",
        "WashType": "DryWash",
        "WashTypePk": "44",
        "locationPk": "Vizag",
        "location": "Vizag",
        "Pcs": 1,
        "Rate": 200,
        "DisPer": 0,
        "AddOn": "0-0",
        "DeliveryDateTime": "2024-03-18T13:57:51",
        "Total": 200
      },
      "3": {
        "ItemSerial": 3,
        "Category": "Kids",
        "ItemName": "PYZAMA",
        "ItemNamePk": "80",
        "WashType": "DryWash",
        "WashTypePk": "80",
        "locationPk": "Vizag",
        "location": "Vizag",
        "Pcs": 1,
        "Rate": 40,
        "DisPer": 0,
        "AddOn": "0-0",
        "DeliveryDateTime": "2024-03-18T13:58:41",
        "Total": 40
      },
      "4": {
        "ItemSerial": 4,
        "Category": "Others",
        "ItemName": "PILLOW COVERS",
        "ItemNamePk": "100",
        "WashType": "DryWash",
        "WashTypePk": "100",
        "locationPk": "Vizag",
        "location": "Vizag",
        "Pcs": 1,
        "Rate": 40,
        "DisPer": 0,
        "AddOn": "0-0",
        "DeliveryDateTime": "2024-03-18T13:58:55",
        "Total": 40
      }
    },
    "CustomerData": {
      "CustomerName": "reddy",
      "CustomerMobile": "9441889649"
    },
    "OrderData": {
      "BranchName": "AutoNagar",
      "Currentdateandtime": "2024-03-11T13:56:43"
    },
    "AddOnData": {
      "1": {
        "AddOnService": "CW",
        "AddOnRate": 400,
        "AddOnItemSerial": 1,
        "AddOnImageSerial": ""
      },
      "2": {
        "AddOnService": "Starch",
        "AddOnRate": 30,
        "AddOnItemSerial": 2,
        "AddOnImageSerial": ""
      },
      "3": {
        "AddOnService": "Starch",
        "AddOnRate": 30,
        "AddOnItemSerial": 4,
        "AddOnImageSerial": ""
      }
    },
    "CheckOutData": {
      "1": {
        "RoundOff": 0.4,
        "CashAmount": 900,
        "CardAmount": 68,
        "UPIAmount": 0,
        "DiscountPer": 0,
        "GstData": {
          "DiscountAmount": 0,
          "CGST": 73.8,
          "SGST": 73.8
        }
      }
    },
    "UuId": 5,
    "pk": 5,
    "DateTime": "2024-03-11T08:28:03.226Z"
  },
  {
    "ItemsInOrder": {
      "1": {
        "ItemSerial": 1,
        "Category": "Men",
        "ItemName": "M Shart",
        "ItemNamePk": "1",
        "WashType": "DryWash",
        "WashTypePk": "1",
        "locationPk": "Vizag",
        "location": "Vizag",
        "Pcs": 5,
        "Rate": 45,
        "DisPer": 0,
        "AddOn": "0-0",
        "DeliveryDateTime": "2024-03-18T14:14:43",
        "Total": 225
      },
      "2": {
        "ItemSerial": 2,
        "Category": "Men",
        "ItemName": "M Pant",
        "ItemNamePk": "2",
        "WashType": "DryWash",
        "WashTypePk": "2",
        "locationPk": "Vizag",
        "location": "Vizag",
        "Pcs": 1,
        "Rate": 50,
        "DisPer": 0,
        "AddOn": "0-0",
        "DeliveryDateTime": "2024-03-18T14:15:24",
        "Total": 50
      }
    },
    "CustomerData": {
      "CustomerName": "bhavani",
      "CustomerMobile": "9866634595"
    },
    "OrderData": {
      "BranchName": "AutoNagar",
      "Currentdateandtime": "2024-03-11T14:14:43"
    },
    "AddOnData": {
      "1": {
        "AddOnService": "H STR",
        "AddOnRate": 30,
        "AddOnItemSerial": 1,
        "AddOnImageSerial": ""
      }
    },
    "CheckOutData": {
      "1": {
        "RoundOff": 0.1,
        "CashAmount": 300,
        "CardAmount": 0,
        "UPIAmount": 60,
        "DiscountPer": 0,
        "GstData": {
          "DiscountAmount": 0,
          "CGST": 27.45,
          "SGST": 27.45
        }
      }
    },
    "UuId": 6,
    "pk": 6,
    "DateTime": "2024-03-11T08:46:06.046Z"
  },
  {
    "ItemsInOrder": {
      "1": {
        "ItemSerial": 1,
        "Category": "Men",
        "ItemName": "T SHIRT",
        "ItemNamePk": "13",
        "WashType": "DryWash",
        "WashTypePk": "13",
        "locationPk": "Vizag",
        "location": "Vizag",
        "Pcs": 5,
        "Rate": 60,
        "DisPer": 0,
        "AddOn": "0-0",
        "DeliveryDateTime": "2024-03-18T14:22:50",
        "Total": 300
      }
    },
    "CustomerData": {
      "CustomerName": "vrara",
      "CustomerMobile": "9391609045"
    },
    "OrderData": {
      "BranchName": "AutoNagar",
      "Currentdateandtime": "2024-03-11T14:22:50"
    },
    "AddOnData": {
      "1": {
        "AddOnService": "Petrol Wash High",
        "AddOnRate": 250,
        "AddOnItemSerial": 1,
        "AddOnImageSerial": ""
      }
    },
    "CheckOutData": {
      "1": {
        "RoundOff": -0.1,
        "CashAmount": 400,
        "CardAmount": 0,
        "UPIAmount": 184,
        "DiscountPer": 10,
        "GstData": {
          "DiscountAmount": 55,
          "CGST": 44.55,
          "SGST": 44.55
        }
      }
    },
    "UuId": 7,
    "pk": 7,
    "DateTime": "2024-03-11T08:53:53.234Z"
  },
  {
    "ItemsInOrder": {
      "1": {
        "ItemSerial": 1,
        "Category": "Men",
        "ItemName": "T SHIRT",
        "ItemNamePk": "13",
        "WashType": "DryWash",
        "WashTypePk": "13",
        "locationPk": "Vizag",
        "location": "Vizag",
        "Pcs": 1,
        "Rate": 60,
        "DisPer": 0,
        "AddOn": "0-0",
        "DeliveryDateTime": "2024-03-18T14:25:48",
        "Total": 60
      },
      "2": {
        "ItemSerial": 2,
        "Category": "Women",
        "ItemName": "WORK TOP",
        "ItemNamePk": "46",
        "WashType": "DryWash",
        "WashTypePk": "46",
        "locationPk": "Vizag",
        "location": "Vizag",
        "Pcs": 1,
        "Rate": 200,
        "DisPer": 0,
        "AddOn": "0-0",
        "DeliveryDateTime": "2024-03-18T14:25:52",
        "Total": 200
      }
    },
    "CustomerData": {
      "CustomerName": "vrara",
      "CustomerMobile": "9391609045"
    },
    "OrderData": {
      "BranchName": "AutoNagar",
      "Currentdateandtime": "2024-03-11T14:25:48"
    },
    "AddOnData": {},
    "CheckOutData": {
      "1": {
        "RoundOff": -0.46,
        "CashAmount": 291,
        "CardAmount": 0,
        "UPIAmount": 0,
        "DiscountPer": 5,
        "GstData": {
          "DiscountAmount": 13,
          "CGST": 22.23,
          "SGST": 22.23
        }
      }
    },
    "UuId": 8,
    "pk": 8,
    "DateTime": "2024-03-11T08:56:34.438Z"
  },
  {
    "ItemsInOrder": {
      "1": {
        "ItemSerial": 1,
        "Category": "Women",
        "ItemName": "TOP(NORMAL)",
        "ItemNamePk": "43",
        "WashType": "DryWash",
        "WashTypePk": "43",
        "locationPk": "Vizag",
        "location": "Vizag",
        "Pcs": 1,
        "Rate": 130,
        "DisPer": 0,
        "AddOn": "0-0",
        "DeliveryDateTime": "2024-03-18T14:33:56",
        "Total": 130
      },
      "2": {
        "ItemSerial": 2,
        "Category": "Kids",
        "ItemName": "K SHORT",
        "ItemNamePk": "81",
        "WashType": "DryWash",
        "WashTypePk": "81",
        "locationPk": "Vizag",
        "location": "Vizag",
        "Pcs": 1,
        "Rate": 30,
        "DisPer": 0,
        "AddOn": "0-0",
        "DeliveryDateTime": "2024-03-18T14:34:28",
        "Total": 30
      },
      "3": {
        "ItemSerial": 3,
        "Category": "Others",
        "ItemName": "BLANKET(DOUBLE)",
        "ItemNamePk": "97",
        "WashType": "DryWash",
        "WashTypePk": "97",
        "locationPk": "Vizag",
        "location": "Vizag",
        "Pcs": 1,
        "Rate": 350,
        "DisPer": 0,
        "AddOn": "0-0",
        "DeliveryDateTime": "2024-03-18T14:34:55",
        "Total": 350
      },
      "4": {
        "ItemSerial": 4,
        "Category": "Kids",
        "ItemName": "BLAZER",
        "ItemNamePk": "83",
        "WashType": "DryWash",
        "WashTypePk": "83",
        "locationPk": "Vizag",
        "location": "Vizag",
        "Pcs": 1,
        "Rate": 200,
        "DisPer": 0,
        "AddOn": "0-0",
        "DeliveryDateTime": "2024-03-18T14:35:07",
        "Total": 200
      }
    },
    "CustomerData": {
      "CustomerName": "vara laxmi",
      "CustomerMobile": "8186887672"
    },
    "OrderData": {
      "BranchName": "AutoNagar",
      "Currentdateandtime": "2024-03-11T14:33:56"
    },
    "AddOnData": {
      "1": {
        "AddOnService": "m str",
        "AddOnRate": 0,
        "AddOnItemSerial": 1,
        "AddOnImageSerial": ""
      }
    },
    "CheckOutData": {
      "1": {
        "RoundOff": -0.02,
        "CashAmount": 754,
        "CardAmount": 0,
        "UPIAmount": 0,
        "DiscountPer": 10,
        "GstData": {
          "DiscountAmount": 71,
          "CGST": 57.51,
          "SGST": 57.51
        }
      }
    },
    "UuId": 9,
    "pk": 9,
    "DateTime": "2024-03-11T09:05:09.794Z"
  },
  {
    "ItemsInOrder": {
      "1": {
        "ItemSerial": 1,
        "Category": "Men",
        "ItemName": "SILK SHIRT",
        "ItemNamePk": "9",
        "WashType": "DryWash",
        "WashTypePk": "9",
        "locationPk": "Vizag",
        "location": "Vizag",
        "Pcs": 1,
        "Rate": 80,
        "DisPer": 0,
        "AddOn": "0-0",
        "DeliveryDateTime": "2024-03-18T14:50:32",
        "Total": 80
      }
    },
    "CustomerData": {
      "CustomerName": "prasanth",
      "CustomerMobile": "6300016308"
    },
    "OrderData": {
      "BranchName": "AutoNagar",
      "Currentdateandtime": "2024-03-11T14:50:32"
    },
    "AddOnData": {},
    "CheckOutData": {
      "1": {
        "RoundOff": -0.4,
        "CashAmount": 94,
        "CardAmount": 0,
        "UPIAmount": 0,
        "DiscountPer": 0,
        "GstData": {
          "DiscountAmount": 0,
          "CGST": 7.2,
          "SGST": 7.2
        }
      }
    },
    "UuId": 10,
    "pk": 10,
    "DateTime": "2024-03-11T09:21:26.758Z"
  },
  {
    "ItemsInOrder": {
      "1": {
        "ItemSerial": 1,
        "Category": "Men",
        "ItemName": "TROUSER",
        "ItemNamePk": "12",
        "WashType": "DryWash",
        "WashTypePk": "12",
        "locationPk": "Vizag",
        "location": "Vizag",
        "Pcs": 1,
        "Rate": 50,
        "DisPer": 0,
        "AddOn": "0-0",
        "DeliveryDateTime": "2024-03-18T14:52:05",
        "Total": 50
      },
      "2": {
        "ItemSerial": 2,
        "Category": "Kids",
        "ItemName": "JEAN",
        "ItemNamePk": "77",
        "WashType": "DryWash",
        "WashTypePk": "77",
        "locationPk": "Vizag",
        "location": "Vizag",
        "Pcs": 1,
        "Rate": 40,
        "DisPer": 0,
        "AddOn": "0-0",
        "DeliveryDateTime": "2024-03-18T14:52:13",
        "Total": 40
      },
      "3": {
        "ItemSerial": 3,
        "Category": "Kids",
        "ItemName": "BLAZER",
        "ItemNamePk": "83",
        "WashType": "DryWash",
        "WashTypePk": "83",
        "locationPk": "Vizag",
        "location": "Vizag",
        "Pcs": 1,
        "Rate": 200,
        "DisPer": 0,
        "AddOn": "0-0",
        "DeliveryDateTime": "2024-03-18T14:52:21",
        "Total": 200
      }
    },
    "CustomerData": {
      "CustomerName": "chitti babu",
      "CustomerMobile": "8639394804"
    },
    "OrderData": {
      "BranchName": "AutoNagar",
      "Currentdateandtime": "2024-03-11T14:52:05"
    },
    "AddOnData": {},
    "CheckOutData": {
      "1": {
        "RoundOff": -0.2,
        "CashAmount": 0,
        "CardAmount": 342,
        "UPIAmount": 0,
        "DiscountPer": 0,
        "GstData": {
          "DiscountAmount": 0,
          "CGST": 26.1,
          "SGST": 26.1
        }
      }
    },
    "UuId": 11,
    "pk": 11,
    "DateTime": "2024-03-11T09:22:55.421Z"
  },
  {
    "ItemsInOrder": {
      "1": {
        "ItemSerial": 1,
        "Category": "Women",
        "ItemName": "LONG TOP",
        "ItemNamePk": "45",
        "WashType": "DryWash",
        "WashTypePk": "45",
        "locationPk": "Vizag",
        "location": "Vizag",
        "Pcs": 1,
        "Rate": 200,
        "DisPer": 0,
        "AddOn": "0-0",
        "DeliveryDateTime": "2024-03-18T14:54:47",
        "Total": 200
      }
    },
    "CustomerData": {
      "CustomerName": "prasanna",
      "CustomerMobile": "7326549870"
    },
    "OrderData": {
      "BranchName": "AutoNagar",
      "Currentdateandtime": "2024-03-11T14:54:47"
    },
    "AddOnData": {},
    "CheckOutData": {
      "1": {
        "RoundOff": 0,
        "CashAmount": 0,
        "CardAmount": 0,
        "UPIAmount": 236,
        "DiscountPer": 0,
        "GstData": {
          "DiscountAmount": 0,
          "CGST": 18,
          "SGST": 18
        }
      }
    },
    "UuId": 12,
    "pk": 12,
    "DateTime": "2024-03-11T09:25:39.990Z"
  },
  {
    "ItemsInOrder": {
      "1": {
        "ItemSerial": 1,
        "Category": "Men",
        "ItemName": "M Jean",
        "ItemNamePk": "7",
        "WashType": "DryWash",
        "WashTypePk": "7",
        "locationPk": "Vizag",
        "location": "Vizag",
        "Pcs": 1,
        "Rate": 50,
        "DisPer": 0,
        "AddOn": "0-0",
        "DeliveryDateTime": "2024-03-18T14:55:59",
        "Total": 50
      },
      "2": {
        "ItemSerial": 2,
        "Category": "Women",
        "ItemName": "LONG FROCK",
        "ItemNamePk": "11",
        "WashType": "DryWash",
        "WashTypePk": "11",
        "locationPk": "Vizag",
        "location": "Vizag",
        "Pcs": 1,
        "Rate": 350,
        "DisPer": 0,
        "AddOn": "0-0",
        "DeliveryDateTime": "2024-03-18T14:56:06",
        "Total": 350
      },
      "3": {
        "ItemSerial": 3,
        "Category": "Kids",
        "ItemName": "KURTHA",
        "ItemNamePk": "79",
        "WashType": "DryWash",
        "WashTypePk": "79",
        "locationPk": "Vizag",
        "location": "Vizag",
        "Pcs": 1,
        "Rate": 50,
        "DisPer": 0,
        "AddOn": "0-0",
        "DeliveryDateTime": "2024-03-18T14:56:14",
        "Total": 50
      }
    },
    "CustomerData": {
      "CustomerName": "bhavani",
      "CustomerMobile": "9866634595"
    },
    "OrderData": {
      "BranchName": "AutoNagar",
      "Currentdateandtime": "2024-03-11T14:55:59"
    },
    "AddOnData": {},
    "CheckOutData": {
      "1": {
        "RoundOff": 0,
        "CashAmount": 0,
        "CardAmount": 531,
        "UPIAmount": 0,
        "DiscountPer": 0,
        "GstData": {
          "DiscountAmount": 0,
          "CGST": 40.5,
          "SGST": 40.5
        }
      }
    },
    "UuId": 13,
    "pk": 13,
    "DateTime": "2024-03-11T09:26:48.318Z"
  },
  {
    "ItemsInOrder": {
      "1": {
        "ItemSerial": 1,
        "Category": "Men",
        "ItemName": "SILK SHIRT",
        "ItemNamePk": "9",
        "WashType": "DryWash",
        "WashTypePk": "9",
        "locationPk": "Vizag",
        "location": "Vizag",
        "Pcs": 1,
        "Rate": 80,
        "DisPer": 0,
        "AddOn": "0-0",
        "DeliveryDateTime": "2024-03-18T19:13:52",
        "Total": 80
      }
    },
    "CustomerData": {
      "CustomerName": "bhavani",
      "CustomerMobile": "7013865284"
    },
    "OrderData": {
      "BranchName": "AutoNagar",
      "Currentdateandtime": "2024-03-11T19:13:52"
    },
    "AddOnData": {},
    "CheckOutData": {
      "1": {
        "RoundOff": -0.4,
        "CashAmount": 0,
        "CardAmount": 94,
        "UPIAmount": 0,
        "DiscountPer": 0,
        "GstData": {
          "DiscountAmount": 0,
          "CGST": 7.2,
          "SGST": 7.2
        }
      }
    },
    "UuId": 14,
    "pk": 14,
    "DateTime": "2024-03-11T13:44:43.181Z"
  },
  {
    "ItemsInOrder": {
      "1": {
        "ItemSerial": 1,
        "Category": "Men",
        "ItemName": "TROUSER",
        "ItemNamePk": "12",
        "WashType": "DryWash",
        "WashTypePk": "12",
        "locationPk": "Vizag",
        "location": "Vizag",
        "Pcs": 5,
        "Rate": 50,
        "DisPer": 0,
        "AddOn": "0-0",
        "DeliveryDateTime": "2024-03-18T19:15:57",
        "Total": 250
      },
      "2": {
        "ItemSerial": 2,
        "Category": "Men",
        "ItemName": "M Shart",
        "ItemNamePk": "1",
        "WashType": "DryWash",
        "WashTypePk": "1",
        "locationPk": "Vizag",
        "location": "Vizag",
        "Pcs": 1,
        "Rate": 45,
        "DisPer": 0,
        "AddOn": "0-0",
        "DeliveryDateTime": "2024-03-18T19:16:11",
        "Total": 45
      }
    },
    "CustomerData": {
      "CustomerName": "raju",
      "CustomerMobile": "8245612375"
    },
    "OrderData": {
      "BranchName": "AutoNagar",
      "Currentdateandtime": "2024-03-11T19:15:57"
    },
    "AddOnData": {},
    "CheckOutData": {
      "1": {
        "RoundOff": -0.1,
        "CashAmount": 348,
        "CardAmount": 0,
        "UPIAmount": 0,
        "DiscountPer": 0,
        "GstData": {
          "DiscountAmount": 0,
          "CGST": 26.55,
          "SGST": 26.55
        }
      }
    },
    "UuId": 15,
    "pk": 15,
    "DateTime": "2024-03-11T13:46:53.079Z"
  },
  {
    "ItemsInOrder": {
      "1": {
        "ItemSerial": 1,
        "Category": "Women",
        "ItemName": "W Saree",
        "ItemNamePk": "5",
        "WashType": "DryWash",
        "WashTypePk": "5",
        "locationPk": "Vizag",
        "location": "Vizag",
        "Pcs": 5,
        "Rate": 60,
        "DisPer": 0,
        "AddOn": "0-0",
        "DeliveryDateTime": "2024-03-18T19:17:33",
        "Total": 300
      }
    },
    "CustomerData": {
      "CustomerName": "bhavani",
      "CustomerMobile": "7013865284"
    },
    "OrderData": {
      "BranchName": "AutoNagar",
      "Currentdateandtime": "2024-03-11T19:17:33"
    },
    "AddOnData": {
      "1": {
        "AddOnService": "H STR",
        "AddOnRate": 10,
        "AddOnItemSerial": 1,
        "AddOnImageSerial": ""
      }
    },
    "CheckOutData": {
      "1": {
        "RoundOff": 0.2,
        "CashAmount": 366,
        "CardAmount": 0,
        "UPIAmount": 0,
        "DiscountPer": 0,
        "GstData": {
          "DiscountAmount": 0,
          "CGST": 27.9,
          "SGST": 27.9
        }
      }
    },
    "UuId": 16,
    "pk": 16,
    "DateTime": "2024-03-11T13:48:34.658Z"
  },
  {
    "ItemsInOrder": {
      "1": {
        "ItemSerial": 1,
        "Category": "Men",
        "ItemName": "KURTHA(NORMAL)",
        "ItemNamePk": "14",
        "WashType": "DryWash",
        "WashTypePk": "14",
        "locationPk": "Vizag",
        "location": "Vizag",
        "Pcs": 1,
        "Rate": 150,
        "DisPer": 0,
        "AddOn": "0-0",
        "DeliveryDateTime": "2024-03-18T19:19:13",
        "Total": 150
      },
      "2": {
        "ItemSerial": 2,
        "Category": "Men",
        "ItemName": "M Shart",
        "ItemNamePk": "1",
        "WashType": "DryWash",
        "WashTypePk": "1",
        "locationPk": "Vizag",
        "location": "Vizag",
        "Pcs": 10,
        "Rate": 45,
        "DisPer": 0,
        "AddOn": "0-0",
        "DeliveryDateTime": "2024-03-18T19:19:38",
        "Total": 450
      }
    },
    "CustomerData": {
      "CustomerName": "M RAJU",
      "CustomerMobile": "9701348081"
    },
    "OrderData": {
      "BranchName": "AutoNagar",
      "Currentdateandtime": "2024-03-11T19:19:13"
    },
    "AddOnData": {
      "1": {
        "AddOnService": "m str",
        "AddOnRate": 0,
        "AddOnItemSerial": 1,
        "AddOnImageSerial": ""
      }
    },
    "CheckOutData": {
      "1": {
        "RoundOff": 0,
        "CashAmount": 0,
        "CardAmount": 708,
        "UPIAmount": 0,
        "DiscountPer": 0,
        "GstData": {
          "DiscountAmount": 0,
          "CGST": 54,
          "SGST": 54
        }
      }
    },
    "UuId": 17,
    "pk": 17,
    "DateTime": "2024-03-11T13:50:08.050Z"
  }
]