[
  {
    "ItemsInOrder": {
      "1": {
        "ItemSerial": 1,
        "Category": "Men",
        "ItemName": "M Pant",
        "ItemNamePk": "2",
        "WashType": "DryWash",
        "WashTypePk": "2",
        "locationPk": "Vizag",
        "location": "Vizag",
        "Pcs": 1,
        "Rate": 50,
        "DisPer": 0,
        "AddOn": "0-0",
        "DeliveryDateTime": "2024-03-20T12:21:09",
        "Total": 50
      },
      "2": {
        "ItemSerial": 2,
        "Category": "Women",
        "ItemName": "NET TOP",
        "ItemNamePk": "44",
        "WashType": "DryWash",
        "WashTypePk": "44",
        "locationPk": "Vizag",
        "location": "Vizag",
        "Pcs": 1,
        "Rate": 200,
        "DisPer": 0,
        "AddOn": "0-0",
        "DeliveryDateTime": "2024-03-20T12:21:16",
        "Total": 200
      },
      "3": {
        "ItemSerial": 3,
        "Category": "Others",
        "ItemName": "BED SHEET(SINGLE)",
        "ItemNamePk": "94",
        "WashType": "DryWash",
        "WashTypePk": "94",
        "locationPk": "Vizag",
        "location": "Vizag",
        "Pcs": 1,
        "Rate": 80,
        "DisPer": 0,
        "AddOn": "0-0",
        "DeliveryDateTime": "2024-03-20T12:21:26",
        "Total": 80
      }
    },
    "CustomerData": {
      "CustomerName": "nauiugh",
      "CustomerMobile": "8978780346"
    },
    "OrderData": {
      "BranchName": "Gurudwar",
      "Currentdateandtime": "2024-03-13T12:21:09"
    },
    "AddOnData": {
      "1": {
        "AddOnService": "polishing",
        "AddOnRate": 70,
        "AddOnItemSerial": 2,
        "AddOnImageSerial": ""
      }
    },
    "CheckOutData": {
      "1": {
        "RoundOff": -0.4,
        "CashAmount": 400,
        "CardAmount": 48,
        "UPIAmount": 0,
        "DiscountPer": 5,
        "GstData": {
          "DiscountAmount": 20,
          "CGST": 34.2,
          "SGST": 34.2
        }
      }
    },
    "UuId": 1,
    "pk": 1,
    "DateTime": "2024-03-13T06:51:06.748Z"
  }
]