[
  {
    "ItemsInOrder": {
      "1": {
        "ItemSerial": 1,
        "Category": "Men",
        "ItemName": "M Jean",
        "ItemNamePk": "7",
        "WashType": "DryWash",
        "WashTypePk": "7",
        "locationPk": "Vizag",
        "location": "Vizag",
        "Pcs": 1,
        "Rate": 60,
        "DisPer": 0,
        "AddOn": "0-0",
        "DeliveryDateTime": "2024-03-14T15:00:18",
        "Total": 60
      },
      "2": {
        "ItemSerial": 2,
        "Category": "Men",
        "ItemName": "M Shart",
        "ItemNamePk": "1",
        "WashType": "DryWash",
        "WashTypePk": "1",
        "locationPk": "Vizag",
        "location": "Vizag",
        "Pcs": 16,
        "Rate": 60,
        "DisPer": 0,
        "AddOn": "0-0",
        "DeliveryDateTime": "2024-03-14T15:00:59",
        "Total": 960
      },
      "3": {
        "ItemSerial": 3,
        "Category": "Men",
        "ItemName": "M Shart",
        "ItemNamePk": "1",
        "WashType": "DryWash",
        "WashTypePk": "1",
        "locationPk": "Vizag",
        "location": "Vizag",
        "Pcs": 1,
        "Rate": 200,
        "DisPer": 0,
        "AddOn": "0-0",
        "DeliveryDateTime": "2024-03-14T15:04:23",
        "Total": 200
      }
    },
    "CustomerData": {
      "CustomerName": "LAKSHMAN",
      "CustomerMobile": "9849177018"
    },
    "OrderData": {
      "BranchName": "IndustrialArea",
      "Currentdateandtime": "2024-03-07T14:57:55"
    },
    "AddOnData": {
      "1": {
        "AddOnService": "stains",
        "AddOnRate": 0,
        "AddOnItemSerial": 1,
        "AddOnImageSerial": ""
      },
      "2": {
        "AddOnService": "m str",
        "AddOnRate": 0,
        "AddOnItemSerial": 2,
        "AddOnImageSerial": ""
      }
    },
    "CheckOutData": {},
    "UuId": 1,
    "pk": 1,
    "DateTime": "2024-03-07T09:30:10.250Z"
  },
  {
    "ItemsInOrder": {
      "1": {
        "ItemSerial": 1,
        "Category": "Men",
        "ItemName": "M Shart",
        "ItemNamePk": "1",
        "WashType": "DryWash",
        "WashTypePk": "1",
        "locationPk": "Vizag",
        "location": "Vizag",
        "Pcs": 1,
        "Rate": 45,
        "DisPer": 0,
        "AddOn": "0-0",
        "DeliveryDateTime": "2024-03-14T16:08:46",
        "Total": 45
      }
    },
    "CustomerData": {
      "CustomerName": "AC REDDY",
      "CustomerMobile": "9391587829"
    },
    "OrderData": {
      "BranchName": "IndustrialArea",
      "Currentdateandtime": "2024-03-07T15:22:26"
    },
    "AddOnData": {},
    "CheckOutData": {},
    "UuId": 2,
    "pk": 2,
    "DateTime": "2024-03-07T09:53:00.817Z"
  },
  {
    "ItemsInOrder": {
      "1": {
        "ItemSerial": 1,
        "Category": "Men",
        "ItemName": "M Shart",
        "ItemNamePk": "1",
        "WashType": "DryWash",
        "WashTypePk": "1",
        "locationPk": "Vizag",
        "location": "Vizag",
        "Pcs": 2,
        "Rate": 60,
        "DisPer": 0,
        "AddOn": "0-0",
        "DeliveryDateTime": "2024-03-14T15:29:08",
        "Total": 120
      },
      "2": {
        "ItemSerial": 2,
        "Category": "Men",
        "ItemName": "M Pant",
        "ItemNamePk": "2",
        "WashType": "DryWash",
        "WashTypePk": "2",
        "locationPk": "Vizag",
        "location": "Vizag",
        "Pcs": 2,
        "Rate": 50,
        "DisPer": 0,
        "AddOn": "0-0",
        "DeliveryDateTime": "2024-03-14T15:29:36",
        "Total": 100
      }
    },
    "CustomerData": {
      "CustomerName": "AC REDDY",
      "CustomerMobile": "9391587829"
    },
    "OrderData": {
      "BranchName": "IndustrialArea",
      "Currentdateandtime": "2024-03-07T15:29:08"
    },
    "AddOnData": {
      "1": {
        "AddOnService": "stains",
        "AddOnRate": 0,
        "AddOnItemSerial": 1,
        "AddOnImageSerial": ""
      },
      "2": {
        "AddOnService": "stains",
        "AddOnRate": 10,
        "AddOnItemSerial": 2,
        "AddOnImageSerial": ""
      }
    },
    "CheckOutData": {
      "1": {
        "RoundOff": -0.4,
        "CashAmount": 271,
        "CardAmount": 0,
        "UPIAmount": 0,
        "DiscountPer": 0,
        "GstData": {
          "DiscountAmount": 0,
          "CGST": 20.7,
          "SGST": 20.7
        }
      },
      "2": {
        "RoundOff": -0.4,
        "CashAmount": 271,
        "CardAmount": 0,
        "UPIAmount": 0,
        "DiscountPer": 0,
        "GstData": {
          "DiscountAmount": 0,
          "CGST": 20.7,
          "SGST": 20.7
        }
      },
      "3": {
        "RoundOff": -0.4,
        "CashAmount": 271,
        "CardAmount": 0,
        "UPIAmount": 0,
        "DiscountPer": 0,
        "GstData": {
          "DiscountAmount": 0,
          "CGST": 20.7,
          "SGST": 20.7
        }
      }
    },
    "UuId": 3,
    "pk": 3,
    "DateTime": "2024-03-07T09:59:24.686Z"
  },
  {
    "ItemsInOrder": {
      "1": {
        "ItemSerial": 1,
        "Category": "Men",
        "ItemName": "M Shart",
        "ItemNamePk": "1",
        "WashType": "DryWash",
        "WashTypePk": "1",
        "locationPk": "Vizag",
        "location": "Vizag",
        "Pcs": 16,
        "Rate": 60,
        "DisPer": 0,
        "AddOn": "0-0",
        "DeliveryDateTime": "2024-03-14T15:48:43",
        "Total": 960
      },
      "2": {
        "ItemSerial": 2,
        "Category": "Men",
        "ItemName": "M Jean",
        "ItemNamePk": "7",
        "WashType": "DryWash",
        "WashTypePk": "7",
        "locationPk": "Vizag",
        "location": "Vizag",
        "Pcs": 1,
        "Rate": 60,
        "DisPer": 0,
        "AddOn": "0-0",
        "DeliveryDateTime": "2024-03-14T15:49:18",
        "Total": 60
      }
    },
    "CustomerData": {
      "CustomerName": "LAKSHMAN",
      "CustomerMobile": "9849177018"
    },
    "OrderData": {
      "BranchName": "IndustrialArea",
      "Currentdateandtime": "2024-03-07T15:48:43"
    },
    "AddOnData": {
      "1": {
        "AddOnService": "stains",
        "AddOnRate": 0,
        "AddOnItemSerial": 1,
        "AddOnImageSerial": ""
      },
      "2": {
        "AddOnService": "stains",
        "AddOnRate": 0,
        "AddOnItemSerial": 2,
        "AddOnImageSerial": ""
      }
    },
    "CheckOutData": {
      "1": {
        "RoundOff": 0.4,
        "CashAmount": 1204,
        "CardAmount": 0,
        "UPIAmount": 0,
        "DiscountPer": 0,
        "GstData": {
          "DiscountAmount": 0,
          "CGST": 91.8,
          "SGST": 91.8
        }
      },
      "2": {
        "RoundOff": 0.4,
        "CashAmount": 1204,
        "CardAmount": 0,
        "UPIAmount": 0,
        "DiscountPer": 0,
        "GstData": {
          "DiscountAmount": 0,
          "CGST": 91.8,
          "SGST": 91.8
        }
      },
      "3": {
        "RoundOff": 0.4,
        "CashAmount": 1204,
        "CardAmount": 0,
        "UPIAmount": 0,
        "DiscountPer": 0,
        "GstData": {
          "DiscountAmount": 0,
          "CGST": 91.8,
          "SGST": 91.8
        }
      },
      "4": {
        "RoundOff": 0.4,
        "CashAmount": 1204,
        "CardAmount": 0,
        "UPIAmount": 0,
        "DiscountPer": 0,
        "GstData": {
          "DiscountAmount": 0,
          "CGST": 91.8,
          "SGST": 91.8
        }
      }
    },
    "UuId": 4,
    "pk": 4,
    "DateTime": "2024-03-07T10:19:09.126Z"
  },
  {
    "ItemsInOrder": {
      "1": {
        "ItemSerial": 1,
        "Category": "Women",
        "ItemName": "W Saree",
        "ItemNamePk": "5",
        "WashType": "DryWash",
        "WashTypePk": "5",
        "locationPk": "Vizag",
        "location": "Vizag",
        "Pcs": 1,
        "Rate": 400,
        "DisPer": 0,
        "AddOn": "0-0",
        "DeliveryDateTime": "2024-03-14T15:56:04",
        "Total": 400
      },
      "2": {
        "ItemSerial": 2,
        "Category": "Men",
        "ItemName": "M Shart",
        "ItemNamePk": "1",
        "WashType": "DryWash",
        "WashTypePk": "1",
        "locationPk": "Vizag",
        "location": "Vizag",
        "Pcs": 1,
        "Rate": 60,
        "DisPer": 0,
        "AddOn": "0-0",
        "DeliveryDateTime": "2024-03-14T15:56:35",
        "Total": 60
      }
    },
    "CustomerData": {
      "CustomerName": "ANILKUMAR",
      "CustomerMobile": "9248023021"
    },
    "OrderData": {
      "BranchName": "IndustrialArea",
      "Currentdateandtime": "2024-03-07T15:56:04"
    },
    "AddOnData": {
      "1": {
        "AddOnService": "Petrol Wash Medium",
        "AddOnRate": 0,
        "AddOnItemSerial": 1,
        "AddOnImageSerial": ""
      },
      "2": {
        "AddOnService": "stains",
        "AddOnRate": 0,
        "AddOnItemSerial": 2,
        "AddOnImageSerial": ""
      }
    },
    "CheckOutData": {
      "1": {
        "RoundOff": 0.2,
        "CashAmount": 543,
        "CardAmount": 0,
        "UPIAmount": 0,
        "DiscountPer": 0,
        "GstData": {
          "DiscountAmount": 0,
          "CGST": 41.4,
          "SGST": 41.4
        }
      }
    },
    "UuId": 5,
    "pk": 5,
    "DateTime": "2024-03-07T10:26:25.214Z"
  },
  {
    "ItemsInOrder": {
      "2": {
        "ItemSerial": 2,
        "Category": "Women",
        "ItemName": "BLOUSE",
        "ItemNamePk": "64",
        "WashType": "DryWash",
        "WashTypePk": "64",
        "locationPk": "Vizag",
        "location": "Vizag",
        "Pcs": 2,
        "Rate": 100,
        "DisPer": 0,
        "AddOn": "0-0",
        "DeliveryDateTime": "2024-03-16T14:21:57",
        "Total": 200
      },
      "4": {
        "ItemSerial": 2,
        "Category": "Women",
        "ItemName": "PATTU SAREE",
        "ItemNamePk": "59",
        "WashType": "DryWash",
        "WashTypePk": "59",
        "locationPk": "Vizag",
        "location": "Vizag",
        "Pcs": 2,
        "Rate": 400,
        "DisPer": 0,
        "AddOn": "0-0",
        "DeliveryDateTime": "2024-03-16T14:24:38",
        "Total": 800
      },
      "5": {
        "ItemSerial": 3,
        "Category": "Women",
        "ItemName": "SAREE",
        "ItemNamePk": "58",
        "WashType": "DryWash",
        "WashTypePk": "58",
        "locationPk": "Vizag",
        "location": "Vizag",
        "Pcs": 1,
        "Rate": 170,
        "DisPer": 0,
        "AddOn": "0-0",
        "DeliveryDateTime": "2024-03-16T14:26:50",
        "Total": 170
      },
      "6": {
        "ItemSerial": 4,
        "Category": "Women",
        "ItemName": "BLOUSE",
        "ItemNamePk": "64",
        "WashType": "DryWash",
        "WashTypePk": "64",
        "locationPk": "Vizag",
        "location": "Vizag",
        "Pcs": 1,
        "Rate": 30,
        "DisPer": 0,
        "AddOn": "0-0",
        "DeliveryDateTime": "2024-03-16T14:30:03",
        "Total": 30
      }
    },
    "CustomerData": {
      "CustomerName": "N SATYANARAYANA",
      "CustomerMobile": "9848598016"
    },
    "OrderData": {
      "BranchName": "IndustrialArea",
      "Currentdateandtime": "2024-03-09T14:18:10"
    },
    "AddOnData": {
      "1": {
        "AddOnService": "PW",
        "AddOnRate": 0,
        "AddOnItemSerial": 4,
        "AddOnImageSerial": ""
      },
      "2": {
        "AddOnService": "DW",
        "AddOnRate": 0,
        "AddOnItemSerial": 5,
        "AddOnImageSerial": ""
      },
      "3": {
        "AddOnService": "DW",
        "AddOnRate": 0,
        "AddOnItemSerial": 6,
        "AddOnImageSerial": ""
      }
    },
    "CheckOutData": {
      "1": {
        "RoundOff": 0,
        "CashAmount": 1416,
        "CardAmount": 0,
        "UPIAmount": 0,
        "DiscountPer": 0,
        "GstData": {
          "DiscountAmount": 0,
          "CGST": 108,
          "SGST": 108
        }
      },
      "2": {
        "RoundOff": 0,
        "CashAmount": 1416,
        "CardAmount": 0,
        "UPIAmount": 0,
        "DiscountPer": 0,
        "GstData": {
          "DiscountAmount": 0,
          "CGST": 108,
          "SGST": 108
        }
      }
    },
    "UuId": 6,
    "pk": 6,
    "DateTime": "2024-03-09T08:50:02.926Z"
  },
  {
    "ItemsInOrder": {
      "1": {
        "ItemSerial": 1,
        "Category": "Men",
        "ItemName": "M Shart",
        "ItemNamePk": "1",
        "WashType": "DryWash",
        "WashTypePk": "1",
        "locationPk": "Vizag",
        "location": "Vizag",
        "Pcs": 1,
        "Rate": 60,
        "DisPer": 0,
        "AddOn": "0-0",
        "DeliveryDateTime": "2024-03-16T14:48:15",
        "Total": 60
      },
      "2": {
        "ItemSerial": 2,
        "Category": "Men",
        "ItemName": "TROUSER",
        "ItemNamePk": "12",
        "WashType": "DryWash",
        "WashTypePk": "12",
        "locationPk": "Vizag",
        "location": "Vizag",
        "Pcs": 1,
        "Rate": 50,
        "DisPer": 0,
        "AddOn": "0-0",
        "DeliveryDateTime": "2024-03-16T14:49:06",
        "Total": 50
      }
    },
    "CustomerData": {
      "CustomerName": "KRISHNARAO",
      "CustomerMobile": "9393113242"
    },
    "OrderData": {
      "BranchName": "IndustrialArea",
      "Currentdateandtime": "2024-03-09T14:48:15"
    },
    "AddOnData": {
      "1": {
        "AddOnService": "m str",
        "AddOnRate": 0,
        "AddOnItemSerial": 1,
        "AddOnImageSerial": ""
      },
      "2": {
        "AddOnService": "m str",
        "AddOnRate": 0,
        "AddOnItemSerial": 2,
        "AddOnImageSerial": ""
      }
    },
    "CheckOutData": {
      "1": {
        "RoundOff": 0.2,
        "CashAmount": 130,
        "CardAmount": 0,
        "UPIAmount": 0,
        "DiscountPer": 0,
        "GstData": {
          "DiscountAmount": 0,
          "CGST": 9.9,
          "SGST": 9.9
        }
      }
    },
    "UuId": 7,
    "pk": 7,
    "DateTime": "2024-03-09T09:18:50.659Z"
  },
  {
    "ItemsInOrder": {
      "1": {
        "ItemSerial": 1,
        "Category": "Women",
        "ItemName": "LONG TOP",
        "ItemNamePk": "45",
        "WashType": "DryWash",
        "WashTypePk": "45",
        "locationPk": "Vizag",
        "location": "Vizag",
        "Pcs": 1,
        "Rate": 250,
        "DisPer": 0,
        "AddOn": "0-0",
        "DeliveryDateTime": "2024-03-16T14:52",
        "Total": 250
      },
      "2": {
        "ItemSerial": 2,
        "Category": "Men",
        "ItemName": "DUPATTA",
        "ItemNamePk": "39",
        "WashType": "DryWash",
        "WashTypePk": "39",
        "locationPk": "Vizag",
        "location": "Vizag",
        "Pcs": 1,
        "Rate": 70,
        "DisPer": 0,
        "AddOn": "0-0",
        "DeliveryDateTime": "2024-03-16T15:01:21",
        "Total": 70
      }
    },
    "CustomerData": {
      "CustomerName": "P SRINIVASRAO",
      "CustomerMobile": "9866121797"
    },
    "OrderData": {
      "BranchName": "IndustrialArea",
      "Currentdateandtime": "2024-03-09T14:52"
    },
    "AddOnData": {
      "1": {
        "AddOnService": "PW",
        "AddOnRate": 0,
        "AddOnItemSerial": 1,
        "AddOnImageSerial": ""
      },
      "2": {
        "AddOnService": "stains",
        "AddOnRate": 0,
        "AddOnItemSerial": 2,
        "AddOnImageSerial": ""
      },
      "3": {
        "AddOnService": "DW",
        "AddOnRate": 0,
        "AddOnItemSerial": 2,
        "AddOnImageSerial": ""
      }
    },
    "CheckOutData": {
      "1": {
        "RoundOff": 0.4,
        "CashAmount": 378,
        "CardAmount": 0,
        "UPIAmount": 0,
        "DiscountPer": 0,
        "GstData": {
          "DiscountAmount": 0,
          "CGST": 28.8,
          "SGST": 28.8
        }
      }
    },
    "UuId": 8,
    "pk": 8,
    "DateTime": "2024-03-09T09:22:39.488Z"
  },
  {
    "ItemsInOrder": {
      "1": {
        "ItemSerial": 1,
        "Category": "Men",
        "ItemName": "M Shart",
        "ItemNamePk": "1",
        "WashType": "DryWash",
        "WashTypePk": "1",
        "locationPk": "Vizag",
        "location": "Vizag",
        "Pcs": 1,
        "Rate": 60,
        "DisPer": 0,
        "AddOn": "0-0",
        "DeliveryDateTime": "2024-03-16T15:03:45",
        "Total": 60
      }
    },
    "CustomerData": {
      "CustomerName": "REDDY KRI",
      "CustomerMobile": "0147258369"
    },
    "OrderData": {
      "BranchName": "IndustrialArea",
      "Currentdateandtime": "2024-03-09T15:03:45"
    },
    "AddOnData": {},
    "CheckOutData": {},
    "UuId": 9,
    "pk": 9,
    "DateTime": "2024-03-09T09:35:05.766Z"
  },
  {
    "ItemsInOrder": {
      "1": {
        "ItemSerial": 1,
        "Category": "Women",
        "ItemName": "TOP(NORMAL)",
        "ItemNamePk": "43",
        "WashType": "DryWash",
        "WashTypePk": "43",
        "locationPk": "Vizag",
        "location": "Vizag",
        "Pcs": 1,
        "Rate": 130,
        "DisPer": 0,
        "AddOn": "0-0",
        "DeliveryDateTime": "2024-03-16T15:19:02",
        "Total": 130
      }
    },
    "CustomerData": {
      "CustomerName": "REDDY KRI",
      "CustomerMobile": "0147258369"
    },
    "OrderData": {
      "BranchName": "IndustrialArea",
      "Currentdateandtime": "2024-03-09T15:19:02"
    },
    "AddOnData": {
      "1": {
        "AddOnService": "DW",
        "AddOnRate": 60,
        "AddOnItemSerial": 1,
        "AddOnImageSerial": ""
      },
      "2": {
        "AddOnService": "polishing",
        "AddOnRate": 50,
        "AddOnItemSerial": 1,
        "AddOnImageSerial": ""
      }
    },
    "CheckOutData": {},
    "UuId": 10,
    "pk": 10,
    "DateTime": "2024-03-09T09:35:28.817Z"
  },
  {
    "ItemsInOrder": {
      "1": {
        "ItemSerial": 1,
        "Category": "Women",
        "ItemName": "PATTU SAREE",
        "ItemNamePk": "59",
        "WashType": "DryWash",
        "WashTypePk": "59",
        "locationPk": "Vizag",
        "location": "Vizag",
        "Pcs": 5,
        "Rate": 400,
        "DisPer": 0,
        "AddOn": "0-0",
        "DeliveryDateTime": "2024-03-16T15:30:26",
        "Total": 2000
      },
      "2": {
        "ItemSerial": 2,
        "Category": "Women",
        "ItemName": "BLOUSE",
        "ItemNamePk": "64",
        "WashType": "DryWash",
        "WashTypePk": "64",
        "locationPk": "Vizag",
        "location": "Vizag",
        "Pcs": 4,
        "Rate": 100,
        "DisPer": 0,
        "AddOn": "0-0",
        "DeliveryDateTime": "2024-03-16T15:31:52",
        "Total": 400
      }
    },
    "CustomerData": {
      "CustomerName": "RAMALKSHMI",
      "CustomerMobile": "9515936440"
    },
    "OrderData": {
      "BranchName": "IndustrialArea",
      "Currentdateandtime": "2024-03-09T15:28:37"
    },
    "AddOnData": {
      "1": {
        "AddOnService": "PW",
        "AddOnRate": 0,
        "AddOnItemSerial": 1,
        "AddOnImageSerial": ""
      },
      "2": {
        "AddOnService": "stains",
        "AddOnRate": 0,
        "AddOnItemSerial": 1,
        "AddOnImageSerial": ""
      },
      "3": {
        "AddOnService": "stains",
        "AddOnRate": 0,
        "AddOnItemSerial": 2,
        "AddOnImageSerial": ""
      }
    },
    "CheckOutData": {
      "1": {
        "RoundOff": 0,
        "CashAmount": 2832,
        "CardAmount": 0,
        "UPIAmount": 0,
        "DiscountPer": 0,
        "GstData": {
          "DiscountAmount": 0,
          "CGST": 216,
          "SGST": 216
        }
      }
    },
    "UuId": 11,
    "pk": 11,
    "DateTime": "2024-03-09T09:59:21.599Z"
  },
  {
    "ItemsInOrder": {
      "1": {
        "ItemSerial": 1,
        "Category": "Men",
        "ItemName": "M Shart",
        "ItemNamePk": "1",
        "WashType": "DryWash",
        "WashTypePk": "1",
        "locationPk": "Vizag",
        "location": "Vizag",
        "Pcs": 5,
        "Rate": 60,
        "DisPer": 0,
        "AddOn": "0-0",
        "DeliveryDateTime": "2024-03-16T15:36:58",
        "Total": 300
      },
      "2": {
        "ItemSerial": 2,
        "Category": "Men",
        "ItemName": "M Jean",
        "ItemNamePk": "7",
        "WashType": "DryWash",
        "WashTypePk": "7",
        "locationPk": "Vizag",
        "location": "Vizag",
        "Pcs": 4,
        "Rate": 60,
        "DisPer": 0,
        "AddOn": "0-0",
        "DeliveryDateTime": "2024-03-16T15:37:59",
        "Total": 240
      },
      "3": {
        "ItemSerial": 3,
        "Category": "Men",
        "ItemName": "KURTHA(SILK)",
        "ItemNamePk": "16",
        "WashType": "DryWash",
        "WashTypePk": "16",
        "locationPk": "Vizag",
        "location": "Vizag",
        "Pcs": 1,
        "Rate": 125,
        "DisPer": 0,
        "AddOn": "0-0",
        "DeliveryDateTime": "2024-03-16T15:38:28",
        "Total": 125
      },
      "4": {
        "ItemSerial": 4,
        "Category": "Kids",
        "ItemName": "K Shart",
        "ItemNamePk": "3",
        "WashType": "DryWash",
        "WashTypePk": "3",
        "locationPk": "Vizag",
        "location": "Vizag",
        "Pcs": 4,
        "Rate": 30,
        "DisPer": 0,
        "AddOn": "0-0",
        "DeliveryDateTime": "2024-03-16T15:38:51",
        "Total": 120
      },
      "5": {
        "ItemSerial": 5,
        "Category": "Kids",
        "ItemName": "K Pant",
        "ItemNamePk": "4",
        "WashType": "DryWash",
        "WashTypePk": "4",
        "locationPk": "Vizag",
        "location": "Vizag",
        "Pcs": 2,
        "Rate": 20,
        "DisPer": 0,
        "AddOn": "0-0",
        "DeliveryDateTime": "2024-03-16T15:40:18",
        "Total": 40
      },
      "6": {
        "ItemSerial": 6,
        "Category": "Men",
        "ItemName": "T SHIRT",
        "ItemNamePk": "13",
        "WashType": "DryWash",
        "WashTypePk": "13",
        "locationPk": "Vizag",
        "location": "Vizag",
        "Pcs": 2,
        "Rate": 60,
        "DisPer": 0,
        "AddOn": "0-0",
        "DeliveryDateTime": "2024-03-16T15:40:56",
        "Total": 120
      }
    },
    "CustomerData": {
      "CustomerName": "RAJSEKHAR",
      "CustomerMobile": "9676441422"
    },
    "OrderData": {
      "BranchName": "IndustrialArea",
      "Currentdateandtime": "2024-03-09T15:36:58"
    },
    "AddOnData": {
      "1": {
        "AddOnService": "stains",
        "AddOnRate": 0,
        "AddOnItemSerial": 1,
        "AddOnImageSerial": ""
      },
      "2": {
        "AddOnService": "m str",
        "AddOnRate": 0,
        "AddOnItemSerial": 1,
        "AddOnImageSerial": ""
      },
      "3": {
        "AddOnService": "stains",
        "AddOnRate": 0,
        "AddOnItemSerial": 2,
        "AddOnImageSerial": ""
      },
      "4": {
        "AddOnService": "DW",
        "AddOnRate": 0,
        "AddOnItemSerial": 4,
        "AddOnImageSerial": ""
      },
      "5": {
        "AddOnService": "DW",
        "AddOnRate": 0,
        "AddOnItemSerial": 3,
        "AddOnImageSerial": ""
      },
      "6": {
        "AddOnService": "DW",
        "AddOnRate": 0,
        "AddOnItemSerial": 5,
        "AddOnImageSerial": ""
      },
      "7": {
        "AddOnService": "DW",
        "AddOnRate": 0,
        "AddOnItemSerial": 6,
        "AddOnImageSerial": ""
      }
    },
    "CheckOutData": {
      "1": {
        "RoundOff": -0.1,
        "CashAmount": 0,
        "CardAmount": 1115,
        "UPIAmount": 0,
        "DiscountPer": 0,
        "GstData": {
          "DiscountAmount": 0,
          "CGST": 85.05,
          "SGST": 85.05
        }
      }
    },
    "UuId": 12,
    "pk": 12,
    "DateTime": "2024-03-09T10:07:29.794Z"
  },
  {
    "ItemsInOrder": {
      "1": {
        "ItemSerial": 1,
        "Category": "Women",
        "ItemName": "W Saree",
        "ItemNamePk": "5",
        "WashType": "DryWash",
        "WashTypePk": "5",
        "locationPk": "Vizag",
        "location": "Vizag",
        "Pcs": 1,
        "Rate": 150,
        "DisPer": 0,
        "AddOn": "0-0",
        "DeliveryDateTime": "2024-03-16T15:43:39",
        "Total": 150
      }
    },
    "CustomerData": {
      "CustomerName": "SOMESH",
      "CustomerMobile": "9502482583"
    },
    "OrderData": {
      "BranchName": "IndustrialArea",
      "Currentdateandtime": "2024-03-09T15:43:39"
    },
    "AddOnData": {
      "1": {
        "AddOnService": "DW",
        "AddOnRate": 0,
        "AddOnItemSerial": 1,
        "AddOnImageSerial": ""
      }
    },
    "CheckOutData": {
      "1": {
        "RoundOff": 0,
        "CashAmount": 177,
        "CardAmount": 0,
        "UPIAmount": 0,
        "DiscountPer": 0,
        "GstData": {
          "DiscountAmount": 0,
          "CGST": 13.5,
          "SGST": 13.5
        }
      }
    },
    "UuId": 13,
    "pk": 13,
    "DateTime": "2024-03-09T10:13:56.916Z"
  },
  {
    "ItemsInOrder": {
      "1": {
        "ItemSerial": 1,
        "Category": "Women",
        "ItemName": "W Saree",
        "ItemNamePk": "5",
        "WashType": "DryWash",
        "WashTypePk": "5",
        "locationPk": "Vizag",
        "location": "Vizag",
        "Pcs": 2,
        "Rate": 400,
        "DisPer": 0,
        "AddOn": "0-0",
        "DeliveryDateTime": "2024-03-16T15:45:39",
        "Total": 800
      },
      "2": {
        "ItemSerial": 2,
        "Category": "Women",
        "ItemName": "BLOUSE",
        "ItemNamePk": "64",
        "WashType": "DryWash",
        "WashTypePk": "64",
        "locationPk": "Vizag",
        "location": "Vizag",
        "Pcs": 2,
        "Rate": 110,
        "DisPer": 0,
        "AddOn": "0-0",
        "DeliveryDateTime": "2024-03-16T15:46:07",
        "Total": 220
      },
      "3": {
        "ItemSerial": 3,
        "Category": "Women",
        "ItemName": "HEAVY WORK SAREE",
        "ItemNamePk": "60",
        "WashType": "DryWash",
        "WashTypePk": "60",
        "locationPk": "Vizag",
        "location": "Vizag",
        "Pcs": 1,
        "Rate": 250,
        "DisPer": 0,
        "AddOn": "0-0",
        "DeliveryDateTime": "2024-03-16T15:46:37",
        "Total": 250
      },
      "4": {
        "ItemSerial": 4,
        "Category": "Women",
        "ItemName": "PATTU SAREE",
        "ItemNamePk": "59",
        "WashType": "DryWash",
        "WashTypePk": "59",
        "locationPk": "Vizag",
        "location": "Vizag",
        "Pcs": 7,
        "Rate": 170,
        "DisPer": 0,
        "AddOn": "0-0",
        "DeliveryDateTime": "2024-03-16T15:47:17",
        "Total": 1190
      },
      "5": {
        "ItemSerial": 5,
        "Category": "Women",
        "ItemName": "BLOUSE",
        "ItemNamePk": "64",
        "WashType": "DryWash",
        "WashTypePk": "64",
        "locationPk": "Vizag",
        "location": "Vizag",
        "Pcs": 10,
        "Rate": 60,
        "DisPer": 0,
        "AddOn": "0-0",
        "DeliveryDateTime": "2024-03-16T15:47:53",
        "Total": 600
      },
      "6": {
        "ItemSerial": 6,
        "Category": "Women",
        "ItemName": "W Saree",
        "ItemNamePk": "5",
        "WashType": "DryWash",
        "WashTypePk": "5",
        "locationPk": "Vizag",
        "location": "Vizag",
        "Pcs": 2,
        "Rate": 140,
        "DisPer": 0,
        "AddOn": "0-0",
        "DeliveryDateTime": "2024-03-16T15:48:51",
        "Total": 280
      },
      "7": {
        "ItemSerial": 7,
        "Category": "Women",
        "ItemName": "BLOUSE",
        "ItemNamePk": "64",
        "WashType": "DryWash",
        "WashTypePk": "64",
        "locationPk": "Vizag",
        "location": "Vizag",
        "Pcs": 1,
        "Rate": 40,
        "DisPer": 0,
        "AddOn": "0-0",
        "DeliveryDateTime": "2024-03-16T15:50:18",
        "Total": 40
      }
    },
    "CustomerData": {
      "CustomerName": "S TEJASWARI",
      "CustomerMobile": "7382230309"
    },
    "OrderData": {
      "BranchName": "IndustrialArea",
      "Currentdateandtime": "2024-03-09T15:45:39"
    },
    "AddOnData": {
      "1": {
        "AddOnService": "PW",
        "AddOnRate": 0,
        "AddOnItemSerial": 1,
        "AddOnImageSerial": ""
      },
      "2": {
        "AddOnService": "PW",
        "AddOnRate": 0,
        "AddOnItemSerial": 2,
        "AddOnImageSerial": ""
      },
      "3": {
        "AddOnService": "DW",
        "AddOnRate": 0,
        "AddOnItemSerial": 3,
        "AddOnImageSerial": ""
      },
      "4": {
        "AddOnService": "stains",
        "AddOnRate": 0,
        "AddOnItemSerial": 4,
        "AddOnImageSerial": ""
      },
      "5": {
        "AddOnService": "stains",
        "AddOnRate": 0,
        "AddOnItemSerial": 5,
        "AddOnImageSerial": ""
      },
      "6": {
        "AddOnService": "DW",
        "AddOnRate": 0,
        "AddOnItemSerial": 6,
        "AddOnImageSerial": ""
      },
      "7": {
        "AddOnService": "stains",
        "AddOnRate": 0,
        "AddOnItemSerial": 7,
        "AddOnImageSerial": ""
      }
    },
    "CheckOutData": {
      "1": {
        "RoundOff": -0.4,
        "CashAmount": 3988,
        "CardAmount": 0,
        "UPIAmount": 0,
        "DiscountPer": 0,
        "GstData": {
          "DiscountAmount": 0,
          "CGST": 304.2,
          "SGST": 304.2
        }
      }
    },
    "UuId": 14,
    "pk": 14,
    "DateTime": "2024-03-09T10:16:02.007Z"
  },
  {
    "ItemsInOrder": {
      "1": {
        "ItemSerial": 1,
        "Category": "Women",
        "ItemName": "PATTU SAREE",
        "ItemNamePk": "59",
        "WashType": "DryWash",
        "WashTypePk": "59",
        "locationPk": "Vizag",
        "location": "Vizag",
        "Pcs": 1,
        "Rate": 170,
        "DisPer": 0,
        "AddOn": "0-0",
        "DeliveryDateTime": "2024-03-16T15:52:11",
        "Total": 170
      },
      "2": {
        "ItemSerial": 2,
        "Category": "Women",
        "ItemName": "BLOUSE",
        "ItemNamePk": "64",
        "WashType": "DryWash",
        "WashTypePk": "64",
        "locationPk": "Vizag",
        "location": "Vizag",
        "Pcs": 1,
        "Rate": 30,
        "DisPer": 0,
        "AddOn": "0-0",
        "DeliveryDateTime": "2024-03-16T15:52:26",
        "Total": 30
      }
    },
    "CustomerData": {
      "CustomerName": "JAGADEESH",
      "CustomerMobile": "9390820130"
    },
    "OrderData": {
      "BranchName": "IndustrialArea",
      "Currentdateandtime": "2024-03-09T15:52:11"
    },
    "AddOnData": {},
    "CheckOutData": {
      "1": {
        "RoundOff": 0,
        "CashAmount": 236,
        "CardAmount": 0,
        "UPIAmount": 0,
        "DiscountPer": 0,
        "GstData": {
          "DiscountAmount": 0,
          "CGST": 18,
          "SGST": 18
        }
      }
    },
    "UuId": 15,
    "pk": 15,
    "DateTime": "2024-03-09T10:22:31.912Z"
  },
  {
    "ItemsInOrder": {
      "1": {
        "ItemSerial": 1,
        "Category": "Men",
        "ItemName": "M Shart",
        "ItemNamePk": "1",
        "WashType": "DryWash",
        "WashTypePk": "1",
        "locationPk": "Vizag",
        "location": "Vizag",
        "Pcs": 11,
        "Rate": 60,
        "DisPer": 0,
        "AddOn": "0-0",
        "DeliveryDateTime": "2024-03-16T15:57:02",
        "Total": 660
      },
      "2": {
        "ItemSerial": 2,
        "Category": "Men",
        "ItemName": "TROUSER",
        "ItemNamePk": "12",
        "WashType": "DryWash",
        "WashTypePk": "12",
        "locationPk": "Vizag",
        "location": "Vizag",
        "Pcs": 4,
        "Rate": 50,
        "DisPer": 0,
        "AddOn": "0-0",
        "DeliveryDateTime": "2024-03-16T15:57:22",
        "Total": 200
      }
    },
    "CustomerData": {
      "CustomerName": "VINAYKUMAR",
      "CustomerMobile": "6305620007"
    },
    "OrderData": {
      "BranchName": "IndustrialArea",
      "Currentdateandtime": "2024-03-09T15:57:02"
    },
    "AddOnData": {
      "1": {
        "AddOnService": "m str",
        "AddOnRate": 0,
        "AddOnItemSerial": 1,
        "AddOnImageSerial": ""
      },
      "2": {
        "AddOnService": "stains",
        "AddOnRate": 0,
        "AddOnItemSerial": 2,
        "AddOnImageSerial": ""
      }
    },
    "CheckOutData": {
      "1": {
        "RoundOff": 0.2,
        "CashAmount": 1015,
        "CardAmount": 0,
        "UPIAmount": 0,
        "DiscountPer": 0,
        "GstData": {
          "DiscountAmount": 0,
          "CGST": 77.4,
          "SGST": 77.4
        }
      }
    },
    "UuId": 16,
    "pk": 16,
    "DateTime": "2024-03-09T10:27:18.870Z"
  },
  {
    "ItemsInOrder": {
      "1": {
        "ItemSerial": 1,
        "Category": "Men",
        "ItemName": "M Jean",
        "ItemNamePk": "7",
        "WashType": "DryWash",
        "WashTypePk": "7",
        "locationPk": "Vizag",
        "location": "Vizag",
        "Pcs": 3,
        "Rate": 60,
        "DisPer": 0,
        "AddOn": "0-0",
        "DeliveryDateTime": "2024-03-18T16:05:17",
        "Total": 180
      },
      "2": {
        "ItemSerial": 2,
        "Category": "Men",
        "ItemName": "TROUSER",
        "ItemNamePk": "12",
        "WashType": "DryWash",
        "WashTypePk": "12",
        "locationPk": "Vizag",
        "location": "Vizag",
        "Pcs": 1,
        "Rate": 50,
        "DisPer": 0,
        "AddOn": "0-0",
        "DeliveryDateTime": "2024-03-18T16:05:42",
        "Total": 50
      },
      "3": {
        "ItemSerial": 3,
        "Category": "Men",
        "ItemName": "TRACK PANT",
        "ItemNamePk": "29",
        "WashType": "DryWash",
        "WashTypePk": "29",
        "locationPk": "Vizag",
        "location": "Vizag",
        "Pcs": 1,
        "Rate": 50,
        "DisPer": 0,
        "AddOn": "0-0",
        "DeliveryDateTime": "2024-03-18T16:06:07",
        "Total": 50
      },
      "4": {
        "ItemSerial": 4,
        "Category": "Men",
        "ItemName": "M Shart",
        "ItemNamePk": "1",
        "WashType": "DryWash",
        "WashTypePk": "1",
        "locationPk": "Vizag",
        "location": "Vizag",
        "Pcs": 7,
        "Rate": 60,
        "DisPer": 0,
        "AddOn": "0-0",
        "DeliveryDateTime": "2024-03-18T16:06:35",
        "Total": 420
      },
      "5": {
        "ItemSerial": 5,
        "Category": "Men",
        "ItemName": "VEST",
        "ItemNamePk": "24",
        "WashType": "DryWash",
        "WashTypePk": "24",
        "locationPk": "Vizag",
        "location": "Vizag",
        "Pcs": 1,
        "Rate": 30,
        "DisPer": 0,
        "AddOn": "0-0",
        "DeliveryDateTime": "2024-03-18T16:07",
        "Total": 30
      }
    },
    "CustomerData": {
      "CustomerName": "8790866688",
      "CustomerMobile": "DHARMARAJU"
    },
    "OrderData": {
      "BranchName": "IndustrialArea",
      "Currentdateandtime": "2024-03-11T16:05:17"
    },
    "AddOnData": {
      "1": {
        "AddOnService": "stains",
        "AddOnRate": 0,
        "AddOnItemSerial": 1,
        "AddOnImageSerial": ""
      },
      "2": {
        "AddOnService": "stains",
        "AddOnRate": 0,
        "AddOnItemSerial": 2,
        "AddOnImageSerial": ""
      },
      "3": {
        "AddOnService": "stains",
        "AddOnRate": 0,
        "AddOnItemSerial": 3,
        "AddOnImageSerial": ""
      },
      "4": {
        "AddOnService": "stains",
        "AddOnRate": 0,
        "AddOnItemSerial": 4,
        "AddOnImageSerial": ""
      },
      "5": {
        "AddOnService": "stains",
        "AddOnRate": 0,
        "AddOnItemSerial": 5,
        "AddOnImageSerial": ""
      }
    },
    "CheckOutData": {
      "1": {
        "RoundOff": -0.4,
        "CashAmount": 861,
        "CardAmount": 0,
        "UPIAmount": 0,
        "DiscountPer": 0,
        "GstData": {
          "DiscountAmount": 0,
          "CGST": 65.7,
          "SGST": 65.7
        }
      }
    },
    "UuId": 17,
    "pk": 17,
    "DateTime": "2024-03-11T10:35:28.943Z"
  },
  {
    "ItemsInOrder": {
      "1": {
        "ItemSerial": 1,
        "Category": "Men",
        "ItemName": "M Shart",
        "ItemNamePk": "1",
        "WashType": "DryWash",
        "WashTypePk": "1",
        "locationPk": "Vizag",
        "location": "Vizag",
        "Pcs": 2,
        "Rate": 60,
        "DisPer": 0,
        "AddOn": "0-0",
        "DeliveryDateTime": "2024-03-18T16:13:22",
        "Total": 120
      }
    },
    "CustomerData": {
      "CustomerName": "M GANAPATHIRAO",
      "CustomerMobile": "9959223098"
    },
    "OrderData": {
      "BranchName": "IndustrialArea",
      "Currentdateandtime": "2024-03-11T16:13:22"
    },
    "AddOnData": {
      "1": {
        "AddOnService": "stains",
        "AddOnRate": 0,
        "AddOnItemSerial": 1,
        "AddOnImageSerial": ""
      },
      "2": {
        "AddOnService": "m str",
        "AddOnRate": 0,
        "AddOnItemSerial": 1,
        "AddOnImageSerial": ""
      }
    },
    "CheckOutData": {
      "1": {
        "RoundOff": 0.4,
        "CashAmount": 0,
        "CardAmount": 142,
        "UPIAmount": 0,
        "DiscountPer": 0,
        "GstData": {
          "DiscountAmount": 0,
          "CGST": 10.8,
          "SGST": 10.8
        }
      }
    },
    "UuId": 18,
    "pk": 18,
    "DateTime": "2024-03-11T10:43:31.465Z"
  },
  {
    "ItemsInOrder": {
      "2": {
        "ItemSerial": 2,
        "Category": "Men",
        "ItemName": "TROUSER",
        "ItemNamePk": "12",
        "WashType": "DryWash",
        "WashTypePk": "12",
        "locationPk": "Vizag",
        "location": "Vizag",
        "Pcs": 7,
        "Rate": 60,
        "DisPer": 0,
        "AddOn": "0-0",
        "DeliveryDateTime": "2024-03-18T16:36:44",
        "Total": 420
      },
      "3": {
        "ItemSerial": 2,
        "Category": "Men",
        "ItemName": "M Shart",
        "ItemNamePk": "1",
        "WashType": "DryWash",
        "WashTypePk": "1",
        "locationPk": "Vizag",
        "location": "Vizag",
        "Pcs": 7,
        "Rate": 60,
        "DisPer": 0,
        "AddOn": "0-0",
        "DeliveryDateTime": "2024-03-18T16:37:37",
        "Total": 420
      }
    },
    "CustomerData": {
      "CustomerName": "KISHOR",
      "CustomerMobile": "7842462999"
    },
    "OrderData": {
      "BranchName": "IndustrialArea",
      "Currentdateandtime": "2024-03-11T16:36:07"
    },
    "AddOnData": {
      "1": {
        "AddOnService": "stains",
        "AddOnRate": 0,
        "AddOnItemSerial": 2,
        "AddOnImageSerial": ""
      },
      "2": {
        "AddOnService": "H STR",
        "AddOnRate": 0,
        "AddOnItemSerial": 2,
        "AddOnImageSerial": ""
      },
      "3": {
        "AddOnService": "stains",
        "AddOnRate": 0,
        "AddOnItemSerial": 3,
        "AddOnImageSerial": ""
      },
      "4": {
        "AddOnService": "H STR",
        "AddOnRate": 0,
        "AddOnItemSerial": 3,
        "AddOnImageSerial": ""
      }
    },
    "CheckOutData": {
      "1": {
        "RoundOff": -0.2,
        "CashAmount": 991,
        "CardAmount": 0,
        "UPIAmount": 0,
        "DiscountPer": 0,
        "GstData": {
          "DiscountAmount": 0,
          "CGST": 75.6,
          "SGST": 75.6
        }
      }
    },
    "UuId": 19,
    "pk": 19,
    "DateTime": "2024-03-11T11:06:20.333Z"
  },
  {
    "ItemsInOrder": {
      "1": {
        "ItemSerial": 1,
        "Category": "Women",
        "ItemName": "PATTU SAREE",
        "ItemNamePk": "59",
        "WashType": "DryWash",
        "WashTypePk": "59",
        "locationPk": "Vizag",
        "location": "Vizag",
        "Pcs": 1,
        "Rate": 400,
        "DisPer": 0,
        "AddOn": "0-0",
        "DeliveryDateTime": "2024-03-18T16:40:49",
        "Total": 400
      },
      "2": {
        "ItemSerial": 2,
        "Category": "Women",
        "ItemName": "WORK SAREE",
        "ItemNamePk": "126",
        "WashType": "DryWash",
        "WashTypePk": "126",
        "locationPk": "Vizag",
        "location": "Vizag",
        "Pcs": 1,
        "Rate": 160,
        "DisPer": 0,
        "AddOn": "0-0",
        "DeliveryDateTime": "2024-03-18T16:44:12",
        "Total": 160
      },
      "3": {
        "ItemSerial": 3,
        "Category": "Men",
        "ItemName": "M Shart",
        "ItemNamePk": "1",
        "WashType": "DryWash",
        "WashTypePk": "1",
        "locationPk": "Vizag",
        "location": "Vizag",
        "Pcs": 1,
        "Rate": 85,
        "DisPer": 0,
        "AddOn": "0-0",
        "DeliveryDateTime": "2024-03-18T16:44:50",
        "Total": 85
      },
      "4": {
        "ItemSerial": 4,
        "Category": "Men",
        "ItemName": "KURTHA(NORMAL)",
        "ItemNamePk": "14",
        "WashType": "DryWash",
        "WashTypePk": "14",
        "locationPk": "Vizag",
        "location": "Vizag",
        "Pcs": 2,
        "Rate": 180,
        "DisPer": 0,
        "AddOn": "0-0",
        "DeliveryDateTime": "2024-03-18T16:46:21",
        "Total": 360
      },
      "5": {
        "ItemSerial": 5,
        "Category": "Men",
        "ItemName": "PYJAMA",
        "ItemNamePk": "17",
        "WashType": "DryWash",
        "WashTypePk": "17",
        "locationPk": "Vizag",
        "location": "Vizag",
        "Pcs": 3,
        "Rate": 85,
        "DisPer": 0,
        "AddOn": "0-0",
        "DeliveryDateTime": "2024-03-18T16:47:55",
        "Total": 255
      }
    },
    "CustomerData": {
      "CustomerName": "RAMPRASAD",
      "CustomerMobile": "8074242141"
    },
    "OrderData": {
      "BranchName": "IndustrialArea",
      "Currentdateandtime": "2024-03-11T16:40:49"
    },
    "AddOnData": {
      "1": {
        "AddOnService": "PW",
        "AddOnRate": 0,
        "AddOnItemSerial": 1,
        "AddOnImageSerial": ""
      },
      "2": {
        "AddOnService": "stains",
        "AddOnRate": 0,
        "AddOnItemSerial": 1,
        "AddOnImageSerial": ""
      },
      "3": {
        "AddOnService": "stains",
        "AddOnRate": 0,
        "AddOnItemSerial": 2,
        "AddOnImageSerial": ""
      },
      "4": {
        "AddOnService": "YELLOWSTAINS",
        "AddOnRate": 0,
        "AddOnItemSerial": 3,
        "AddOnImageSerial": ""
      },
      "5": {
        "AddOnService": "YELLOWSTAINS",
        "AddOnRate": 0,
        "AddOnItemSerial": 4,
        "AddOnImageSerial": ""
      },
      "6": {
        "AddOnService": "YELLOWSTAINS",
        "AddOnRate": 0,
        "AddOnItemSerial": 5,
        "AddOnImageSerial": ""
      }
    },
    "CheckOutData": {
      "1": {
        "RoundOff": 0.2,
        "CashAmount": 0,
        "CardAmount": 0,
        "UPIAmount": 1487,
        "DiscountPer": 0,
        "GstData": {
          "DiscountAmount": 0,
          "CGST": 113.4,
          "SGST": 113.4
        }
      }
    },
    "UuId": 20,
    "pk": 20,
    "DateTime": "2024-03-11T11:11:17.325Z"
  },
  {
    "ItemsInOrder": {
      "1": {
        "ItemSerial": 1,
        "Category": "Kids",
        "ItemName": "FROCK",
        "ItemNamePk": "87",
        "WashType": "DryWash",
        "WashTypePk": "87",
        "locationPk": "Vizag",
        "location": "Vizag",
        "Pcs": 1,
        "Rate": 100,
        "DisPer": 0,
        "AddOn": "0-0",
        "DeliveryDateTime": "2024-03-18T16:56:33",
        "Total": 100
      },
      "2": {
        "ItemSerial": 2,
        "Category": "Women",
        "ItemName": "WORK TOP",
        "ItemNamePk": "46",
        "WashType": "DryWash",
        "WashTypePk": "46",
        "locationPk": "Vizag",
        "location": "Vizag",
        "Pcs": 1,
        "Rate": 200,
        "DisPer": 0,
        "AddOn": "0-0",
        "DeliveryDateTime": "2024-03-18T16:56:58",
        "Total": 200
      },
      "3": {
        "ItemSerial": 3,
        "Category": "Women",
        "ItemName": "TOP(NORMAL)",
        "ItemNamePk": "43",
        "WashType": "DryWash",
        "WashTypePk": "43",
        "locationPk": "Vizag",
        "location": "Vizag",
        "Pcs": 1,
        "Rate": 150,
        "DisPer": 0,
        "AddOn": "0-0",
        "DeliveryDateTime": "2024-03-18T16:57:20",
        "Total": 150
      }
    },
    "CustomerData": {
      "CustomerName": "G SANTOSH",
      "CustomerMobile": "9985230001"
    },
    "OrderData": {
      "BranchName": "IndustrialArea",
      "Currentdateandtime": "2024-03-11T16:56:33"
    },
    "AddOnData": {
      "1": {
        "AddOnService": "stains",
        "AddOnRate": 0,
        "AddOnItemSerial": 1,
        "AddOnImageSerial": ""
      },
      "2": {
        "AddOnService": "stains",
        "AddOnRate": 0,
        "AddOnItemSerial": 2,
        "AddOnImageSerial": ""
      },
      "3": {
        "AddOnService": "stains",
        "AddOnRate": 0,
        "AddOnItemSerial": 3,
        "AddOnImageSerial": ""
      }
    },
    "CheckOutData": {
      "1": {
        "RoundOff": 0,
        "CashAmount": 531,
        "CardAmount": 0,
        "UPIAmount": 0,
        "DiscountPer": 0,
        "GstData": {
          "DiscountAmount": 0,
          "CGST": 40.5,
          "SGST": 40.5
        }
      },
      "2": {
        "RoundOff": 0,
        "CashAmount": 531,
        "CardAmount": 0,
        "UPIAmount": 0,
        "DiscountPer": 0,
        "GstData": {
          "DiscountAmount": 0,
          "CGST": 40.5,
          "SGST": 40.5
        }
      }
    },
    "UuId": 21,
    "pk": 21,
    "DateTime": "2024-03-11T11:26:43.113Z"
  },
  {
    "ItemsInOrder": {
      "1": {
        "ItemSerial": 1,
        "Category": "Women",
        "ItemName": "W Saree",
        "ItemNamePk": "5",
        "WashType": "DryWash",
        "WashTypePk": "5",
        "locationPk": "Vizag",
        "location": "Vizag",
        "Pcs": 1,
        "Rate": 400,
        "DisPer": 0,
        "AddOn": "0-0",
        "DeliveryDateTime": "2024-03-18T17:00:07",
        "Total": 400
      },
      "2": {
        "ItemSerial": 2,
        "Category": "Women",
        "ItemName": "W Saree",
        "ItemNamePk": "5",
        "WashType": "DryWash",
        "WashTypePk": "5",
        "locationPk": "Vizag",
        "location": "Vizag",
        "Pcs": 1,
        "Rate": 80,
        "DisPer": 0,
        "AddOn": "0-0",
        "DeliveryDateTime": "2024-03-18T17:00:31",
        "Total": 80
      }
    },
    "CustomerData": {
      "CustomerName": "SANTHI",
      "CustomerMobile": "9502121456"
    },
    "OrderData": {
      "BranchName": "IndustrialArea",
      "Currentdateandtime": "2024-03-11T17:00:07"
    },
    "AddOnData": {
      "1": {
        "AddOnService": "PW",
        "AddOnRate": 0,
        "AddOnItemSerial": 1,
        "AddOnImageSerial": ""
      },
      "2": {
        "AddOnService": "PRS",
        "AddOnRate": 0,
        "AddOnItemSerial": 2,
        "AddOnImageSerial": ""
      }
    },
    "CheckOutData": {
      "1": {
        "RoundOff": -0.4,
        "CashAmount": 566,
        "CardAmount": 0,
        "UPIAmount": 0,
        "DiscountPer": 0,
        "GstData": {
          "DiscountAmount": 0,
          "CGST": 43.2,
          "SGST": 43.2
        }
      }
    },
    "UuId": 22,
    "pk": 22,
    "DateTime": "2024-03-11T11:30:17.670Z"
  }
]