[
  {
    "ItemsInOrder": {
      "1": {
        "ItemSerial": 1,
        "Category": "Men",
        "ItemName": "M Jean",
        "ItemNamePk": "7",
        "WashType": "DryWash",
        "WashTypePk": "7",
        "locationPk": "Vizag",
        "location": "Vizag",
        "Pcs": 2,
        "Rate": 50,
        "DisPer": 10,
        "AddOn": "0-0",
        "DeliveryDateTime": "2024-03-12T17:02:35",
        "Total": 100
      }
    },
    "CustomerData": {
      "CustomerName": "RAM",
      "CustomerMobile": "8341177772"
    },
    "OrderData": {
      "BranchName": "Kakinada",
      "Currentdateandtime": "2024-03-05T17:02:35"
    },
    "AddOnData": {
      "1": {
        "AddOnService": "Petrol Wash Normal",
        "AddOnRate": 30,
        "AddOnItemSerial": 1,
        "AddOnImageSerial": ""
      }
    },
    "CheckOutData": {
      "1": {
        "RoundOff": 0.4,
        "CashAmount": 142,
        "CardAmount": 0,
        "UPIAmount": 0,
        "DiscountPer": 0,
        "GstData": {
          "DiscountAmount": 0,
          "CGST": 10.8,
          "SGST": 10.8
        }
      }
    },
    "UuId": 1,
    "pk": 1,
    "DateTime": "2024-03-05T11:33:37.180Z"
  },
  {
    "ItemsInOrder": {
      "1": {
        "ItemSerial": 1,
        "Category": "Women",
        "ItemName": "W Saree",
        "ItemNamePk": "5",
        "WashType": "DryWash",
        "WashTypePk": "5",
        "locationPk": "Vizag",
        "location": "Vizag",
        "Pcs": 3,
        "Rate": 60,
        "DisPer": 0,
        "AddOn": "0-0",
        "DeliveryDateTime": "2024-03-12T17:14:03",
        "Total": 180
      },
      "2": {
        "ItemSerial": 2,
        "Category": "Men",
        "ItemName": "M Jean",
        "ItemNamePk": "7",
        "WashType": "DryWash",
        "WashTypePk": "7",
        "locationPk": "Vizag",
        "location": "Vizag",
        "Pcs": 2,
        "Rate": 50,
        "DisPer": 0,
        "AddOn": "0-0",
        "DeliveryDateTime": "2024-03-12T17:14:38",
        "Total": 100
      }
    },
    "CustomerData": {
      "CustomerName": "SREENIVAS",
      "CustomerMobile": "8341177771"
    },
    "OrderData": {
      "BranchName": "Kakinada",
      "Currentdateandtime": "2024-03-05T17:14:03"
    },
    "AddOnData": {},
    "CheckOutData": {
      "1": {
        "RoundOff": -0.36,
        "CashAmount": 297,
        "CardAmount": 0,
        "UPIAmount": 0,
        "DiscountPer": 10,
        "GstData": {
          "DiscountAmount": 28,
          "CGST": 22.68,
          "SGST": 22.68
        }
      }
    },
    "UuId": 2,
    "pk": 2,
    "DateTime": "2024-03-05T11:44:35.511Z"
  },
  {
    "ItemsInOrder": {
      "1": {
        "ItemSerial": 1,
        "Category": "Men",
        "ItemName": "M Jean",
        "ItemNamePk": "7",
        "WashType": "DryWash",
        "WashTypePk": "7",
        "locationPk": "Vizag",
        "location": "Vizag",
        "Pcs": 20,
        "Rate": 50,
        "DisPer": 0,
        "AddOn": "0-0",
        "DeliveryDateTime": "2024-03-12T17:26:52",
        "Total": 1000
      },
      "2": {
        "ItemSerial": 2,
        "Category": "Men",
        "ItemName": "M Shart",
        "ItemNamePk": "1",
        "WashType": "DryWash",
        "WashTypePk": "1",
        "locationPk": "Vizag",
        "location": "Vizag",
        "Pcs": 5,
        "Rate": 45,
        "DisPer": 0,
        "AddOn": "0-0",
        "DeliveryDateTime": "2024-03-12T17:27:35",
        "Total": 225
      }
    },
    "CustomerData": {
      "CustomerName": "reddy k",
      "CustomerMobile": "7896541230"
    },
    "OrderData": {
      "BranchName": "Kakinada",
      "Currentdateandtime": "2024-03-05T17:26:52"
    },
    "AddOnData": {
      "1": {
        "AddOnService": "Petrol Wash High",
        "AddOnRate": 25,
        "AddOnItemSerial": 1,
        "AddOnImageSerial": ""
      },
      "2": {
        "AddOnService": "Petrol Wash High",
        "AddOnRate": 25,
        "AddOnItemSerial": 2,
        "AddOnImageSerial": ""
      },
      "3": {
        "AddOnService": "Rolling",
        "AddOnRate": 20,
        "AddOnItemSerial": 2,
        "AddOnImageSerial": ""
      }
    },
    "CheckOutData": {
      "1": {
        "RoundOff": -0.28,
        "CashAmount": 1375,
        "CardAmount": 0,
        "UPIAmount": 0,
        "DiscountPer": 10,
        "GstData": {
          "DiscountAmount": 129.5,
          "CGST": 104.89,
          "SGST": 104.89
        }
      }
    },
    "UuId": 3,
    "pk": 3,
    "DateTime": "2024-03-05T11:57:35.101Z"
  },
  {
    "ItemsInOrder": {
      "1": {
        "ItemSerial": 1,
        "Category": "Men",
        "ItemName": "T SHIRT",
        "ItemNamePk": "13",
        "WashType": "DryWash",
        "WashTypePk": "13",
        "locationPk": "Vizag",
        "location": "Vizag",
        "Pcs": 2,
        "Rate": 60,
        "DisPer": 0,
        "AddOn": "0-0",
        "DeliveryDateTime": "2024-03-15T18:16:21",
        "Total": 120
      },
      "2": {
        "ItemSerial": 2,
        "Category": "Kids",
        "ItemName": "K Pant",
        "ItemNamePk": "4",
        "WashType": "DryWash",
        "WashTypePk": "4",
        "locationPk": "Vizag",
        "location": "Vizag",
        "Pcs": 1,
        "Rate": 45,
        "DisPer": 0,
        "AddOn": "0-0",
        "DeliveryDateTime": "2024-03-15T18:16:34",
        "Total": 45
      }
    },
    "CustomerData": {
      "CustomerName": "SREENIVAS",
      "CustomerMobile": "8341177771"
    },
    "OrderData": {
      "BranchName": "Kakinada",
      "Currentdateandtime": "2024-03-08T18:16:21"
    },
    "AddOnData": {
      "1": {
        "AddOnService": "DW",
        "AddOnRate": 60,
        "AddOnItemSerial": 2,
        "AddOnImageSerial": ""
      },
      "2": {
        "AddOnService": "Petrol Wash Medium",
        "AddOnRate": 20,
        "AddOnItemSerial": 1,
        "AddOnImageSerial": ""
      }
    },
    "CheckOutData": {
      "1": {
        "RoundOff": -0.1,
        "CashAmount": 289,
        "CardAmount": 0,
        "UPIAmount": 0,
        "DiscountPer": 0,
        "GstData": {
          "DiscountAmount": 0,
          "CGST": 22.05,
          "SGST": 22.05
        }
      }
    },
    "UuId": 4,
    "pk": 4,
    "DateTime": "2024-03-08T12:46:34.886Z"
  },
  {
    "ItemsInOrder": {
      "1": {
        "ItemSerial": 1,
        "Category": "Men",
        "ItemName": "M Shart",
        "ItemNamePk": "1",
        "WashType": "DryWash",
        "WashTypePk": "1",
        "locationPk": "Vizag",
        "location": "Vizag",
        "Pcs": 1,
        "Rate": 45,
        "DisPer": 0,
        "AddOn": "0-0",
        "DeliveryDateTime": "2024-03-22T10:21:30",
        "Total": 45
      }
    },
    "CustomerData": {
      "CustomerName": "SREENIVAS",
      "CustomerMobile": "8341177771"
    },
    "OrderData": {
      "BranchName": "Kakinada",
      "Currentdateandtime": "2024-03-15T10:21:30"
    },
    "AddOnData": {},
    "CheckOutData": {
      "1": {
        "RoundOff": -0.1,
        "CashAmount": 53,
        "CardAmount": 0,
        "UPIAmount": 0,
        "DiscountPer": 0,
        "GstData": {
          "DiscountAmount": 0,
          "CGST": 4.05,
          "SGST": 4.05
        }
      }
    },
    "UuId": 5,
    "pk": 5,
    "DateTime": "2024-03-15T04:51:32.432Z"
  },
  {
    "ItemsInOrder": {
      "1": {
        "ItemSerial": 1,
        "Category": "Men",
        "ItemName": "M Shart",
        "ItemNamePk": "1",
        "WashType": "DryWash",
        "WashTypePk": "1",
        "locationPk": "Vizag",
        "location": "Vizag",
        "Pcs": 1,
        "Rate": 45,
        "DisPer": 0,
        "AddOn": "0-0",
        "DeliveryDateTime": "2024-03-22T10:27:51",
        "Total": 45
      }
    },
    "CustomerData": {
      "CustomerName": "Keshav",
      "CustomerMobile": "9848163021"
    },
    "OrderData": {
      "BranchName": "Kakinada",
      "Currentdateandtime": "2024-03-15T10:27:51"
    },
    "AddOnData": {},
    "CheckOutData": {
      "1": {
        "RoundOff": -0.1,
        "CashAmount": 53,
        "CardAmount": 0,
        "UPIAmount": 0,
        "DiscountPer": 0,
        "GstData": {
          "DiscountAmount": 0,
          "CGST": 4.05,
          "SGST": 4.05
        }
      }
    },
    "UuId": 6,
    "pk": 6,
    "DateTime": "2024-03-15T04:58:02.394Z"
  },
  {
    "ItemsInOrder": {
      "1": {
        "ItemSerial": 1,
        "Category": "Men",
        "ItemName": "M Shart",
        "ItemNamePk": "1",
        "WashType": "DryWash",
        "WashTypePk": "1",
        "locationPk": "Vizag",
        "location": "Vizag",
        "Pcs": 1,
        "Rate": 45,
        "DisPer": 0,
        "AddOn": "0-0",
        "DeliveryDateTime": "2024-03-23T11:33:06",
        "Total": 45
      },
      "2": {
        "ItemSerial": 2,
        "Category": "Men",
        "ItemName": "M Pant",
        "ItemNamePk": "2",
        "WashType": "DryWash",
        "WashTypePk": "2",
        "locationPk": "Vizag",
        "location": "Vizag",
        "Pcs": 1,
        "Rate": 50,
        "DisPer": 0,
        "AddOn": "0-0",
        "DeliveryDateTime": "2024-03-23T11:33:08",
        "Total": 50
      }
    },
    "CustomerData": {
      "CustomerName": "SREENIVAS",
      "CustomerMobile": "8341177771"
    },
    "OrderData": {
      "BranchName": "Kakinada",
      "Currentdateandtime": "2024-03-16T11:33:06"
    },
    "AddOnData": {},
    "CheckOutData": {
      "1": {
        "RoundOff": -0.1,
        "CashAmount": 112,
        "CardAmount": 0,
        "UPIAmount": 0,
        "DiscountPer": 0,
        "GstData": {
          "DiscountAmount": 0,
          "CGST": 8.55,
          "SGST": 8.55
        }
      }
    },
    "UuId": 7,
    "pk": 7,
    "DateTime": "2024-03-16T06:03:07.517Z"
  },
  {
    "ItemsInOrder": {
      "1": {
        "ItemSerial": 1,
        "Category": "Men",
        "ItemName": "M Pant",
        "ItemNamePk": "2",
        "WashType": "DryWash",
        "WashTypePk": "2",
        "locationPk": "Vizag",
        "location": "Vizag",
        "Pcs": 1,
        "Rate": 50,
        "DisPer": 0,
        "AddOn": "0-0",
        "DeliveryDateTime": "2024-03-24T14:20:07",
        "Total": 50
      }
    },
    "CustomerData": {
      "CustomerName": "SREENIVAS",
      "CustomerMobile": "8341177771"
    },
    "OrderData": {
      "BranchName": "Kakinada",
      "Currentdateandtime": "2024-03-17T14:20:07"
    },
    "AddOnData": {},
    "CheckOutData": {
      "1": {
        "RoundOff": 0,
        "CashAmount": 59,
        "CardAmount": 0,
        "UPIAmount": 0,
        "DiscountPer": 0,
        "GstData": {
          "DiscountAmount": 0,
          "CGST": 4.5,
          "SGST": 4.5
        }
      }
    },
    "UuId": 8,
    "pk": 8,
    "DateTime": "2024-03-17T08:50:10.901Z"
  },
  {
    "ItemsInOrder": {
      "1": {
        "ItemSerial": 1,
        "Category": "Men",
        "ItemName": "M Shart",
        "ItemNamePk": "1",
        "WashType": "DryWash",
        "WashTypePk": "1",
        "locationPk": "Vizag",
        "location": "Vizag",
        "Pcs": 1,
        "Rate": 45,
        "DisPer": 0,
        "AddOn": "0-0",
        "DeliveryDateTime": "2024-03-25T12:11:25",
        "Total": 45
      },
      "2": {
        "ItemSerial": 2,
        "Category": "Men",
        "ItemName": "M Pant",
        "ItemNamePk": "2",
        "WashType": "DryWash",
        "WashTypePk": "2",
        "locationPk": "Vizag",
        "location": "Vizag",
        "Pcs": 1,
        "Rate": 50,
        "DisPer": 0,
        "AddOn": "0-0",
        "DeliveryDateTime": "2024-03-25T12:11:28",
        "Total": 50
      }
    },
    "CustomerData": {
      "CustomerName": "SREENIVAS",
      "CustomerMobile": "8341177771"
    },
    "OrderData": {
      "BranchName": "Kakinada",
      "Currentdateandtime": "2024-03-18T12:11:25"
    },
    "AddOnData": {},
    "CheckOutData": {
      "1": {
        "RoundOff": -0.1,
        "CashAmount": 112,
        "CardAmount": 0,
        "UPIAmount": 0,
        "DiscountPer": 0,
        "GstData": {
          "DiscountAmount": 0,
          "CGST": 8.55,
          "SGST": 8.55
        }
      }
    },
    "UuId": 9,
    "pk": 9,
    "DateTime": "2024-03-18T06:41:28.154Z"
  },
  {
    "ItemsInOrder": {
      "1": {
        "ItemSerial": 1,
        "Category": "Men",
        "ItemName": "M Shart",
        "ItemNamePk": "1",
        "WashType": "DryWash",
        "WashTypePk": "1",
        "locationPk": "Vizag",
        "location": "Vizag",
        "Pcs": 5,
        "Rate": 45,
        "DisPer": 0,
        "AddOn": "0-0",
        "DeliveryDateTime": "2024-03-25T14:37:42",
        "Total": 45
      }
    },
    "CustomerData": {
      "CustomerName": "SREENIVAS",
      "CustomerMobile": "8341177771"
    },
    "OrderData": {
      "BranchName": "Kakinada",
      "Currentdateandtime": "2024-03-18T14:37:42"
    },
    "AddOnData": {},
    "CheckOutData": {
      "1": {
        "RoundOff": 0.5,
        "CashAmount": 0,
        "CardAmount": 266,
        "UPIAmount": 0,
        "DiscountPer": 0,
        "GstData": {
          "DiscountAmount": 0,
          "CGST": 20.25,
          "SGST": 20.25
        }
      }
    },
    "UuId": 10,
    "pk": 10,
    "DateTime": "2024-03-18T09:07:44.484Z"
  },
  {
    "ItemsInOrder": {
      "1": {
        "ItemSerial": 1,
        "Category": "Men",
        "ItemName": "M Shart",
        "ItemNamePk": "1",
        "WashType": "DryWash",
        "WashTypePk": "1",
        "locationPk": "Vizag",
        "location": "Vizag",
        "Pcs": 1,
        "Rate": 45,
        "DisPer": 0,
        "AddOn": "0-0",
        "DeliveryDateTime": "2024-03-25T14:52:21",
        "Total": 45
      },
      "2": {
        "ItemSerial": 2,
        "Category": "Men",
        "ItemName": "M Shart",
        "ItemNamePk": "1",
        "WashType": "DryWash",
        "WashTypePk": "1",
        "locationPk": "Vizag",
        "location": "Vizag",
        "Pcs": 4,
        "Rate": 45,
        "DisPer": 0,
        "AddOn": "0-0",
        "DeliveryDateTime": "2024-03-25T14:52:25",
        "Total": 180
      }
    },
    "CustomerData": {
      "CustomerName": "ravi",
      "CustomerMobile": "9959253958"
    },
    "OrderData": {
      "BranchName": "Kakinada",
      "Currentdateandtime": "2024-03-18T14:52:21"
    },
    "AddOnData": {},
    "CheckOutData": {
      "1": {
        "RoundOff": 0.5,
        "CashAmount": 266,
        "CardAmount": 0,
        "UPIAmount": 0,
        "DiscountPer": 0,
        "GstData": {
          "DiscountAmount": 0,
          "CGST": 20.25,
          "SGST": 20.25
        }
      }
    },
    "UuId": 11,
    "pk": 11,
    "DateTime": "2024-03-18T09:22:24.482Z"
  }
]