[
  {
    "ItemsInOrder": {
      "1": {
        "ItemSerial": 1,
        "Category": "Women",
        "ItemName": "W Jean",
        "ItemNamePk": "6",
        "WashType": "DryWash",
        "WashTypePk": "6",
        "locationPk": "Vizag",
        "location": "Vizag",
        "Pcs": 1,
        "Rate": 65,
        "DisPer": 0,
        "AddOn": "0-0",
        "DeliveryDateTime": "2024-03-12T11:42:45",
        "Total": 65
      },
      "2": {
        "ItemSerial": 2,
        "Category": "Men",
        "ItemName": "M Shart",
        "ItemNamePk": "1",
        "WashType": "DryWash",
        "WashTypePk": "1",
        "locationPk": "Vizag",
        "location": "Vizag",
        "Pcs": 1,
        "Rate": 45,
        "DisPer": 0,
        "AddOn": "0-0",
        "DeliveryDateTime": "2024-03-12T11:47:58",
        "Total": 45
      }
    },
    "CustomerData": {
      "CustomerName": "krishna reddy",
      "CustomerMobile": "9876543210"
    },
    "OrderData": {
      "BranchName": "LaysonsBayColony",
      "Currentdateandtime": "2024-03-05T11:42:45"
    },
    "AddOnData": {
      "1": {
        "AddOnService": "Petrol Wash High",
        "AddOnRate": 70,
        "AddOnItemSerial": null,
        "AddOnImageSerial": ""
      },
      "2": {
        "AddOnService": "Rolling",
        "AddOnRate": 40,
        "AddOnItemSerial": null,
        "AddOnImageSerial": ""
      }
    },
    "CheckOutData": {
      "1": {
        "RoundOff": 0.2,
        "CashAmount": 130,
        "CardAmount": 0,
        "UPIAmount": 0,
        "DiscountPer": 0,
        "GstData": {
          "DiscountAmount": 0,
          "CGST": 9.9,
          "SGST": 9.9
        }
      }
    },
    "UuId": 1,
    "pk": 1,
    "DateTime": "2024-03-05T06:13:27.349Z"
  },
  {
    "ItemsInOrder": {
      "1": {
        "ItemSerial": 1,
        "Category": "Women",
        "ItemName": "W Jean",
        "ItemNamePk": "6",
        "WashType": "DryWash",
        "WashTypePk": "6",
        "locationPk": "Vizag",
        "location": "Vizag",
        "Pcs": 1,
        "Rate": 65,
        "DisPer": 0,
        "AddOn": "0-0",
        "DeliveryDateTime": "2024-03-12T12:07:14",
        "Total": 65
      },
      "2": {
        "ItemSerial": 2,
        "Category": "Kids",
        "ItemName": "K Shart",
        "ItemNamePk": "3",
        "WashType": "DryWash",
        "WashTypePk": "3",
        "locationPk": "Vizag",
        "location": "Vizag",
        "Pcs": 1,
        "Rate": 40,
        "DisPer": 0,
        "AddOn": "0-0",
        "DeliveryDateTime": "2024-03-12T12:07:42",
        "Total": 40
      }
    },
    "CustomerData": {
      "CustomerName": "reddy",
      "CustomerMobile": "316549745"
    },
    "OrderData": {
      "BranchName": "LaysonsBayColony",
      "Currentdateandtime": "2024-03-05T12:07:14"
    },
    "AddOnData": {
      "1": {
        "AddOnService": "Petrol Wash High",
        "AddOnRate": 90,
        "AddOnItemSerial": null,
        "AddOnImageSerial": ""
      }
    },
    "CheckOutData": {
      "1": {
        "RoundOff": 0.5,
        "CashAmount": 100,
        "CardAmount": 12,
        "UPIAmount": 0,
        "DiscountPer": 10,
        "GstData": {
          "DiscountAmount": 10.5,
          "CGST": 8.5,
          "SGST": 8.5
        }
      }
    },
    "UuId": 2,
    "pk": 2,
    "DateTime": "2024-03-05T06:37:20.899Z"
  },
  {
    "ItemsInOrder": {
      "1": {
        "ItemSerial": 1,
        "Category": "Men",
        "ItemName": "M Pant",
        "ItemNamePk": "2",
        "WashType": "DryWash",
        "WashTypePk": "2",
        "locationPk": "Vizag",
        "location": "Vizag",
        "Pcs": 1,
        "Rate": 50,
        "DisPer": 0,
        "AddOn": "0-0",
        "DeliveryDateTime": "2024-03-12T12:45:09",
        "Total": 50
      }
    },
    "CustomerData": {
      "CustomerName": "prasanna",
      "CustomerMobile": "7326549870"
    },
    "OrderData": {
      "BranchName": "LaysonsBayColony",
      "Currentdateandtime": "2024-03-05T12:45:09"
    },
    "AddOnData": {
      "1": {
        "AddOnService": "Starch",
        "AddOnRate": 30,
        "AddOnItemSerial": null,
        "AddOnImageSerial": ""
      },
      "2": {
        "AddOnService": "Petrol Wash High",
        "AddOnRate": 200,
        "AddOnItemSerial": 1,
        "AddOnImageSerial": ""
      }
    },
    "CheckOutData": {
      "1": {
        "RoundOff": 0.5,
        "CashAmount": 266,
        "CardAmount": 0,
        "UPIAmount": 0,
        "DiscountPer": 10,
        "GstData": {
          "DiscountAmount": 25,
          "CGST": 20.25,
          "SGST": 20.25
        }
      }
    },
    "UuId": 3,
    "pk": 3,
    "DateTime": "2024-03-05T07:15:14.145Z"
  },
  {
    "ItemsInOrder": {
      "1": {
        "ItemSerial": 1,
        "Category": "Women",
        "ItemName": "W Saree",
        "ItemNamePk": "5",
        "WashType": "DryWash",
        "WashTypePk": "5",
        "locationPk": "Vizag",
        "location": "Vizag",
        "Pcs": 4,
        "Rate": 170,
        "DisPer": 0,
        "AddOn": "0-0",
        "DeliveryDateTime": "2024-03-13T19:40:27",
        "Total": 680
      }
    },
    "CustomerData": {
      "CustomerName": "N.R.K.Murthi",
      "CustomerMobile": "8179249830"
    },
    "OrderData": {
      "BranchName": "LaysonsBayColony",
      "Currentdateandtime": "2024-03-06T19:40:27"
    },
    "AddOnData": {
      "1": {
        "AddOnService": "Starch",
        "AddOnRate": 0,
        "AddOnItemSerial": 1,
        "AddOnImageSerial": ""
      }
    },
    "CheckOutData": {
      "1": {
        "RoundOff": -0.4,
        "CashAmount": 802,
        "CardAmount": 0,
        "UPIAmount": 0,
        "DiscountPer": 0,
        "GstData": {
          "DiscountAmount": 0,
          "CGST": 61.2,
          "SGST": 61.2
        }
      }
    },
    "UuId": 4,
    "pk": 4,
    "DateTime": "2024-03-06T14:10:55.162Z"
  },
  {
    "ItemsInOrder": {
      "1": {
        "ItemSerial": 1,
        "Category": "Women",
        "ItemName": "W Saree",
        "ItemNamePk": "5",
        "WashType": "DryWash",
        "WashTypePk": "5",
        "locationPk": "Vizag",
        "location": "Vizag",
        "Pcs": 1,
        "Rate": 400,
        "DisPer": 0,
        "AddOn": "0-0",
        "DeliveryDateTime": "2024-03-18T13:48:38",
        "Total": 400
      },
      "2": {
        "ItemSerial": 2,
        "Category": "Women",
        "ItemName": "W Saree",
        "ItemNamePk": "5",
        "WashType": "DryWash",
        "WashTypePk": "5",
        "locationPk": "Vizag",
        "location": "Vizag",
        "Pcs": 1,
        "Rate": 120,
        "DisPer": 0,
        "AddOn": "0-0",
        "DeliveryDateTime": "2024-03-14T13:50:17",
        "Total": 120
      }
    },
    "CustomerData": {
      "CustomerName": "padmaja",
      "CustomerMobile": "8074098547"
    },
    "OrderData": {
      "BranchName": "LaysonsBayColony",
      "Currentdateandtime": "2024-03-07T13:48:38"
    },
    "AddOnData": {
      "1": {
        "AddOnService": "Rolling",
        "AddOnRate": 0,
        "AddOnItemSerial": 2,
        "AddOnImageSerial": ""
      }
    },
    "CheckOutData": {
      "1": {
        "RoundOff": 0.4,
        "CashAmount": 614,
        "CardAmount": 0,
        "UPIAmount": 0,
        "DiscountPer": 0,
        "GstData": {
          "DiscountAmount": 0,
          "CGST": 46.8,
          "SGST": 46.8
        }
      }
    },
    "UuId": 5,
    "pk": 5,
    "DateTime": "2024-03-07T08:20:09.198Z"
  },
  {
    "ItemsInOrder": {
      "1": {
        "ItemSerial": 1,
        "Category": "Men",
        "ItemName": "M Shart",
        "ItemNamePk": "1",
        "WashType": "DryWash",
        "WashTypePk": "1",
        "locationPk": "Vizag",
        "location": "Vizag",
        "Pcs": 2,
        "Rate": 60,
        "DisPer": 0,
        "AddOn": "0-0",
        "DeliveryDateTime": "2024-03-14T14:04:06",
        "Total": 120
      },
      "2": {
        "ItemSerial": 2,
        "Category": "Men",
        "ItemName": "M Pant",
        "ItemNamePk": "2",
        "WashType": "DryWash",
        "WashTypePk": "2",
        "locationPk": "Vizag",
        "location": "Vizag",
        "Pcs": 2,
        "Rate": 60,
        "DisPer": 0,
        "AddOn": "0-0",
        "DeliveryDateTime": "2024-03-14T14:04:32",
        "Total": 120
      }
    },
    "CustomerData": {
      "CustomerName": "K.Ramu",
      "CustomerMobile": "9848535887"
    },
    "OrderData": {
      "BranchName": "LaysonsBayColony",
      "Currentdateandtime": "2024-03-07T14:04:06"
    },
    "AddOnData": {
      "1": {
        "AddOnService": "m str",
        "AddOnRate": 0,
        "AddOnItemSerial": 1,
        "AddOnImageSerial": ""
      },
      "2": {
        "AddOnService": "m str",
        "AddOnRate": 0,
        "AddOnItemSerial": 2,
        "AddOnImageSerial": ""
      }
    },
    "CheckOutData": {
      "1": {
        "RoundOff": -0.2,
        "CashAmount": 283,
        "CardAmount": 0,
        "UPIAmount": 0,
        "DiscountPer": 0,
        "GstData": {
          "DiscountAmount": 0,
          "CGST": 21.6,
          "SGST": 21.6
        }
      }
    },
    "UuId": 6,
    "pk": 6,
    "DateTime": "2024-03-07T08:34:30.417Z"
  },
  {
    "ItemsInOrder": {
      "1": {
        "ItemSerial": 1,
        "Category": "Women",
        "ItemName": "W Saree",
        "ItemNamePk": "5",
        "WashType": "DryWash",
        "WashTypePk": "5",
        "locationPk": "Vizag",
        "location": "Vizag",
        "Pcs": 1,
        "Rate": 400,
        "DisPer": 0,
        "AddOn": "0-0",
        "DeliveryDateTime": "2024-03-14T14:17:35",
        "Total": 400
      },
      "2": {
        "ItemSerial": 2,
        "Category": "Men",
        "ItemName": "M Jean",
        "ItemNamePk": "7",
        "WashType": "DryWash",
        "WashTypePk": "7",
        "locationPk": "Vizag",
        "location": "Vizag",
        "Pcs": 1,
        "Rate": 60,
        "DisPer": 0,
        "AddOn": "0-0",
        "DeliveryDateTime": "2024-03-14T14:17:48",
        "Total": 60
      }
    },
    "CustomerData": {
      "CustomerName": "SUNITHA",
      "CustomerMobile": "8897552012"
    },
    "OrderData": {
      "BranchName": "LaysonsBayColony",
      "Currentdateandtime": "2024-03-07T14:17:35"
    },
    "AddOnData": {
      "1": {
        "AddOnService": "stains",
        "AddOnRate": 0,
        "AddOnItemSerial": 1,
        "AddOnImageSerial": ""
      }
    },
    "CheckOutData": {
      "1": {
        "RoundOff": 0.2,
        "CashAmount": 543,
        "CardAmount": 0,
        "UPIAmount": 0,
        "DiscountPer": 0,
        "GstData": {
          "DiscountAmount": 0,
          "CGST": 41.4,
          "SGST": 41.4
        }
      }
    },
    "UuId": 7,
    "pk": 7,
    "DateTime": "2024-03-07T08:47:46.687Z"
  },
  {
    "ItemsInOrder": {
      "1": {
        "ItemSerial": 1,
        "Category": "Women",
        "ItemName": "W Saree",
        "ItemNamePk": "5",
        "WashType": "DryWash",
        "WashTypePk": "5",
        "locationPk": "Vizag",
        "location": "Vizag",
        "Pcs": 1,
        "Rate": 170,
        "DisPer": 0,
        "AddOn": "0-0",
        "DeliveryDateTime": "2024-03-14T14:20:44",
        "Total": 170
      }
    },
    "CustomerData": {
      "CustomerName": "Manorama",
      "CustomerMobile": "9646613779"
    },
    "OrderData": {
      "BranchName": "LaysonsBayColony",
      "Currentdateandtime": "2024-03-07T14:20:44"
    },
    "AddOnData": {
      "1": {
        "AddOnService": "stains",
        "AddOnRate": 0,
        "AddOnItemSerial": 1,
        "AddOnImageSerial": ""
      }
    },
    "CheckOutData": {
      "1": {
        "RoundOff": 0.4,
        "CashAmount": 201,
        "CardAmount": 0,
        "UPIAmount": 0,
        "DiscountPer": 0,
        "GstData": {
          "DiscountAmount": 0,
          "CGST": 15.3,
          "SGST": 15.3
        }
      }
    },
    "UuId": 8,
    "pk": 8,
    "DateTime": "2024-03-07T08:51:00.244Z"
  },
  {
    "ItemsInOrder": {
      "1": {
        "ItemSerial": 1,
        "Category": "Men",
        "ItemName": "M Shart",
        "ItemNamePk": "1",
        "WashType": "DryWash",
        "WashTypePk": "1",
        "locationPk": "Vizag",
        "location": "Vizag",
        "Pcs": 1,
        "Rate": 60,
        "DisPer": 0,
        "AddOn": "0-0",
        "DeliveryDateTime": "2024-03-14T14:39:49",
        "Total": 60
      }
    },
    "CustomerData": {
      "CustomerName": "RAM",
      "CustomerMobile": "8341177772"
    },
    "OrderData": {
      "BranchName": "LaysonsBayColony",
      "Currentdateandtime": "2024-03-07T14:39:49"
    },
    "AddOnData": {
      "1": {
        "AddOnService": "stains",
        "AddOnRate": 0,
        "AddOnItemSerial": 1,
        "AddOnImageSerial": ""
      }
    },
    "CheckOutData": {
      "1": {
        "RoundOff": 0.2,
        "CashAmount": 71,
        "CardAmount": 0,
        "UPIAmount": 0,
        "DiscountPer": 0,
        "GstData": {
          "DiscountAmount": 0,
          "CGST": 5.4,
          "SGST": 5.4
        }
      }
    },
    "UuId": 9,
    "pk": 9,
    "DateTime": "2024-03-07T09:10:09.853Z"
  },
  {
    "ItemsInOrder": {
      "1": {
        "ItemSerial": 1,
        "Category": "Men",
        "ItemName": "M Shart",
        "ItemNamePk": "1",
        "WashType": "DryWash",
        "WashTypePk": "1",
        "locationPk": "Vizag",
        "location": "Vizag",
        "Pcs": 1,
        "Rate": 60,
        "DisPer": 0,
        "AddOn": "0-0",
        "DeliveryDateTime": "2024-03-14T14:43:22",
        "Total": 60
      }
    },
    "CustomerData": {
      "CustomerName": "RAM",
      "CustomerMobile": "8341177772"
    },
    "OrderData": {
      "BranchName": "LaysonsBayColony",
      "Currentdateandtime": "2024-03-07T14:43:22"
    },
    "AddOnData": {},
    "CheckOutData": {
      "1": {
        "RoundOff": 0.2,
        "CashAmount": 71,
        "CardAmount": 0,
        "UPIAmount": 0,
        "DiscountPer": 0,
        "GstData": {
          "DiscountAmount": 0,
          "CGST": 5.4,
          "SGST": 5.4
        }
      }
    },
    "UuId": 10,
    "pk": 10,
    "DateTime": "2024-03-07T09:13:27.241Z"
  },
  {
    "ItemsInOrder": {
      "1": {
        "ItemSerial": 1,
        "Category": "Men",
        "ItemName": "M Shart",
        "ItemNamePk": "1",
        "WashType": "DryWash",
        "WashTypePk": "1",
        "locationPk": "Vizag",
        "location": "Vizag",
        "Pcs": 1,
        "Rate": 45,
        "DisPer": 0,
        "AddOn": "0-0",
        "DeliveryDateTime": "2024-03-14T15:20:51",
        "Total": 45
      }
    },
    "CustomerData": {
      "CustomerName": "LAKSHMAN",
      "CustomerMobile": "9849177018"
    },
    "OrderData": {
      "BranchName": "LaysonsBayColony",
      "Currentdateandtime": "2024-03-07T15:20:51"
    },
    "AddOnData": {},
    "CheckOutData": {},
    "UuId": 11,
    "pk": 11,
    "DateTime": "2024-03-07T09:50:56.697Z"
  },
  {
    "ItemsInOrder": {
      "1": {
        "ItemSerial": 1,
        "Category": "Men",
        "ItemName": "M Shart",
        "ItemNamePk": "1",
        "WashType": "DryWash",
        "WashTypePk": "1",
        "locationPk": "Vizag",
        "location": "Vizag",
        "Pcs": 1,
        "Rate": 60,
        "DisPer": 0,
        "AddOn": "0-0",
        "DeliveryDateTime": "2024-03-14T15:47:32",
        "Total": 60
      },
      "2": {
        "ItemSerial": 2,
        "Category": "Men",
        "ItemName": "M Pant",
        "ItemNamePk": "2",
        "WashType": "DryWash",
        "WashTypePk": "2",
        "locationPk": "Vizag",
        "location": "Vizag",
        "Pcs": 1,
        "Rate": 60,
        "DisPer": 0,
        "AddOn": "0-0",
        "DeliveryDateTime": "2024-03-14T15:47:44",
        "Total": 60
      }
    },
    "CustomerData": {
      "CustomerName": "Dr.sekhar",
      "CustomerMobile": "9949740013"
    },
    "OrderData": {
      "BranchName": "LaysonsBayColony",
      "Currentdateandtime": "2024-03-07T15:47:32"
    },
    "AddOnData": {
      "1": {
        "AddOnService": "stains",
        "AddOnRate": 0,
        "AddOnItemSerial": 1,
        "AddOnImageSerial": ""
      }
    },
    "CheckOutData": {
      "1": {
        "RoundOff": 0.4,
        "CashAmount": 142,
        "CardAmount": 0,
        "UPIAmount": 0,
        "DiscountPer": 0,
        "GstData": {
          "DiscountAmount": 0,
          "CGST": 10.8,
          "SGST": 10.8
        }
      }
    },
    "UuId": 12,
    "pk": 12,
    "DateTime": "2024-03-07T10:17:43.001Z"
  },
  {
    "ItemsInOrder": {
      "1": {
        "ItemSerial": 1,
        "Category": "Women",
        "ItemName": "W Saree",
        "ItemNamePk": "5",
        "WashType": "DryWash",
        "WashTypePk": "5",
        "locationPk": "Vizag",
        "location": "Vizag",
        "Pcs": 3,
        "Rate": 100,
        "DisPer": 0,
        "AddOn": "0-0",
        "DeliveryDateTime": "2024-03-14T16:01:41",
        "Total": 300
      }
    },
    "CustomerData": {
      "CustomerName": "syamal",
      "CustomerMobile": "8978337369"
    },
    "OrderData": {
      "BranchName": "LaysonsBayColony",
      "Currentdateandtime": "2024-03-07T16:01:41"
    },
    "AddOnData": {
      "1": {
        "AddOnService": "Starch",
        "AddOnRate": 0,
        "AddOnItemSerial": 1,
        "AddOnImageSerial": ""
      }
    },
    "CheckOutData": {
      "1": {
        "RoundOff": 0,
        "CashAmount": 0,
        "CardAmount": 354,
        "UPIAmount": 0,
        "DiscountPer": 0,
        "GstData": {
          "DiscountAmount": 0,
          "CGST": 27,
          "SGST": 27
        }
      }
    },
    "UuId": 13,
    "pk": 13,
    "DateTime": "2024-03-07T10:31:56.713Z"
  },
  {
    "ItemsInOrder": {
      "1": {
        "ItemSerial": 1,
        "Category": "Men",
        "ItemName": "M Shart",
        "ItemNamePk": "1",
        "WashType": "DryWash",
        "WashTypePk": "1",
        "locationPk": "Vizag",
        "location": "Vizag",
        "Pcs": 2,
        "Rate": 60,
        "DisPer": 0,
        "AddOn": "0-0",
        "DeliveryDateTime": "2024-03-18T15:33:24",
        "Total": 120
      },
      "2": {
        "ItemSerial": 2,
        "Category": "Men",
        "ItemName": "M Shart",
        "ItemNamePk": "1",
        "WashType": "DryWash",
        "WashTypePk": "1",
        "locationPk": "Vizag",
        "location": "Vizag",
        "Pcs": 1,
        "Rate": 45,
        "DisPer": 0,
        "AddOn": "0-0",
        "DeliveryDateTime": "2024-03-15T15:39:25",
        "Total": 45
      }
    },
    "CustomerData": {
      "CustomerName": "somaraju",
      "CustomerMobile": "9705751511"
    },
    "OrderData": {
      "BranchName": "LaysonsBayColony",
      "Currentdateandtime": "2024-03-08T15:33:24"
    },
    "AddOnData": {
      "1": {
        "AddOnService": "m str",
        "AddOnRate": 0,
        "AddOnItemSerial": 1,
        "AddOnImageSerial": ""
      },
      "2": {
        "AddOnService": "H STR",
        "AddOnRate": 0,
        "AddOnItemSerial": 2,
        "AddOnImageSerial": ""
      }
    },
    "CheckOutData": {
      "1": {
        "RoundOff": 0.3,
        "CashAmount": 195,
        "CardAmount": 0,
        "UPIAmount": 0,
        "DiscountPer": 0,
        "GstData": {
          "DiscountAmount": 0,
          "CGST": 14.85,
          "SGST": 14.85
        }
      }
    },
    "UuId": 14,
    "pk": 14,
    "DateTime": "2024-03-08T10:04:41.604Z"
  },
  {
    "ItemsInOrder": {
      "1": {
        "ItemSerial": 1,
        "Category": "Women",
        "ItemName": "W Saree",
        "ItemNamePk": "5",
        "WashType": "DryWash",
        "WashTypePk": "5",
        "locationPk": "Vizag",
        "location": "Vizag",
        "Pcs": 6,
        "Rate": 170,
        "DisPer": 0,
        "AddOn": "0-0",
        "DeliveryDateTime": "2024-03-19T14:12:27",
        "Total": 1020
      }
    },
    "CustomerData": {
      "CustomerName": "Manju",
      "CustomerMobile": "9441966112"
    },
    "OrderData": {
      "BranchName": "LaysonsBayColony",
      "Currentdateandtime": "2024-03-09T14:12:27"
    },
    "AddOnData": {
      "1": {
        "AddOnService": "m str",
        "AddOnRate": 0,
        "AddOnItemSerial": 1,
        "AddOnImageSerial": ""
      }
    },
    "CheckOutData": {
      "1": {
        "RoundOff": 0.4,
        "CashAmount": 0,
        "CardAmount": 0,
        "UPIAmount": 1204,
        "DiscountPer": 0,
        "GstData": {
          "DiscountAmount": 0,
          "CGST": 91.8,
          "SGST": 91.8
        }
      }
    },
    "UuId": 15,
    "pk": 15,
    "DateTime": "2024-03-09T08:43:05.764Z"
  },
  {
    "ItemsInOrder": {
      "1": {
        "ItemSerial": 1,
        "Category": "Men",
        "ItemName": "M Shart",
        "ItemNamePk": "1",
        "WashType": "DryWash",
        "WashTypePk": "1",
        "locationPk": "Vizag",
        "location": "Vizag",
        "Pcs": 6,
        "Rate": 60,
        "DisPer": 0,
        "AddOn": "0-0",
        "DeliveryDateTime": "2024-03-16T14:16:22",
        "Total": 360
      },
      "2": {
        "ItemSerial": 2,
        "Category": "Men",
        "ItemName": "M Pant",
        "ItemNamePk": "2",
        "WashType": "DryWash",
        "WashTypePk": "2",
        "locationPk": "Vizag",
        "location": "Vizag",
        "Pcs": 5,
        "Rate": 60,
        "DisPer": 0,
        "AddOn": "0-0",
        "DeliveryDateTime": "2024-03-16T14:16:57",
        "Total": 300
      },
      "3": {
        "ItemSerial": 3,
        "Category": "Men",
        "ItemName": "T SHIRT",
        "ItemNamePk": "13",
        "WashType": "DryWash",
        "WashTypePk": "13",
        "locationPk": "Vizag",
        "location": "Vizag",
        "Pcs": 1,
        "Rate": 60,
        "DisPer": 0,
        "AddOn": "0-0",
        "DeliveryDateTime": "2024-03-16T14:17:28",
        "Total": 60
      },
      "4": {
        "ItemSerial": 4,
        "Category": "Women",
        "ItemName": "BLOUSE",
        "ItemNamePk": "64",
        "WashType": "DryWash",
        "WashTypePk": "64",
        "locationPk": "Vizag",
        "location": "Vizag",
        "Pcs": 1,
        "Rate": 50,
        "DisPer": 0,
        "AddOn": "0-0",
        "DeliveryDateTime": "2024-03-16T14:17:49",
        "Total": 50
      },
      "5": {
        "ItemSerial": 5,
        "Category": "Women",
        "ItemName": "W Saree",
        "ItemNamePk": "5",
        "WashType": "DryWash",
        "WashTypePk": "5",
        "locationPk": "Vizag",
        "location": "Vizag",
        "Pcs": 1,
        "Rate": 170,
        "DisPer": 0,
        "AddOn": "0-0",
        "DeliveryDateTime": "2024-03-16T14:19:13",
        "Total": 170
      },
      "6": {
        "ItemSerial": 6,
        "Category": "Women",
        "ItemName": "LONG FROCK",
        "ItemNamePk": "11",
        "WashType": "DryWash",
        "WashTypePk": "11",
        "locationPk": "Vizag",
        "location": "Vizag",
        "Pcs": 1,
        "Rate": 200,
        "DisPer": 0,
        "AddOn": "0-0",
        "DeliveryDateTime": "2024-03-16T14:19:29",
        "Total": 200
      },
      "7": {
        "ItemSerial": 7,
        "Category": "Others",
        "ItemName": "BED SHEET(SINGLE)",
        "ItemNamePk": "94",
        "WashType": "DryWash",
        "WashTypePk": "94",
        "locationPk": "Vizag",
        "location": "Vizag",
        "Pcs": 5,
        "Rate": 200,
        "DisPer": 0,
        "AddOn": "0-0",
        "DeliveryDateTime": "2024-03-16T14:20:04",
        "Total": 1000
      },
      "8": {
        "ItemSerial": 8,
        "Category": "Others",
        "ItemName": "PILLOW COVERS",
        "ItemNamePk": "100",
        "WashType": "DryWash",
        "WashTypePk": "100",
        "locationPk": "Vizag",
        "location": "Vizag",
        "Pcs": 13,
        "Rate": 50,
        "DisPer": 0,
        "AddOn": "0-0",
        "DeliveryDateTime": "2024-03-16T14:20:48",
        "Total": 650
      }
    },
    "CustomerData": {
      "CustomerName": "M.Lakshmi",
      "CustomerMobile": "9885212454"
    },
    "OrderData": {
      "BranchName": "LaysonsBayColony",
      "Currentdateandtime": "2024-03-09T14:16:22"
    },
    "AddOnData": {
      "1": {
        "AddOnService": "stains",
        "AddOnRate": 0,
        "AddOnItemSerial": 1,
        "AddOnImageSerial": ""
      },
      "2": {
        "AddOnService": "stains",
        "AddOnRate": 0,
        "AddOnItemSerial": 2,
        "AddOnImageSerial": ""
      },
      "3": {
        "AddOnService": "stains",
        "AddOnRate": 0,
        "AddOnItemSerial": 3,
        "AddOnImageSerial": ""
      },
      "4": {
        "AddOnService": "m str",
        "AddOnRate": 0,
        "AddOnItemSerial": 7,
        "AddOnImageSerial": ""
      },
      "5": {
        "AddOnService": "m str",
        "AddOnRate": 0,
        "AddOnItemSerial": 8,
        "AddOnImageSerial": ""
      }
    },
    "CheckOutData": {
      "1": {
        "RoundOff": -0.2,
        "CashAmount": 3292,
        "CardAmount": 0,
        "UPIAmount": 0,
        "DiscountPer": 0,
        "GstData": {
          "DiscountAmount": 0,
          "CGST": 251.1,
          "SGST": 251.1
        }
      }
    },
    "UuId": 16,
    "pk": 16,
    "DateTime": "2024-03-09T08:46:39.297Z"
  },
  {
    "ItemsInOrder": {
      "1": {
        "ItemSerial": 1,
        "Category": "Women",
        "ItemName": "W Saree",
        "ItemNamePk": "5",
        "WashType": "DryWash",
        "WashTypePk": "5",
        "locationPk": "Vizag",
        "location": "Vizag",
        "Pcs": 4,
        "Rate": 170,
        "DisPer": 0,
        "AddOn": "0-0",
        "DeliveryDateTime": "2024-03-16T14:26:56",
        "Total": 680
      },
      "2": {
        "ItemSerial": 2,
        "Category": "Women",
        "ItemName": "BLOUSE",
        "ItemNamePk": "64",
        "WashType": "DryWash",
        "WashTypePk": "64",
        "locationPk": "Vizag",
        "location": "Vizag",
        "Pcs": 1,
        "Rate": 40,
        "DisPer": 0,
        "AddOn": "0-0",
        "DeliveryDateTime": "2024-03-16T14:27:28",
        "Total": 40
      }
    },
    "CustomerData": {
      "CustomerName": "Chandra",
      "CustomerMobile": "7550161779"
    },
    "OrderData": {
      "BranchName": "LaysonsBayColony",
      "Currentdateandtime": "2024-03-09T14:26:56"
    },
    "AddOnData": {
      "1": {
        "AddOnService": "stains",
        "AddOnRate": 0,
        "AddOnItemSerial": 1,
        "AddOnImageSerial": ""
      },
      "2": {
        "AddOnService": "stains",
        "AddOnRate": 0,
        "AddOnItemSerial": 2,
        "AddOnImageSerial": ""
      }
    },
    "CheckOutData": {
      "1": {
        "RoundOff": 0.4,
        "CashAmount": 0,
        "CardAmount": 0,
        "UPIAmount": 850,
        "DiscountPer": 0,
        "GstData": {
          "DiscountAmount": 0,
          "CGST": 64.8,
          "SGST": 64.8
        }
      }
    },
    "UuId": 17,
    "pk": 17,
    "DateTime": "2024-03-09T08:57:13.194Z"
  },
  {
    "ItemsInOrder": {
      "1": {
        "ItemSerial": 1,
        "Category": "Men",
        "ItemName": "M Shart",
        "ItemNamePk": "1",
        "WashType": "DryWash",
        "WashTypePk": "1",
        "locationPk": "Vizag",
        "location": "Vizag",
        "Pcs": 3,
        "Rate": 60,
        "DisPer": 0,
        "AddOn": "0-0",
        "DeliveryDateTime": "2024-03-16T14:33:22",
        "Total": 180
      }
    },
    "CustomerData": {
      "CustomerName": "Chandhu",
      "CustomerMobile": "9885222722"
    },
    "OrderData": {
      "BranchName": "LaysonsBayColony",
      "Currentdateandtime": "2024-03-09T14:33:22"
    },
    "AddOnData": {
      "1": {
        "AddOnService": "PW",
        "AddOnRate": 0,
        "AddOnItemSerial": 1,
        "AddOnImageSerial": ""
      },
      "2": {
        "AddOnService": "m str",
        "AddOnRate": 0,
        "AddOnItemSerial": 1,
        "AddOnImageSerial": ""
      }
    },
    "CheckOutData": {
      "1": {
        "RoundOff": -0.4,
        "CashAmount": 212,
        "CardAmount": 0,
        "UPIAmount": 0,
        "DiscountPer": 0,
        "GstData": {
          "DiscountAmount": 0,
          "CGST": 16.2,
          "SGST": 16.2
        }
      }
    },
    "UuId": 18,
    "pk": 18,
    "DateTime": "2024-03-09T09:03:47.582Z"
  },
  {
    "ItemsInOrder": {
      "1": {
        "ItemSerial": 1,
        "Category": "Women",
        "ItemName": "LONG TOP",
        "ItemNamePk": "45",
        "WashType": "DryWash",
        "WashTypePk": "45",
        "locationPk": "Vizag",
        "location": "Vizag",
        "Pcs": 6,
        "Rate": 180,
        "DisPer": 0,
        "AddOn": "0-0",
        "DeliveryDateTime": "2024-03-16T14:45:55",
        "Total": 1080
      },
      "2": {
        "ItemSerial": 2,
        "Category": "Women",
        "ItemName": "TOP(NORMAL)",
        "ItemNamePk": "43",
        "WashType": "DryWash",
        "WashTypePk": "43",
        "locationPk": "Vizag",
        "location": "Vizag",
        "Pcs": 1,
        "Rate": 100,
        "DisPer": 0,
        "AddOn": "0-0",
        "DeliveryDateTime": "2024-03-16T14:46:26",
        "Total": 100
      },
      "3": {
        "ItemSerial": 3,
        "Category": "Men",
        "ItemName": "M Shart",
        "ItemNamePk": "1",
        "WashType": "DryWash",
        "WashTypePk": "1",
        "locationPk": "Vizag",
        "location": "Vizag",
        "Pcs": 5,
        "Rate": 60,
        "DisPer": 0,
        "AddOn": "0-0",
        "DeliveryDateTime": "2024-03-16T14:47:41",
        "Total": 300
      },
      "4": {
        "ItemSerial": 4,
        "Category": "Men",
        "ItemName": "T SHIRT",
        "ItemNamePk": "13",
        "WashType": "DryWash",
        "WashTypePk": "13",
        "locationPk": "Vizag",
        "location": "Vizag",
        "Pcs": 3,
        "Rate": 60,
        "DisPer": 0,
        "AddOn": "0-0",
        "DeliveryDateTime": "2024-03-16T14:48:13",
        "Total": 180
      },
      "5": {
        "ItemSerial": 5,
        "Category": "Women",
        "ItemName": "BOTTOM",
        "ItemNamePk": "49",
        "WashType": "DryWash",
        "WashTypePk": "49",
        "locationPk": "Vizag",
        "location": "Vizag",
        "Pcs": 5,
        "Rate": 60,
        "DisPer": 0,
        "AddOn": "0-0",
        "DeliveryDateTime": "2024-03-16T14:48:41",
        "Total": 300
      },
      "6": {
        "ItemSerial": 6,
        "Category": "Men",
        "ItemName": "M Jean",
        "ItemNamePk": "7",
        "WashType": "DryWash",
        "WashTypePk": "7",
        "locationPk": "Vizag",
        "location": "Vizag",
        "Pcs": 1,
        "Rate": 60,
        "DisPer": 0,
        "AddOn": "0-0",
        "DeliveryDateTime": "2024-03-16T14:49:19",
        "Total": 60
      }
    },
    "CustomerData": {
      "CustomerName": "Archana",
      "CustomerMobile": "9391033720"
    },
    "OrderData": {
      "BranchName": "LaysonsBayColony",
      "Currentdateandtime": "2024-03-09T14:45:55"
    },
    "AddOnData": {
      "1": {
        "AddOnService": "stains",
        "AddOnRate": 0,
        "AddOnItemSerial": 1,
        "AddOnImageSerial": ""
      },
      "2": {
        "AddOnService": "stains",
        "AddOnRate": 0,
        "AddOnItemSerial": 2,
        "AddOnImageSerial": ""
      },
      "3": {
        "AddOnService": "stains",
        "AddOnRate": 0,
        "AddOnItemSerial": 3,
        "AddOnImageSerial": ""
      },
      "4": {
        "AddOnService": "stains",
        "AddOnRate": 0,
        "AddOnItemSerial": 4,
        "AddOnImageSerial": ""
      },
      "5": {
        "AddOnService": "stains",
        "AddOnRate": 0,
        "AddOnItemSerial": 5,
        "AddOnImageSerial": ""
      }
    },
    "CheckOutData": {
      "1": {
        "RoundOff": 0.4,
        "CashAmount": 0,
        "CardAmount": 2384,
        "UPIAmount": 0,
        "DiscountPer": 0,
        "GstData": {
          "DiscountAmount": 0,
          "CGST": 181.8,
          "SGST": 181.8
        }
      }
    },
    "UuId": 19,
    "pk": 19,
    "DateTime": "2024-03-09T09:16:24.647Z"
  },
  {
    "ItemsInOrder": {
      "1": {
        "ItemSerial": 1,
        "Category": "Women",
        "ItemName": "W Saree",
        "ItemNamePk": "5",
        "WashType": "DryWash",
        "WashTypePk": "5",
        "locationPk": "Vizag",
        "location": "Vizag",
        "Pcs": 4,
        "Rate": 100,
        "DisPer": 0,
        "AddOn": "0-0",
        "DeliveryDateTime": "2024-03-16T14:51:51",
        "Total": 400
      },
      "2": {
        "ItemSerial": 2,
        "Category": "Women",
        "ItemName": "W Saree",
        "ItemNamePk": "5",
        "WashType": "DryWash",
        "WashTypePk": "5",
        "locationPk": "Vizag",
        "location": "Vizag",
        "Pcs": 2,
        "Rate": 170,
        "DisPer": 0,
        "AddOn": "0-0",
        "DeliveryDateTime": "2024-03-16T14:52:26",
        "Total": 340
      },
      "3": {
        "ItemSerial": 3,
        "Category": "Women",
        "ItemName": "BLOUSE",
        "ItemNamePk": "64",
        "WashType": "DryWash",
        "WashTypePk": "64",
        "locationPk": "Vizag",
        "location": "Vizag",
        "Pcs": 2,
        "Rate": 40,
        "DisPer": 0,
        "AddOn": "0-0",
        "DeliveryDateTime": "2024-03-16T14:53:06",
        "Total": 80
      },
      "4": {
        "ItemSerial": 4,
        "Category": "Women",
        "ItemName": "W Saree",
        "ItemNamePk": "5",
        "WashType": "DryWash",
        "WashTypePk": "5",
        "locationPk": "Vizag",
        "location": "Vizag",
        "Pcs": 1,
        "Rate": 100,
        "DisPer": 0,
        "AddOn": "0-0",
        "DeliveryDateTime": "2024-03-16T14:53:43",
        "Total": 100
      }
    },
    "CustomerData": {
      "CustomerName": "Savithri",
      "CustomerMobile": "9703701818"
    },
    "OrderData": {
      "BranchName": "LaysonsBayColony",
      "Currentdateandtime": "2024-03-09T14:51:51"
    },
    "AddOnData": {
      "1": {
        "AddOnService": "m str",
        "AddOnRate": 0,
        "AddOnItemSerial": 1,
        "AddOnImageSerial": ""
      },
      "2": {
        "AddOnService": "stains",
        "AddOnRate": 10,
        "AddOnItemSerial": 2,
        "AddOnImageSerial": ""
      },
      "3": {
        "AddOnService": "stains",
        "AddOnRate": 0,
        "AddOnItemSerial": 3,
        "AddOnImageSerial": ""
      },
      "4": {
        "AddOnService": "m str",
        "AddOnRate": 0,
        "AddOnItemSerial": 4,
        "AddOnImageSerial": ""
      }
    },
    "CheckOutData": {
      "1": {
        "RoundOff": -0.4,
        "CashAmount": 0,
        "CardAmount": 0,
        "UPIAmount": 1097,
        "DiscountPer": 0,
        "GstData": {
          "DiscountAmount": 0,
          "CGST": 83.7,
          "SGST": 83.7
        }
      }
    },
    "UuId": 20,
    "pk": 20,
    "DateTime": "2024-03-09T09:22:13.119Z"
  },
  {
    "ItemsInOrder": {
      "1": {
        "ItemSerial": 1,
        "Category": "Women",
        "ItemName": "W Saree",
        "ItemNamePk": "5",
        "WashType": "DryWash",
        "WashTypePk": "5",
        "locationPk": "Vizag",
        "location": "Vizag",
        "Pcs": 3,
        "Rate": 150,
        "DisPer": 0,
        "AddOn": "0-0",
        "DeliveryDateTime": "2024-03-16T15:11:59",
        "Total": 450
      },
      "2": {
        "ItemSerial": 2,
        "Category": "Women",
        "ItemName": "PATTU SAREE",
        "ItemNamePk": "59",
        "WashType": "DryWash",
        "WashTypePk": "59",
        "locationPk": "Vizag",
        "location": "Vizag",
        "Pcs": 3,
        "Rate": 150,
        "DisPer": 0,
        "AddOn": "0-0",
        "DeliveryDateTime": "2024-03-16T15:12:17",
        "Total": 450
      },
      "3": {
        "ItemSerial": 3,
        "Category": "Women",
        "ItemName": "W Saree",
        "ItemNamePk": "5",
        "WashType": "DryWash",
        "WashTypePk": "5",
        "locationPk": "Vizag",
        "location": "Vizag",
        "Pcs": 1,
        "Rate": 400,
        "DisPer": 0,
        "AddOn": "0-0",
        "DeliveryDateTime": "2024-03-16T15:25:05",
        "Total": 400
      },
      "4": {
        "ItemSerial": 4,
        "Category": "Women",
        "ItemName": "BLOUSE",
        "ItemNamePk": "64",
        "WashType": "DryWash",
        "WashTypePk": "64",
        "locationPk": "Vizag",
        "location": "Vizag",
        "Pcs": 5,
        "Rate": 40,
        "DisPer": 0,
        "AddOn": "0-0",
        "DeliveryDateTime": "2024-03-16T15:26:31",
        "Total": 200
      }
    },
    "CustomerData": {
      "CustomerName": "P.Lakshmi Devi",
      "CustomerMobile": "9989649886"
    },
    "OrderData": {
      "BranchName": "LaysonsBayColony",
      "Currentdateandtime": "2024-03-09T15:11:59"
    },
    "AddOnData": {
      "1": {
        "AddOnService": "PW",
        "AddOnRate": 0,
        "AddOnItemSerial": 3,
        "AddOnImageSerial": ""
      },
      "2": {
        "AddOnService": "stains",
        "AddOnRate": 0,
        "AddOnItemSerial": 4,
        "AddOnImageSerial": ""
      }
    },
    "CheckOutData": {
      "1": {
        "RoundOff": 0,
        "CashAmount": 1770,
        "CardAmount": 0,
        "UPIAmount": 0,
        "DiscountPer": 0,
        "GstData": {
          "DiscountAmount": 0,
          "CGST": 135,
          "SGST": 135
        }
      }
    },
    "UuId": 21,
    "pk": 21,
    "DateTime": "2024-03-09T09:42:15.428Z"
  },
  {
    "ItemsInOrder": {
      "1": {
        "ItemSerial": 1,
        "Category": "Men",
        "ItemName": "KANDUVA",
        "ItemNamePk": "22",
        "WashType": "DryWash",
        "WashTypePk": "22",
        "locationPk": "Vizag",
        "location": "Vizag",
        "Pcs": 2,
        "Rate": 70,
        "DisPer": 0,
        "AddOn": "0-0",
        "DeliveryDateTime": "2024-03-16T15:53:54",
        "Total": 140
      },
      "2": {
        "ItemSerial": 2,
        "Category": "Women",
        "ItemName": "W Saree",
        "ItemNamePk": "5",
        "WashType": "DryWash",
        "WashTypePk": "5",
        "locationPk": "Vizag",
        "location": "Vizag",
        "Pcs": 4,
        "Rate": 60,
        "DisPer": 0,
        "AddOn": "0-0",
        "DeliveryDateTime": "2024-03-16T16:10:41",
        "Total": 240
      }
    },
    "CustomerData": {
      "CustomerName": "bharathi",
      "CustomerMobile": "9044499399"
    },
    "OrderData": {
      "BranchName": "LaysonsBayColony",
      "Currentdateandtime": "2024-03-09T15:53:54"
    },
    "AddOnData": {
      "1": {
        "AddOnService": "stains",
        "AddOnRate": 10,
        "AddOnItemSerial": 1,
        "AddOnImageSerial": ""
      },
      "2": {
        "AddOnService": "m str",
        "AddOnRate": 0,
        "AddOnItemSerial": 1,
        "AddOnImageSerial": ""
      },
      "3": {
        "AddOnService": "stains",
        "AddOnRate": 10,
        "AddOnItemSerial": 2,
        "AddOnImageSerial": ""
      },
      "4": {
        "AddOnService": "H STR",
        "AddOnRate": 10,
        "AddOnItemSerial": 2,
        "AddOnImageSerial": ""
      }
    },
    "CheckOutData": {
      "1": {
        "RoundOff": 0.2,
        "CashAmount": 484,
        "CardAmount": 0,
        "UPIAmount": 0,
        "DiscountPer": 0,
        "GstData": {
          "DiscountAmount": 0,
          "CGST": 36.9,
          "SGST": 36.9
        }
      }
    },
    "UuId": 22,
    "pk": 22,
    "DateTime": "2024-03-09T10:40:19.116Z"
  },
  {
    "ItemsInOrder": {
      "1": {
        "ItemSerial": 1,
        "Category": "Men",
        "ItemName": "M Shart",
        "ItemNamePk": "1",
        "WashType": "DryWash",
        "WashTypePk": "1",
        "locationPk": "Vizag",
        "location": "Vizag",
        "Pcs": 2,
        "Rate": 60,
        "DisPer": 0,
        "AddOn": "0-0",
        "DeliveryDateTime": "2024-03-16T16:42:42",
        "Total": 120
      },
      "2": {
        "ItemSerial": 2,
        "Category": "Kids",
        "ItemName": "K Shart",
        "ItemNamePk": "3",
        "WashType": "DryWash",
        "WashTypePk": "3",
        "locationPk": "Vizag",
        "location": "Vizag",
        "Pcs": 1,
        "Rate": 40,
        "DisPer": 0,
        "AddOn": "0-0",
        "DeliveryDateTime": "2024-03-16T16:42:55",
        "Total": 40
      }
    },
    "CustomerData": {
      "CustomerName": "RAM",
      "CustomerMobile": "8341177772"
    },
    "OrderData": {
      "BranchName": "LaysonsBayColony",
      "Currentdateandtime": "2024-03-09T16:42:42"
    },
    "AddOnData": {},
    "CheckOutData": {
      "1": {
        "RoundOff": 0.2,
        "CashAmount": 189,
        "CardAmount": 0,
        "UPIAmount": 0,
        "DiscountPer": 0,
        "GstData": {
          "DiscountAmount": 0,
          "CGST": 14.4,
          "SGST": 14.4
        }
      }
    },
    "UuId": 23,
    "pk": 23,
    "DateTime": "2024-03-09T11:12:53.014Z"
  },
  {
    "ItemsInOrder": {
      "1": {
        "ItemSerial": 1,
        "Category": "Men",
        "ItemName": "M Shart",
        "ItemNamePk": "1",
        "WashType": "DryWash",
        "WashTypePk": "1",
        "locationPk": "Vizag",
        "location": "Vizag",
        "Pcs": 1,
        "Rate": 45,
        "DisPer": 0,
        "AddOn": "0-0",
        "DeliveryDateTime": "2024-03-19T17:46:27",
        "Total": 45
      },
      "2": {
        "ItemSerial": 2,
        "Category": "Women",
        "ItemName": "W Saree",
        "ItemNamePk": "5",
        "WashType": "DryWash",
        "WashTypePk": "5",
        "locationPk": "Vizag",
        "location": "Vizag",
        "Pcs": 3,
        "Rate": 60,
        "DisPer": 0,
        "AddOn": "0-0",
        "DeliveryDateTime": "2024-03-16T17:47:19",
        "Total": 180
      }
    },
    "CustomerData": {
      "CustomerName": "sravani",
      "CustomerMobile": "7207894655"
    },
    "OrderData": {
      "BranchName": "LaysonsBayColony",
      "Currentdateandtime": "2024-03-09T17:46:27"
    },
    "AddOnData": {
      "1": {
        "AddOnService": "stains",
        "AddOnRate": 0,
        "AddOnItemSerial": 1,
        "AddOnImageSerial": ""
      },
      "2": {
        "AddOnService": "m str",
        "AddOnRate": 0,
        "AddOnItemSerial": 2,
        "AddOnImageSerial": ""
      }
    },
    "CheckOutData": {
      "1": {
        "RoundOff": 0.5,
        "CashAmount": 266,
        "CardAmount": 0,
        "UPIAmount": 0,
        "DiscountPer": 0,
        "GstData": {
          "DiscountAmount": 0,
          "CGST": 20.25,
          "SGST": 20.25
        }
      }
    },
    "UuId": 24,
    "pk": 24,
    "DateTime": "2024-03-09T12:16:53.756Z"
  },
  {
    "ItemsInOrder": {
      "1": {
        "ItemSerial": 1,
        "Category": "Men",
        "ItemName": "M Shart",
        "ItemNamePk": "1",
        "WashType": "DryWash",
        "WashTypePk": "1",
        "locationPk": "Vizag",
        "location": "Vizag",
        "Pcs": 2,
        "Rate": 60,
        "DisPer": 0,
        "AddOn": "0-0",
        "DeliveryDateTime": "2024-03-16T17:52:09",
        "Total": 120
      }
    },
    "CustomerData": {
      "CustomerName": "ram",
      "CustomerMobile": "93922505803"
    },
    "OrderData": {
      "BranchName": "LaysonsBayColony",
      "Currentdateandtime": "2024-03-09T17:52:09"
    },
    "AddOnData": {
      "1": {
        "AddOnService": "m str",
        "AddOnRate": 0,
        "AddOnItemSerial": 1,
        "AddOnImageSerial": ""
      },
      "2": {
        "AddOnService": "stains",
        "AddOnRate": 0,
        "AddOnItemSerial": 1,
        "AddOnImageSerial": ""
      }
    },
    "CheckOutData": {
      "1": {
        "RoundOff": 0.4,
        "CashAmount": 142,
        "CardAmount": 0,
        "UPIAmount": 0,
        "DiscountPer": 0,
        "GstData": {
          "DiscountAmount": 0,
          "CGST": 10.8,
          "SGST": 10.8
        }
      }
    },
    "UuId": 25,
    "pk": 25,
    "DateTime": "2024-03-09T12:22:36.657Z"
  },
  {
    "ItemsInOrder": {
      "1": {
        "ItemSerial": 1,
        "Category": "Men",
        "ItemName": "M Shart",
        "ItemNamePk": "1",
        "WashType": "DryWash",
        "WashTypePk": "1",
        "locationPk": "Vizag",
        "location": "Vizag",
        "Pcs": 1,
        "Rate": 65,
        "DisPer": 0,
        "AddOn": "0-0",
        "DeliveryDateTime": "2024-03-16T17:57:15",
        "Total": 65
      }
    },
    "CustomerData": {
      "CustomerName": "ravi kumar",
      "CustomerMobile": "8297498698"
    },
    "OrderData": {
      "BranchName": "LaysonsBayColony",
      "Currentdateandtime": "2024-03-09T17:57:15"
    },
    "AddOnData": {
      "2": {
        "AddOnService": "stains",
        "AddOnRate": 0,
        "AddOnItemSerial": 1,
        "AddOnImageSerial": ""
      },
      "3": {
        "AddOnService": "H STR",
        "AddOnRate": 0,
        "AddOnItemSerial": 1,
        "AddOnImageSerial": ""
      }
    },
    "CheckOutData": {
      "1": {
        "RoundOff": 0.3,
        "CashAmount": 77,
        "CardAmount": 0,
        "UPIAmount": 0,
        "DiscountPer": 0,
        "GstData": {
          "DiscountAmount": 0,
          "CGST": 5.85,
          "SGST": 5.85
        }
      }
    },
    "UuId": 26,
    "pk": 26,
    "DateTime": "2024-03-09T12:27:34.678Z"
  },
  {
    "ItemsInOrder": {
      "1": {
        "ItemSerial": 1,
        "Category": "Women",
        "ItemName": "W Saree",
        "ItemNamePk": "5",
        "WashType": "DryWash",
        "WashTypePk": "5",
        "locationPk": "Vizag",
        "location": "Vizag",
        "Pcs": 1,
        "Rate": 170,
        "DisPer": 0,
        "AddOn": "0-0",
        "DeliveryDateTime": "2024-03-18T17:43:22",
        "Total": 170
      }
    },
    "CustomerData": {
      "CustomerName": "Suresh kumar",
      "CustomerMobile": "9966235800"
    },
    "OrderData": {
      "BranchName": "LaysonsBayColony",
      "Currentdateandtime": "2024-03-11T17:43:22"
    },
    "AddOnData": {
      "1": {
        "AddOnService": "stains",
        "AddOnRate": 0,
        "AddOnItemSerial": 1,
        "AddOnImageSerial": ""
      },
      "2": {
        "AddOnService": "m str",
        "AddOnRate": 0,
        "AddOnItemSerial": 1,
        "AddOnImageSerial": ""
      }
    },
    "CheckOutData": {
      "1": {
        "RoundOff": 0.4,
        "CashAmount": 0,
        "CardAmount": 0,
        "UPIAmount": 201,
        "DiscountPer": 0,
        "GstData": {
          "DiscountAmount": 0,
          "CGST": 15.3,
          "SGST": 15.3
        }
      }
    },
    "UuId": 27,
    "pk": 27,
    "DateTime": "2024-03-11T12:13:40.725Z"
  },
  {
    "ItemsInOrder": {
      "1": {
        "ItemSerial": 1,
        "Category": "Women",
        "ItemName": "W Saree",
        "ItemNamePk": "5",
        "WashType": "DryWash",
        "WashTypePk": "5",
        "locationPk": "Vizag",
        "location": "Vizag",
        "Pcs": 2,
        "Rate": 170,
        "DisPer": 0,
        "AddOn": "0-0",
        "DeliveryDateTime": "2024-03-18T17:49:32",
        "Total": 340
      },
      "2": {
        "ItemSerial": 2,
        "Category": "Women",
        "ItemName": "BLOUSE",
        "ItemNamePk": "64",
        "WashType": "DryWash",
        "WashTypePk": "64",
        "locationPk": "Vizag",
        "location": "Vizag",
        "Pcs": 8,
        "Rate": 50,
        "DisPer": 0,
        "AddOn": "0-0",
        "DeliveryDateTime": "2024-03-18T17:50:54",
        "Total": 400
      }
    },
    "CustomerData": {
      "CustomerName": "P.Hymavathi",
      "CustomerMobile": "9849354955"
    },
    "OrderData": {
      "BranchName": "LaysonsBayColony",
      "Currentdateandtime": "2024-03-11T17:49:32"
    },
    "AddOnData": {
      "1": {
        "AddOnService": "m str",
        "AddOnRate": 0,
        "AddOnItemSerial": 1,
        "AddOnImageSerial": ""
      }
    },
    "CheckOutData": {
      "1": {
        "RoundOff": -0.2,
        "CashAmount": 0,
        "CardAmount": 0,
        "UPIAmount": 873,
        "DiscountPer": 0,
        "GstData": {
          "DiscountAmount": 0,
          "CGST": 66.6,
          "SGST": 66.6
        }
      }
    },
    "UuId": 28,
    "pk": 28,
    "DateTime": "2024-03-11T12:19:57.087Z"
  },
  {
    "ItemsInOrder": {
      "1": {
        "ItemSerial": 1,
        "Category": "Men",
        "ItemName": "M Shart",
        "ItemNamePk": "1",
        "WashType": "DryWash",
        "WashTypePk": "1",
        "locationPk": "Vizag",
        "location": "Vizag",
        "Pcs": 1,
        "Rate": 70,
        "DisPer": 0,
        "AddOn": "0-0",
        "DeliveryDateTime": "2024-03-18T17:54:34",
        "Total": 70
      },
      "2": {
        "ItemSerial": 2,
        "Category": "Men",
        "ItemName": "TROUSER",
        "ItemNamePk": "12",
        "WashType": "DryWash",
        "WashTypePk": "12",
        "locationPk": "Vizag",
        "location": "Vizag",
        "Pcs": 1,
        "Rate": 70,
        "DisPer": 0,
        "AddOn": "0-0",
        "DeliveryDateTime": "2024-03-18T17:55:27",
        "Total": 70
      }
    },
    "CustomerData": {
      "CustomerName": "Satish",
      "CustomerMobile": "9959273183"
    },
    "OrderData": {
      "BranchName": "LaysonsBayColony",
      "Currentdateandtime": "2024-03-11T17:54:34"
    },
    "AddOnData": {
      "1": {
        "AddOnService": "m str",
        "AddOnRate": 0,
        "AddOnItemSerial": 1,
        "AddOnImageSerial": ""
      },
      "2": {
        "AddOnService": "stains",
        "AddOnRate": 0,
        "AddOnItemSerial": 2,
        "AddOnImageSerial": ""
      }
    },
    "CheckOutData": {
      "1": {
        "RoundOff": -0.2,
        "CashAmount": 0,
        "CardAmount": 0,
        "UPIAmount": 165,
        "DiscountPer": 0,
        "GstData": {
          "DiscountAmount": 0,
          "CGST": 12.6,
          "SGST": 12.6
        }
      }
    },
    "UuId": 29,
    "pk": 29,
    "DateTime": "2024-03-11T12:24:54.879Z"
  },
  {
    "ItemsInOrder": {
      "1": {
        "ItemSerial": 1,
        "Category": "Men",
        "ItemName": "M Shart",
        "ItemNamePk": "1",
        "WashType": "DryWash",
        "WashTypePk": "1",
        "locationPk": "Vizag",
        "location": "Vizag",
        "Pcs": 2,
        "Rate": 80,
        "DisPer": 0,
        "AddOn": "0-0",
        "DeliveryDateTime": "2024-03-18T17:57:57",
        "Total": 160
      }
    },
    "CustomerData": {
      "CustomerName": "sunil",
      "CustomerMobile": "9848277706"
    },
    "OrderData": {
      "BranchName": "LaysonsBayColony",
      "Currentdateandtime": "2024-03-11T17:57:57"
    },
    "AddOnData": {
      "1": {
        "AddOnService": "stains",
        "AddOnRate": 0,
        "AddOnItemSerial": 1,
        "AddOnImageSerial": ""
      }
    },
    "CheckOutData": {
      "1": {
        "RoundOff": 0.2,
        "CashAmount": 0,
        "CardAmount": 0,
        "UPIAmount": 189,
        "DiscountPer": 0,
        "GstData": {
          "DiscountAmount": 0,
          "CGST": 14.4,
          "SGST": 14.4
        }
      }
    },
    "UuId": 30,
    "pk": 30,
    "DateTime": "2024-03-11T12:28:18.340Z"
  },
  {
    "ItemsInOrder": {
      "1": {
        "ItemSerial": 1,
        "Category": "Others",
        "ItemName": "QULIT(SINGLE)",
        "ItemNamePk": "98",
        "WashType": "DryWash",
        "WashTypePk": "98",
        "locationPk": "Vizag",
        "location": "Vizag",
        "Pcs": 1,
        "Rate": 400,
        "DisPer": 0,
        "AddOn": "0-0",
        "DeliveryDateTime": "2024-03-18T18:03:41",
        "Total": 400
      }
    },
    "CustomerData": {
      "CustomerName": "Venkata reddy",
      "CustomerMobile": "9866150630"
    },
    "OrderData": {
      "BranchName": "LaysonsBayColony",
      "Currentdateandtime": "2024-03-11T18:03:41"
    },
    "AddOnData": {
      "1": {
        "AddOnService": "stains",
        "AddOnRate": 0,
        "AddOnItemSerial": 1,
        "AddOnImageSerial": ""
      }
    },
    "CheckOutData": {
      "1": {
        "RoundOff": 0,
        "CashAmount": 0,
        "CardAmount": 0,
        "UPIAmount": 472,
        "DiscountPer": 0,
        "GstData": {
          "DiscountAmount": 0,
          "CGST": 36,
          "SGST": 36
        }
      }
    },
    "UuId": 31,
    "pk": 31,
    "DateTime": "2024-03-11T12:33:54.587Z"
  },
  {
    "ItemsInOrder": {
      "1": {
        "ItemSerial": 1,
        "Category": "Women",
        "ItemName": "TOP(NORMAL)",
        "ItemNamePk": "43",
        "WashType": "DryWash",
        "WashTypePk": "43",
        "locationPk": "Vizag",
        "location": "Vizag",
        "Pcs": 1,
        "Rate": 160,
        "DisPer": 0,
        "AddOn": "0-0",
        "DeliveryDateTime": "2024-03-18T18:13:09",
        "Total": 160
      },
      "2": {
        "ItemSerial": 2,
        "Category": "Kids",
        "ItemName": "FROCK",
        "ItemNamePk": "87",
        "WashType": "DryWash",
        "WashTypePk": "87",
        "locationPk": "Vizag",
        "location": "Vizag",
        "Pcs": 1,
        "Rate": 100,
        "DisPer": 0,
        "AddOn": "0-0",
        "DeliveryDateTime": "2024-03-18T18:13:46",
        "Total": 100
      },
      "3": {
        "ItemSerial": 3,
        "Category": "Women",
        "ItemName": "W Saree",
        "ItemNamePk": "5",
        "WashType": "DryWash",
        "WashTypePk": "5",
        "locationPk": "Vizag",
        "location": "Vizag",
        "Pcs": 1,
        "Rate": 170,
        "DisPer": 0,
        "AddOn": "0-0",
        "DeliveryDateTime": "2024-03-18T18:15:21",
        "Total": 170
      },
      "4": {
        "ItemSerial": 4,
        "Category": "Others",
        "ItemName": "BAGS(SMALL)",
        "ItemNamePk": "119",
        "WashType": "DryWash",
        "WashTypePk": "119",
        "locationPk": "Vizag",
        "location": "Vizag",
        "Pcs": 1,
        "Rate": 250,
        "DisPer": 0,
        "AddOn": "0-0",
        "DeliveryDateTime": "2024-03-18T18:15:32",
        "Total": 250
      },
      "5": {
        "ItemSerial": 5,
        "Category": "Others",
        "ItemName": "BLANKET(SINGLE)",
        "ItemNamePk": "96",
        "WashType": "DryWash",
        "WashTypePk": "96",
        "locationPk": "Vizag",
        "location": "Vizag",
        "Pcs": 1,
        "Rate": 400,
        "DisPer": 0,
        "AddOn": "0-0",
        "DeliveryDateTime": "2024-03-18T18:16:46",
        "Total": 400
      },
      "6": {
        "ItemSerial": 6,
        "Category": "Men",
        "ItemName": "JERKIN",
        "ItemNamePk": "27",
        "WashType": "DryWash",
        "WashTypePk": "27",
        "locationPk": "Vizag",
        "location": "Vizag",
        "Pcs": 1,
        "Rate": 300,
        "DisPer": 0,
        "AddOn": "0-0",
        "DeliveryDateTime": "2024-03-18T18:17:06",
        "Total": 300
      }
    },
    "CustomerData": {
      "CustomerName": "Priyanka",
      "CustomerMobile": "9052339303"
    },
    "OrderData": {
      "BranchName": "LaysonsBayColony",
      "Currentdateandtime": "2024-03-11T18:13:09"
    },
    "AddOnData": {
      "1": {
        "AddOnService": "stains",
        "AddOnRate": 0,
        "AddOnItemSerial": 1,
        "AddOnImageSerial": ""
      },
      "2": {
        "AddOnService": "stains",
        "AddOnRate": 0,
        "AddOnItemSerial": 2,
        "AddOnImageSerial": ""
      }
    },
    "CheckOutData": {
      "1": {
        "RoundOff": -0.4,
        "CashAmount": 0,
        "CardAmount": 1628,
        "UPIAmount": 0,
        "DiscountPer": 0,
        "GstData": {
          "DiscountAmount": 0,
          "CGST": 124.2,
          "SGST": 124.2
        }
      }
    },
    "UuId": 32,
    "pk": 32,
    "DateTime": "2024-03-11T12:43:35.227Z"
  },
  {
    "ItemsInOrder": {
      "1": {
        "ItemSerial": 1,
        "Category": "Women",
        "ItemName": "PATTU SAREE",
        "ItemNamePk": "59",
        "WashType": "DryWash",
        "WashTypePk": "59",
        "locationPk": "Vizag",
        "location": "Vizag",
        "Pcs": 2,
        "Rate": 180,
        "DisPer": 0,
        "AddOn": "0-0",
        "DeliveryDateTime": "2024-03-18T18:32:59",
        "Total": 360
      },
      "2": {
        "ItemSerial": 2,
        "Category": "Women",
        "ItemName": "BLOUSE",
        "ItemNamePk": "64",
        "WashType": "DryWash",
        "WashTypePk": "64",
        "locationPk": "Vizag",
        "location": "Vizag",
        "Pcs": 2,
        "Rate": 40,
        "DisPer": 0,
        "AddOn": "0-0",
        "DeliveryDateTime": "2024-03-18T18:33:42",
        "Total": 80
      },
      "3": {
        "ItemSerial": 3,
        "Category": "Men",
        "ItemName": "BLZER",
        "ItemNamePk": "25",
        "WashType": "DryWash",
        "WashTypePk": "25",
        "locationPk": "Vizag",
        "location": "Vizag",
        "Pcs": 1,
        "Rate": 350,
        "DisPer": 0,
        "AddOn": "0-0",
        "DeliveryDateTime": "2024-03-18T18:34:09",
        "Total": 350
      }
    },
    "CustomerData": {
      "CustomerName": "Satish",
      "CustomerMobile": "9121831847"
    },
    "OrderData": {
      "BranchName": "LaysonsBayColony",
      "Currentdateandtime": "2024-03-11T18:32:59"
    },
    "AddOnData": {
      "1": {
        "AddOnService": "stains",
        "AddOnRate": 0,
        "AddOnItemSerial": 1,
        "AddOnImageSerial": ""
      },
      "2": {
        "AddOnService": "stains",
        "AddOnRate": 0,
        "AddOnItemSerial": 2,
        "AddOnImageSerial": ""
      },
      "3": {
        "AddOnService": "stains",
        "AddOnRate": 0,
        "AddOnItemSerial": 3,
        "AddOnImageSerial": ""
      }
    },
    "CheckOutData": {
      "1": {
        "RoundOff": -0.2,
        "CashAmount": 0,
        "CardAmount": 0,
        "UPIAmount": 932,
        "DiscountPer": 0,
        "GstData": {
          "DiscountAmount": 0,
          "CGST": 71.1,
          "SGST": 71.1
        }
      }
    },
    "UuId": 33,
    "pk": 33,
    "DateTime": "2024-03-11T13:03:23.787Z"
  },
  {
    "ItemsInOrder": {
      "1": {
        "ItemSerial": 1,
        "Category": "Men",
        "ItemName": "M Shart",
        "ItemNamePk": "1",
        "WashType": "DryWash",
        "WashTypePk": "1",
        "locationPk": "Vizag",
        "location": "Vizag",
        "Pcs": 8,
        "Rate": 70,
        "DisPer": 0,
        "AddOn": "0-0",
        "DeliveryDateTime": "2024-03-18T18:40:39",
        "Total": 560
      },
      "2": {
        "ItemSerial": 2,
        "Category": "Men",
        "ItemName": "TROUSER",
        "ItemNamePk": "12",
        "WashType": "DryWash",
        "WashTypePk": "12",
        "locationPk": "Vizag",
        "location": "Vizag",
        "Pcs": 7,
        "Rate": 70,
        "DisPer": 0,
        "AddOn": "0-0",
        "DeliveryDateTime": "2024-03-18T18:41:37",
        "Total": 490
      },
      "5": {
        "ItemSerial": 5,
        "Category": "Men",
        "ItemName": "SHORT",
        "ItemNamePk": "23",
        "WashType": "DryWash",
        "WashTypePk": "23",
        "locationPk": "Vizag",
        "location": "Vizag",
        "Pcs": 1,
        "Rate": 50,
        "DisPer": 0,
        "AddOn": "0-0",
        "DeliveryDateTime": "2024-03-18T18:42:58",
        "Total": 50
      },
      "7": {
        "ItemSerial": 7,
        "Category": "Women",
        "ItemName": "BLOUSE",
        "ItemNamePk": "64",
        "WashType": "DryWash",
        "WashTypePk": "64",
        "locationPk": "Vizag",
        "location": "Vizag",
        "Pcs": 1,
        "Rate": 40,
        "DisPer": 0,
        "AddOn": "0-0",
        "DeliveryDateTime": "2024-03-18T18:44:45",
        "Total": 40
      },
      "8": {
        "ItemSerial": 7,
        "Category": "Men",
        "ItemName": "T SHIRT",
        "ItemNamePk": "13",
        "WashType": "DryWash",
        "WashTypePk": "13",
        "locationPk": "Vizag",
        "location": "Vizag",
        "Pcs": 3,
        "Rate": 70,
        "DisPer": 0,
        "AddOn": "0-0",
        "DeliveryDateTime": "2024-03-18T18:45:43",
        "Total": 210
      },
      "9": {
        "ItemSerial": 7,
        "Category": "Men",
        "ItemName": "KURTHA(NORMAL)",
        "ItemNamePk": "14",
        "WashType": "DryWash",
        "WashTypePk": "14",
        "locationPk": "Vizag",
        "location": "Vizag",
        "Pcs": 2,
        "Rate": 160,
        "DisPer": 0,
        "AddOn": "0-0",
        "DeliveryDateTime": "2024-03-18T18:46:23",
        "Total": 320
      },
      "10": {
        "ItemSerial": 7,
        "Category": "Women",
        "ItemName": "PATTU SAREE",
        "ItemNamePk": "59",
        "WashType": "DryWash",
        "WashTypePk": "59",
        "locationPk": "Vizag",
        "location": "Vizag",
        "Pcs": 2,
        "Rate": 160,
        "DisPer": 0,
        "AddOn": "0-0",
        "DeliveryDateTime": "2024-03-18T18:47:04",
        "Total": 320
      }
    },
    "CustomerData": {
      "CustomerName": "J.Padmaja",
      "CustomerMobile": "9642101505"
    },
    "OrderData": {
      "BranchName": "LaysonsBayColony",
      "Currentdateandtime": "2024-03-11T18:40:39"
    },
    "AddOnData": {},
    "CheckOutData": {
      "1": {
        "RoundOff": -0.2,
        "CashAmount": 0,
        "CardAmount": 2348,
        "UPIAmount": 0,
        "DiscountPer": 0,
        "GstData": {
          "DiscountAmount": 0,
          "CGST": 179.1,
          "SGST": 179.1
        }
      }
    },
    "UuId": 34,
    "pk": 34,
    "DateTime": "2024-03-11T13:11:35.818Z"
  },
  {
    "ItemsInOrder": {
      "1": {
        "ItemSerial": 1,
        "Category": "Women",
        "ItemName": "W Saree",
        "ItemNamePk": "5",
        "WashType": "DryWash",
        "WashTypePk": "5",
        "locationPk": "Vizag",
        "location": "Vizag",
        "Pcs": 5,
        "Rate": 170,
        "DisPer": 0,
        "AddOn": "0-0",
        "DeliveryDateTime": "2024-03-20T12:25:54",
        "Total": 850
      },
      "2": {
        "ItemSerial": 2,
        "Category": "Women",
        "ItemName": "BLOUSE",
        "ItemNamePk": "64",
        "WashType": "DryWash",
        "WashTypePk": "64",
        "locationPk": "Vizag",
        "location": "Vizag",
        "Pcs": 5,
        "Rate": 40,
        "DisPer": 0,
        "AddOn": "0-0",
        "DeliveryDateTime": "2024-03-20T12:26:18",
        "Total": 200
      }
    },
    "CustomerData": {
      "CustomerName": "SRAVANTHI",
      "CustomerMobile": "8985016902"
    },
    "OrderData": {
      "BranchName": "LaysonsBayColony",
      "Currentdateandtime": "2024-03-13T12:25:54"
    },
    "AddOnData": {
      "1": {
        "AddOnService": "L Str",
        "AddOnRate": 0,
        "AddOnItemSerial": 1,
        "AddOnImageSerial": ""
      },
      "2": {
        "AddOnService": "stains",
        "AddOnRate": 0,
        "AddOnItemSerial": 2,
        "AddOnImageSerial": ""
      }
    },
    "CheckOutData": {
      "1": {
        "RoundOff": 0,
        "CashAmount": 0,
        "CardAmount": 1239,
        "UPIAmount": 0,
        "DiscountPer": 0,
        "GstData": {
          "DiscountAmount": 0,
          "CGST": 94.5,
          "SGST": 94.5
        }
      }
    },
    "UuId": 35,
    "pk": 35,
    "DateTime": "2024-03-13T06:56:09.977Z"
  },
  {
    "ItemsInOrder": {
      "1": {
        "ItemSerial": 1,
        "Category": "Men",
        "ItemName": "M Shart",
        "ItemNamePk": "1",
        "WashType": "DryWash",
        "WashTypePk": "1",
        "locationPk": "Vizag",
        "location": "Vizag",
        "Pcs": 9,
        "Rate": 60,
        "DisPer": 0,
        "AddOn": "0-0",
        "DeliveryDateTime": "2024-03-20T13:03:12",
        "Total": 540
      },
      "2": {
        "ItemSerial": 2,
        "Category": "Men",
        "ItemName": "TROUSER",
        "ItemNamePk": "12",
        "WashType": "DryWash",
        "WashTypePk": "12",
        "locationPk": "Vizag",
        "location": "Vizag",
        "Pcs": 8,
        "Rate": 50,
        "DisPer": 0,
        "AddOn": "0-0",
        "DeliveryDateTime": "2024-03-20T13:04:07",
        "Total": 400
      },
      "3": {
        "ItemSerial": 3,
        "Category": "Men",
        "ItemName": "HAND KARCHIF",
        "ItemNamePk": "41",
        "WashType": "DryWash",
        "WashTypePk": "41",
        "locationPk": "Vizag",
        "location": "Vizag",
        "Pcs": 8,
        "Rate": 10,
        "DisPer": 0,
        "AddOn": "0-0",
        "DeliveryDateTime": "2024-03-20T13:04:47",
        "Total": 80
      }
    },
    "CustomerData": {
      "CustomerName": "9347379739",
      "CustomerMobile": "N.Seshu kumar"
    },
    "OrderData": {
      "BranchName": "LaysonsBayColony",
      "Currentdateandtime": "2024-03-13T13:03:12"
    },
    "AddOnData": {
      "1": {
        "AddOnService": "m str",
        "AddOnRate": 0,
        "AddOnItemSerial": 1,
        "AddOnImageSerial": ""
      },
      "2": {
        "AddOnService": "m str",
        "AddOnRate": 0,
        "AddOnItemSerial": 2,
        "AddOnImageSerial": ""
      },
      "3": {
        "AddOnService": "L Str",
        "AddOnRate": 0,
        "AddOnItemSerial": 3,
        "AddOnImageSerial": ""
      }
    },
    "CheckOutData": {
      "1": {
        "RoundOff": 0.4,
        "CashAmount": 0,
        "CardAmount": 0,
        "UPIAmount": 1204,
        "DiscountPer": 0,
        "GstData": {
          "DiscountAmount": 0,
          "CGST": 91.8,
          "SGST": 91.8
        }
      }
    },
    "UuId": 36,
    "pk": 36,
    "DateTime": "2024-03-13T07:33:41.466Z"
  },
  {
    "ItemsInOrder": {
      "1": {
        "ItemSerial": 1,
        "Category": "Men",
        "ItemName": "M Shart",
        "ItemNamePk": "1",
        "WashType": "DryWash",
        "WashTypePk": "1",
        "locationPk": "Vizag",
        "location": "Vizag",
        "Pcs": 1,
        "Rate": 65,
        "DisPer": 0,
        "AddOn": "0-0",
        "DeliveryDateTime": "2024-03-20T13:09:35",
        "Total": 65
      }
    },
    "CustomerData": {
      "CustomerName": "G.V.VSN",
      "CustomerMobile": "9866808561"
    },
    "OrderData": {
      "BranchName": "LaysonsBayColony",
      "Currentdateandtime": "2024-03-13T13:09:35"
    },
    "AddOnData": {},
    "CheckOutData": {},
    "UuId": 37,
    "pk": 37,
    "DateTime": "2024-03-13T07:39:43.229Z"
  },
  {
    "ItemsInOrder": {
      "1": {
        "ItemSerial": 1,
        "Category": "Men",
        "ItemName": "M Shart",
        "ItemNamePk": "1",
        "WashType": "DryWash",
        "WashTypePk": "1",
        "locationPk": "Vizag",
        "location": "Vizag",
        "Pcs": 1,
        "Rate": 65,
        "DisPer": 0,
        "AddOn": "0-0",
        "DeliveryDateTime": "2024-03-20T13:09:35",
        "Total": 65
      },
      "2": {
        "ItemSerial": 2,
        "Category": "Men",
        "ItemName": "BLZER",
        "ItemNamePk": "25",
        "WashType": "DryWash",
        "WashTypePk": "25",
        "locationPk": "Vizag",
        "location": "Vizag",
        "Pcs": 1,
        "Rate": 350,
        "DisPer": 0,
        "AddOn": "0-0",
        "DeliveryDateTime": "2024-03-20T13:09:54",
        "Total": 350
      }
    },
    "CustomerData": {
      "CustomerName": "G.V.VSN",
      "CustomerMobile": "9866808561"
    },
    "OrderData": {
      "BranchName": "LaysonsBayColony",
      "Currentdateandtime": "2024-03-13T13:09:35"
    },
    "AddOnData": {},
    "CheckOutData": {
      "1": {
        "RoundOff": 0.3,
        "CashAmount": 0,
        "CardAmount": 490,
        "UPIAmount": 0,
        "DiscountPer": 0,
        "GstData": {
          "DiscountAmount": 0,
          "CGST": 37.35,
          "SGST": 37.35
        }
      }
    },
    "UuId": 38,
    "pk": 38,
    "DateTime": "2024-03-13T07:39:43.704Z"
  },
  {
    "ItemsInOrder": {
      "1": {
        "ItemSerial": 1,
        "Category": "Women",
        "ItemName": "W Saree",
        "ItemNamePk": "5",
        "WashType": "DryWash",
        "WashTypePk": "5",
        "locationPk": "Vizag",
        "location": "Vizag",
        "Pcs": 1,
        "Rate": 170,
        "DisPer": 0,
        "AddOn": "0-0",
        "DeliveryDateTime": "2024-03-20T13:12:48",
        "Total": 170
      },
      "2": {
        "ItemSerial": 2,
        "Category": "Women",
        "ItemName": "BLOUSE",
        "ItemNamePk": "64",
        "WashType": "DryWash",
        "WashTypePk": "64",
        "locationPk": "Vizag",
        "location": "Vizag",
        "Pcs": 2,
        "Rate": 40,
        "DisPer": 0,
        "AddOn": "0-0",
        "DeliveryDateTime": "2024-03-20T13:13:41",
        "Total": 80
      }
    },
    "CustomerData": {
      "CustomerName": "9866539089",
      "CustomerMobile": "P.V.S.Prasad"
    },
    "OrderData": {
      "BranchName": "LaysonsBayColony",
      "Currentdateandtime": "2024-03-13T13:12:48"
    },
    "AddOnData": {},
    "CheckOutData": {
      "1": {
        "RoundOff": 0,
        "CashAmount": 295,
        "CardAmount": 0,
        "UPIAmount": 0,
        "DiscountPer": 0,
        "GstData": {
          "DiscountAmount": 0,
          "CGST": 22.5,
          "SGST": 22.5
        }
      }
    },
    "UuId": 39,
    "pk": 39,
    "DateTime": "2024-03-13T07:43:34.924Z"
  },
  {
    "ItemsInOrder": {
      "1": {
        "ItemSerial": 1,
        "Category": "Women",
        "ItemName": "W Saree",
        "ItemNamePk": "5",
        "WashType": "DryWash",
        "WashTypePk": "5",
        "locationPk": "Vizag",
        "location": "Vizag",
        "Pcs": 1,
        "Rate": 80,
        "DisPer": 0,
        "AddOn": "0-0",
        "DeliveryDateTime": "2024-03-20T13:20:09",
        "Total": 80
      }
    },
    "CustomerData": {
      "CustomerName": "I.Trinadh rao",
      "CustomerMobile": "7702728487"
    },
    "OrderData": {
      "BranchName": "LaysonsBayColony",
      "Currentdateandtime": "2024-03-13T13:20:09"
    },
    "AddOnData": {},
    "CheckOutData": {
      "1": {
        "RoundOff": -0.4,
        "CashAmount": 94,
        "CardAmount": 0,
        "UPIAmount": 0,
        "DiscountPer": 0,
        "GstData": {
          "DiscountAmount": 0,
          "CGST": 7.2,
          "SGST": 7.2
        }
      }
    },
    "UuId": 40,
    "pk": 40,
    "DateTime": "2024-03-13T07:50:23.569Z"
  },
  {
    "ItemsInOrder": {
      "1": {
        "ItemSerial": 1,
        "Category": "Women",
        "ItemName": "W Saree",
        "ItemNamePk": "5",
        "WashType": "DryWash",
        "WashTypePk": "5",
        "locationPk": "Vizag",
        "location": "Vizag",
        "Pcs": 3,
        "Rate": 170,
        "DisPer": 0,
        "AddOn": "0-0",
        "DeliveryDateTime": "2024-03-20T13:59:08",
        "Total": 510
      },
      "3": {
        "ItemSerial": 3,
        "Category": "Women",
        "ItemName": "BLOUSE",
        "ItemNamePk": "64",
        "WashType": "DryWash",
        "WashTypePk": "64",
        "locationPk": "Vizag",
        "location": "Vizag",
        "Pcs": 3,
        "Rate": 40,
        "DisPer": 0,
        "AddOn": "0-0",
        "DeliveryDateTime": "2024-03-20T14:00:08",
        "Total": 120
      }
    },
    "CustomerData": {
      "CustomerName": "K.A.RAO",
      "CustomerMobile": "9440880175"
    },
    "OrderData": {
      "BranchName": "LaysonsBayColony",
      "Currentdateandtime": "2024-03-13T13:59:08"
    },
    "AddOnData": {
      "1": {
        "AddOnService": "L Str",
        "AddOnRate": 0,
        "AddOnItemSerial": 1,
        "AddOnImageSerial": ""
      }
    },
    "CheckOutData": {
      "1": {
        "RoundOff": -0.4,
        "CashAmount": 0,
        "CardAmount": 0,
        "UPIAmount": 743,
        "DiscountPer": 0,
        "GstData": {
          "DiscountAmount": 0,
          "CGST": 56.7,
          "SGST": 56.7
        }
      }
    },
    "UuId": 41,
    "pk": 41,
    "DateTime": "2024-03-13T08:29:21.719Z"
  },
  {
    "ItemsInOrder": {
      "1": {
        "ItemSerial": 1,
        "Category": "Men",
        "ItemName": "M Shart",
        "ItemNamePk": "1",
        "WashType": "DryWash",
        "WashTypePk": "1",
        "locationPk": "Vizag",
        "location": "Vizag",
        "Pcs": 2,
        "Rate": 60,
        "DisPer": 0,
        "AddOn": "0-0",
        "DeliveryDateTime": "2024-03-20T14:02:12",
        "Total": 120
      }
    },
    "CustomerData": {
      "CustomerName": "Sankar",
      "CustomerMobile": "9866629074"
    },
    "OrderData": {
      "BranchName": "LaysonsBayColony",
      "Currentdateandtime": "2024-03-13T14:02:12"
    },
    "AddOnData": {
      "1": {
        "AddOnService": "stains",
        "AddOnRate": 0,
        "AddOnItemSerial": 1,
        "AddOnImageSerial": ""
      }
    },
    "CheckOutData": {
      "1": {
        "RoundOff": 0.4,
        "CashAmount": 0,
        "CardAmount": 0,
        "UPIAmount": 142,
        "DiscountPer": 0,
        "GstData": {
          "DiscountAmount": 0,
          "CGST": 10.8,
          "SGST": 10.8
        }
      }
    },
    "UuId": 42,
    "pk": 42,
    "DateTime": "2024-03-13T08:32:22.752Z"
  },
  {
    "ItemsInOrder": {
      "1": {
        "ItemSerial": 1,
        "Category": "Men",
        "ItemName": "M Shart",
        "ItemNamePk": "1",
        "WashType": "DryWash",
        "WashTypePk": "1",
        "locationPk": "Vizag",
        "location": "Vizag",
        "Pcs": 10,
        "Rate": 60,
        "DisPer": 0,
        "AddOn": "0-0",
        "DeliveryDateTime": "2024-03-20T14:19:19",
        "Total": 600
      },
      "2": {
        "ItemSerial": 2,
        "Category": "Men",
        "ItemName": "TROUSER",
        "ItemNamePk": "12",
        "WashType": "DryWash",
        "WashTypePk": "12",
        "locationPk": "Vizag",
        "location": "Vizag",
        "Pcs": 4,
        "Rate": 60,
        "DisPer": 0,
        "AddOn": "0-0",
        "DeliveryDateTime": "2024-03-20T14:19:38",
        "Total": 240
      },
      "3": {
        "ItemSerial": 3,
        "Category": "Women",
        "ItemName": "W Saree",
        "ItemNamePk": "5",
        "WashType": "DryWash",
        "WashTypePk": "5",
        "locationPk": "Vizag",
        "location": "Vizag",
        "Pcs": 1,
        "Rate": 170,
        "DisPer": 0,
        "AddOn": "0-0",
        "DeliveryDateTime": "2024-03-20T14:19:57",
        "Total": 170
      },
      "4": {
        "ItemSerial": 4,
        "Category": "Women",
        "ItemName": "BLOUSE",
        "ItemNamePk": "64",
        "WashType": "DryWash",
        "WashTypePk": "64",
        "locationPk": "Vizag",
        "location": "Vizag",
        "Pcs": 1,
        "Rate": 50,
        "DisPer": 0,
        "AddOn": "0-0",
        "DeliveryDateTime": "2024-03-20T14:20:20",
        "Total": 50
      }
    },
    "CustomerData": {
      "CustomerName": "sankarao",
      "CustomerMobile": "9949227119"
    },
    "OrderData": {
      "BranchName": "LaysonsBayColony",
      "Currentdateandtime": "2024-03-13T14:19:19"
    },
    "AddOnData": {
      "1": {
        "AddOnService": "L Str",
        "AddOnRate": 0,
        "AddOnItemSerial": 1,
        "AddOnImageSerial": ""
      },
      "2": {
        "AddOnService": "L Str",
        "AddOnRate": 0,
        "AddOnItemSerial": 3,
        "AddOnImageSerial": ""
      },
      "3": {
        "AddOnService": "stains",
        "AddOnRate": 0,
        "AddOnItemSerial": 4,
        "AddOnImageSerial": ""
      }
    },
    "CheckOutData": {
      "1": {
        "RoundOff": 0.2,
        "CashAmount": 0,
        "CardAmount": 0,
        "UPIAmount": 1251,
        "DiscountPer": 0,
        "GstData": {
          "DiscountAmount": 0,
          "CGST": 95.4,
          "SGST": 95.4
        }
      }
    },
    "UuId": 43,
    "pk": 43,
    "DateTime": "2024-03-13T08:49:27.266Z"
  },
  {
    "ItemsInOrder": {
      "1": {
        "ItemSerial": 1,
        "Category": "Women",
        "ItemName": "LONG TOP",
        "ItemNamePk": "45",
        "WashType": "DryWash",
        "WashTypePk": "45",
        "locationPk": "Vizag",
        "location": "Vizag",
        "Pcs": 1,
        "Rate": 200,
        "DisPer": 0,
        "AddOn": "0-0",
        "DeliveryDateTime": "2024-03-20T14:23:38",
        "Total": 200
      }
    },
    "CustomerData": {
      "CustomerName": "Aruna",
      "CustomerMobile": "9502046332"
    },
    "OrderData": {
      "BranchName": "LaysonsBayColony",
      "Currentdateandtime": "2024-03-13T14:23:38"
    },
    "AddOnData": {
      "1": {
        "AddOnService": "stains",
        "AddOnRate": 0,
        "AddOnItemSerial": 1,
        "AddOnImageSerial": ""
      }
    },
    "CheckOutData": {
      "1": {
        "RoundOff": 0,
        "CashAmount": 236,
        "CardAmount": 0,
        "UPIAmount": 0,
        "DiscountPer": 0,
        "GstData": {
          "DiscountAmount": 0,
          "CGST": 18,
          "SGST": 18
        }
      }
    },
    "UuId": 44,
    "pk": 44,
    "DateTime": "2024-03-13T08:53:47.441Z"
  },
  {
    "ItemsInOrder": {
      "1": {
        "ItemSerial": 1,
        "Category": "Women",
        "ItemName": "PATTU SAREE",
        "ItemNamePk": "59",
        "WashType": "DryWash",
        "WashTypePk": "59",
        "locationPk": "Vizag",
        "location": "Vizag",
        "Pcs": 2,
        "Rate": 170,
        "DisPer": 0,
        "AddOn": "0-0",
        "DeliveryDateTime": "2024-03-20T14:25:08",
        "Total": 340
      }
    },
    "CustomerData": {
      "CustomerName": "Chandra sekhar",
      "CustomerMobile": "831243444"
    },
    "OrderData": {
      "BranchName": "LaysonsBayColony",
      "Currentdateandtime": "2024-03-13T14:25:08"
    },
    "AddOnData": {
      "1": {
        "AddOnService": "stains",
        "AddOnRate": 0,
        "AddOnItemSerial": 1,
        "AddOnImageSerial": ""
      }
    },
    "CheckOutData": {
      "1": {
        "RoundOff": -0.2,
        "CashAmount": 0,
        "CardAmount": 0,
        "UPIAmount": 401,
        "DiscountPer": 0,
        "GstData": {
          "DiscountAmount": 0,
          "CGST": 30.6,
          "SGST": 30.6
        }
      }
    },
    "UuId": 45,
    "pk": 45,
    "DateTime": "2024-03-13T08:55:24.117Z"
  }
]