[
  {
    "ItemsInOrder": {
      "1": {
        "ItemSerial": 1,
        "Category": "Men",
        "ItemName": "M Shart",
        "ItemNamePk": "1",
        "WashType": "DryWash",
        "WashTypePk": "1",
        "locationPk": "Vizag",
        "location": "Vizag",
        "Pcs": 1,
        "Rate": 45,
        "DisPer": 0,
        "AddOn": "0-0",
        "DeliveryDateTime": "2024-03-21T12:31:42",
        "Total": 45
      },
      "2": {
        "ItemSerial": 2,
        "Category": "Women",
        "ItemName": "LONG TOP",
        "ItemNamePk": "45",
        "WashType": "DryWash",
        "WashTypePk": "45",
        "locationPk": "Vzm",
        "location": "Vzm",
        "Pcs": 3,
        "Rate": 200,
        "DisPer": 0,
        "AddOn": "0-0",
        "DeliveryDateTime": "2024-03-28T12:31:52",
        "Total": 600
      },
      "3": {
        "ItemSerial": 2,
        "Category": "Women",
        "ItemName": "LONG TOP",
        "ItemNamePk": "45",
        "WashType": "DryWash",
        "WashTypePk": "45",
        "locationPk": "Vzm",
        "location": "Vzm",
        "Pcs": 3,
        "Rate": 200,
        "DisPer": 0,
        "AddOn": "0-0",
        "DeliveryDateTime": "2024-03-28T12:31:52",
        "Total": 600
      },
      "4": {
        "ItemSerial": 4,
        "Category": "Others",
        "ItemName": "PILLOW COVERS",
        "ItemNamePk": "100",
        "WashType": "DryWash",
        "WashTypePk": "100",
        "locationPk": "Vizag",
        "location": "Vizag",
        "Pcs": 1,
        "Rate": 40,
        "DisPer": 0,
        "AddOn": "0-0",
        "DeliveryDateTime": "2024-03-21T12:32:15",
        "Total": 40
      }
    },
    "CustomerData": {
      "CustomerName": "reddy msn",
      "CustomerMobile": "9876543210"
    },
    "OrderData": {
      "BranchName": "MsnColony",
      "Currentdateandtime": "2024-03-14T12:31:42"
    },
    "AddOnData": {
      "1": {
        "AddOnService": "Petrol Wash Medium",
        "AddOnRate": 300,
        "AddOnItemSerial": 2,
        "AddOnImageSerial": ""
      },
      "2": {
        "AddOnService": "Petrol Wash Medium",
        "AddOnRate": 300,
        "AddOnItemSerial": 2,
        "AddOnImageSerial": ""
      }
    },
    "CheckOutData": {
      "1": {
        "RoundOff": 0.31,
        "CashAmount": 2000,
        "CardAmount": 0,
        "UPIAmount": 786,
        "DiscountPer": 5,
        "GstData": {
          "DiscountAmount": 124.25,
          "CGST": 212.47,
          "SGST": 212.47
        }
      }
    },
    "UuId": 1,
    "pk": 1,
    "DateTime": "2024-03-14T06:58:26.224Z"
  }
]