[
  {
    "ItemsInOrder": {
      "1": {
        "ItemSerial": 1,
        "Category": "Men",
        "ItemName": "M Pant",
        "ItemNamePk": "2",
        "WashType": "DryWash",
        "WashTypePk": "2",
        "locationPk": "Vizag",
        "location": "Vizag",
        "Pcs": 1,
        "Rate": 50,
        "DisPer": 0,
        "AddOn": "0-0",
        "DeliveryDateTime": "2024-03-13T06:18:05",
        "Total": 50
      },
      "2": {
        "ItemSerial": 2,
        "Category": "Women",
        "ItemName": "W Saree",
        "ItemNamePk": "5",
        "WashType": "DryWash",
        "WashTypePk": "5",
        "locationPk": "Vizag",
        "location": "Vizag",
        "Pcs": 1,
        "Rate": 60,
        "DisPer": 0,
        "AddOn": "0-0",
        "DeliveryDateTime": "2024-03-13T06:18:17",
        "Total": 60
      }
    },
    "CustomerData": {
      "CustomerName": "REDDY KH",
      "CustomerMobile": "3692580147"
    },
    "OrderData": {
      "BranchName": "MvpColony",
      "Currentdateandtime": "2024-03-06T06:18:05"
    },
    "AddOnData": {
      "1": {
        "AddOnService": "Petrol Wash High",
        "AddOnRate": 470,
        "AddOnItemSerial": 1,
        "AddOnImageSerial": ""
      }
    },
    "CheckOutData": {
      "1": {
        "RoundOff": 0.04,
        "CashAmount": 616,
        "CardAmount": 0,
        "UPIAmount": 0,
        "DiscountPer": 10,
        "GstData": {
          "DiscountAmount": 58,
          "CGST": 46.98,
          "SGST": 46.98
        }
      }
    },
    "UuId": 1,
    "pk": 1,
    "DateTime": "2024-03-06T11:18:13.579Z"
  },
  {
    "ItemsInOrder": {
      "1": {
        "ItemSerial": 1,
        "Category": "Men",
        "ItemName": "M Shart",
        "ItemNamePk": "1",
        "WashType": "DryWash",
        "WashTypePk": "1",
        "locationPk": "Vizag",
        "location": "Vizag",
        "Pcs": 1,
        "Rate": 45,
        "DisPer": 0,
        "AddOn": "0-0",
        "DeliveryDateTime": "2024-03-18T04:12:45",
        "Total": 45
      },
      "2": {
        "ItemSerial": 2,
        "Category": "Men",
        "ItemName": "M Pant",
        "ItemNamePk": "2",
        "WashType": "DryWash",
        "WashTypePk": "2",
        "locationPk": "Vizag",
        "location": "Vizag",
        "Pcs": 1,
        "Rate": 50,
        "DisPer": 0,
        "AddOn": "0-0",
        "DeliveryDateTime": "2024-03-18T04:14:02",
        "Total": 50
      },
      "3": {
        "ItemSerial": 3,
        "Category": "Men",
        "ItemName": "M Shart",
        "ItemNamePk": "1",
        "WashTypePk": "1",
        "locationPk": "Vizag",
        "location": "Vizag",
        "Pcs": 1,
        "Rate": 45,
        "DisPer": 0,
        "AddOn": "0-0",
        "DeliveryDateTime": "2024-03-14T04:14:21",
        "Total": 45
      },
      "4": {
        "ItemSerial": 4,
        "Category": "Men",
        "ItemName": "M Pant",
        "ItemNamePk": "2",
        "WashType": "DryWash",
        "WashTypePk": "2",
        "locationPk": "Vizag",
        "location": "Vizag",
        "Pcs": 1,
        "Rate": 50,
        "DisPer": 0,
        "AddOn": "0-0",
        "DeliveryDateTime": "2024-03-18T04:15:01",
        "Total": 50
      }
    },
    "CustomerData": {
      "CustomerName": "Gowthami",
      "CustomerMobile": "9014791933"
    },
    "OrderData": {
      "BranchName": "MvpColony",
      "Currentdateandtime": "2024-03-07T04:12:45"
    },
    "AddOnData": {},
    "CheckOutData": {
      "1": {
        "RoundOff": -0.2,
        "CashAmount": 224,
        "CardAmount": 0,
        "UPIAmount": 0,
        "DiscountPer": 0,
        "GstData": {
          "DiscountAmount": 0,
          "CGST": 17.1,
          "SGST": 17.1
        }
      }
    },
    "UuId": 2,
    "pk": 2,
    "DateTime": "2024-03-07T09:13:58.861Z"
  },
  {
    "ItemsInOrder": {
      "1": {
        "ItemSerial": 1,
        "Category": "Men",
        "ItemName": "M Shart",
        "ItemNamePk": "1",
        "WashType": "DryWash",
        "WashTypePk": "1",
        "locationPk": "Vizag",
        "location": "Vizag",
        "Pcs": 4,
        "Rate": 60,
        "DisPer": 0,
        "AddOn": "0-0",
        "DeliveryDateTime": "2024-03-18T04:19:48",
        "Total": 240
      },
      "2": {
        "ItemSerial": 2,
        "Category": "Men",
        "ItemName": "M Jean",
        "ItemNamePk": "7",
        "WashType": "DryWash",
        "WashTypePk": "7",
        "locationPk": "Vizag",
        "location": "Vizag",
        "Pcs": 5,
        "Rate": 60,
        "DisPer": 0,
        "AddOn": "0-0",
        "DeliveryDateTime": "2024-03-14T04:23:55",
        "Total": 300
      }
    },
    "CustomerData": {
      "CustomerName": "CH. Rvi babu",
      "CustomerMobile": "9908114447"
    },
    "OrderData": {
      "BranchName": "MvpColony",
      "Currentdateandtime": "2024-03-07T04:19:48"
    },
    "AddOnData": {},
    "CheckOutData": {
      "1": {
        "RoundOff": -0.2,
        "CashAmount": 637,
        "CardAmount": 0,
        "UPIAmount": 0,
        "DiscountPer": 0,
        "GstData": {
          "DiscountAmount": 0,
          "CGST": 48.6,
          "SGST": 48.6
        }
      }
    },
    "UuId": 3,
    "pk": 3,
    "DateTime": "2024-03-07T09:21:18.006Z"
  },
  {
    "ItemsInOrder": {},
    "CustomerData": {
      "CustomerName": "Swathi",
      "CustomerMobile": "9154267267"
    },
    "OrderData": {
      "BranchName": "MvpColony",
      "Currentdateandtime": "2024-03-07T04:25:45"
    },
    "AddOnData": {},
    "CheckOutData": {
      "1": {
        "RoundOff": 0,
        "CashAmount": 1180,
        "CardAmount": 0,
        "UPIAmount": 0,
        "DiscountPer": 0,
        "GstData": {
          "DiscountAmount": 0,
          "CGST": 90,
          "SGST": 90
        }
      }
    },
    "UuId": 4,
    "pk": 4,
    "DateTime": "2024-03-07T09:26:16.052Z"
  },
  {
    "ItemsInOrder": {
      "1": {
        "ItemSerial": 1,
        "Category": "Women",
        "ItemName": "W Saree",
        "ItemNamePk": "5",
        "WashType": "DryWash",
        "WashTypePk": "5",
        "locationPk": "Vizag",
        "location": "Vizag",
        "Pcs": 2,
        "Rate": 400,
        "DisPer": 0,
        "AddOn": "0-0",
        "DeliveryDateTime": "2024-03-18T04:31:59",
        "Total": 800
      },
      "2": {
        "ItemSerial": 2,
        "Category": "Women",
        "ItemName": "W Saree",
        "ItemNamePk": "5",
        "WashType": "DryWash",
        "WashTypePk": "5",
        "locationPk": "Vizag",
        "location": "Vizag",
        "Pcs": 1,
        "Rate": 200,
        "DisPer": 0,
        "AddOn": "0-0",
        "DeliveryDateTime": "2024-03-14T04:34:33",
        "Total": 200
      }
    },
    "CustomerData": {
      "CustomerName": "swathi",
      "CustomerMobile": "9154267267"
    },
    "OrderData": {
      "BranchName": "MvpColony",
      "Currentdateandtime": "2024-03-07T04:31:59"
    },
    "AddOnData": {},
    "CheckOutData": {
      "1": {
        "RoundOff": 0,
        "CashAmount": 1180,
        "CardAmount": 0,
        "UPIAmount": 0,
        "DiscountPer": 0,
        "GstData": {
          "DiscountAmount": 0,
          "CGST": 90,
          "SGST": 90
        }
      }
    },
    "UuId": 5,
    "pk": 5,
    "DateTime": "2024-03-07T09:34:30.426Z"
  },
  {
    "ItemsInOrder": {
      "1": {
        "ItemSerial": 1,
        "Category": "Men",
        "ItemName": "M Shart",
        "ItemNamePk": "1",
        "WashType": "DryWash",
        "WashTypePk": "1",
        "locationPk": "Vizag",
        "location": "Vizag",
        "Pcs": 17,
        "Rate": 70,
        "DisPer": 0,
        "AddOn": "0-0",
        "DeliveryDateTime": "2024-03-18T04:40:49",
        "Total": 1190
      }
    },
    "CustomerData": {
      "CustomerName": "Vasu",
      "CustomerMobile": "9398444291"
    },
    "OrderData": {
      "BranchName": "MvpColony",
      "Currentdateandtime": "2024-03-07T04:39:12"
    },
    "AddOnData": {},
    "CheckOutData": {
      "1": {
        "RoundOff": -0.2,
        "CashAmount": 1404,
        "CardAmount": 0,
        "UPIAmount": 0,
        "DiscountPer": 0,
        "GstData": {
          "DiscountAmount": 0,
          "CGST": 107.1,
          "SGST": 107.1
        }
      }
    },
    "UuId": 6,
    "pk": 6,
    "DateTime": "2024-03-07T09:39:51.857Z"
  },
  {
    "ItemsInOrder": {
      "1": {
        "ItemSerial": 1,
        "Category": "Men",
        "ItemName": "M Shart",
        "ItemNamePk": "1",
        "WashType": "DryWash",
        "WashTypePk": "1",
        "locationPk": "Vizag",
        "location": "Vizag",
        "Pcs": 3,
        "Rate": 60,
        "DisPer": 0,
        "AddOn": "0-0",
        "DeliveryDateTime": "2024-03-20T04:47:42",
        "Total": 180
      }
    },
    "CustomerData": {
      "CustomerName": "DR Pavan",
      "CustomerMobile": "9849101116"
    },
    "OrderData": {
      "BranchName": "MvpColony",
      "Currentdateandtime": "2024-03-09T04:45:06"
    },
    "AddOnData": {
      "1": {
        "AddOnService": "m str",
        "AddOnRate": 5,
        "AddOnItemSerial": 3,
        "AddOnImageSerial": "0"
      },
      "2": {
        "AddOnService": "m str",
        "AddOnRate": 0,
        "AddOnItemSerial": 3,
        "AddOnImageSerial": ""
      }
    },
    "CheckOutData": {
      "1": {
        "RoundOff": -0.4,
        "CashAmount": 212,
        "CardAmount": 0,
        "UPIAmount": 0,
        "DiscountPer": 0,
        "GstData": {
          "DiscountAmount": 0,
          "CGST": 16.2,
          "SGST": 16.2
        }
      },
      "2": {
        "RoundOff": -0.4,
        "CashAmount": 212,
        "CardAmount": 0,
        "UPIAmount": 0,
        "DiscountPer": 0,
        "GstData": {
          "DiscountAmount": 0,
          "CGST": 16.2,
          "SGST": 16.2
        }
      },
      "3": {
        "RoundOff": -0.4,
        "CashAmount": 212,
        "CardAmount": 0,
        "UPIAmount": 0,
        "DiscountPer": 0,
        "GstData": {
          "DiscountAmount": 0,
          "CGST": 16.2,
          "SGST": 16.2
        }
      }
    },
    "UuId": 7,
    "pk": 7,
    "DateTime": "2024-03-09T09:46:12.568Z"
  },
  {
    "ItemsInOrder": {
      "1": {
        "ItemSerial": 1,
        "Category": "Women",
        "ItemName": "PATTU SAREE",
        "ItemNamePk": "59",
        "WashType": "DryWash",
        "WashTypePk": "59",
        "locationPk": "Vizag",
        "location": "Vizag",
        "Pcs": 1,
        "Rate": 400,
        "DisPer": 0,
        "AddOn": "0-0",
        "DeliveryDateTime": "2024-03-20T04:58:43",
        "Total": 400
      }
    },
    "CustomerData": {
      "CustomerName": "Chandra reddy",
      "CustomerMobile": "7799623509"
    },
    "OrderData": {
      "BranchName": "MvpColony",
      "Currentdateandtime": "2024-03-09T04:53:50"
    },
    "AddOnData": {},
    "CheckOutData": {
      "1": {
        "RoundOff": 0,
        "CashAmount": 472,
        "CardAmount": 0,
        "UPIAmount": 0,
        "DiscountPer": 0,
        "GstData": {
          "DiscountAmount": 0,
          "CGST": 36,
          "SGST": 36
        }
      }
    },
    "UuId": 8,
    "pk": 8,
    "DateTime": "2024-03-09T09:54:25.619Z"
  },
  {
    "ItemsInOrder": {
      "1": {
        "ItemSerial": 1,
        "Category": "Women",
        "ItemName": "W Saree",
        "ItemNamePk": "5",
        "WashType": "DryWash",
        "WashTypePk": "5",
        "locationPk": "Vizag",
        "location": "Vizag",
        "Pcs": 2,
        "Rate": 150,
        "DisPer": 0,
        "AddOn": "0-0",
        "DeliveryDateTime": "2024-03-20T05:02:17",
        "Total": 300
      },
      "2": {
        "ItemSerial": 2,
        "Category": "Women",
        "ItemName": "PATTU SAREE",
        "ItemNamePk": "59",
        "WashType": "DryWash",
        "WashTypePk": "59",
        "locationPk": "Vizag",
        "location": "Vizag",
        "Pcs": 1,
        "Rate": 200,
        "DisPer": 0,
        "AddOn": "0-0",
        "DeliveryDateTime": "2024-03-16T05:02:38",
        "Total": 200
      }
    },
    "CustomerData": {
      "CustomerName": "S P Ramana",
      "CustomerMobile": "9989485599"
    },
    "OrderData": {
      "BranchName": "MvpColony",
      "Currentdateandtime": "2024-03-09T05:02:17"
    },
    "AddOnData": {},
    "CheckOutData": {
      "1": {
        "RoundOff": 0,
        "CashAmount": 590,
        "CardAmount": 0,
        "UPIAmount": 0,
        "DiscountPer": 0,
        "GstData": {
          "DiscountAmount": 0,
          "CGST": 45,
          "SGST": 45
        }
      }
    },
    "UuId": 9,
    "pk": 9,
    "DateTime": "2024-03-09T10:02:37.541Z"
  },
  {
    "ItemsInOrder": {
      "1": {
        "ItemSerial": 1,
        "Category": "Women",
        "ItemName": "W Saree",
        "ItemNamePk": "5",
        "WashType": "DryWash",
        "WashTypePk": "5",
        "locationPk": "Vizag",
        "location": "Vizag",
        "Pcs": 4,
        "Rate": 150,
        "DisPer": 0,
        "AddOn": "0-0",
        "DeliveryDateTime": "2024-03-20T05:05:17",
        "Total": 600
      },
      "2": {
        "ItemSerial": 2,
        "Category": "Women",
        "ItemName": "PATTU SAREE",
        "ItemNamePk": "59",
        "WashType": "DryWash",
        "WashTypePk": "59",
        "locationPk": "Vizag",
        "location": "Vizag",
        "Pcs": 3,
        "Rate": 200,
        "DisPer": 0,
        "AddOn": "0-0",
        "DeliveryDateTime": "2024-03-16T05:05:37",
        "Total": 600
      }
    },
    "CustomerData": {
      "CustomerName": "N Rajeshwari",
      "CustomerMobile": "9490166269"
    },
    "OrderData": {
      "BranchName": "MvpColony",
      "Currentdateandtime": "2024-03-09T05:05:17"
    },
    "AddOnData": {},
    "CheckOutData": {
      "1": {
        "RoundOff": 0,
        "CashAmount": 1416,
        "CardAmount": 0,
        "UPIAmount": 0,
        "DiscountPer": 0,
        "GstData": {
          "DiscountAmount": 0,
          "CGST": 108,
          "SGST": 108
        }
      }
    },
    "UuId": 10,
    "pk": 10,
    "DateTime": "2024-03-09T10:05:36.358Z"
  },
  {
    "ItemsInOrder": {
      "1": {
        "ItemSerial": 1,
        "Category": "Men",
        "ItemName": "KURTHA(NORMAL)",
        "ItemNamePk": "14",
        "WashType": "DryWash",
        "WashTypePk": "14",
        "locationPk": "Vizag",
        "location": "Vizag",
        "Pcs": 1,
        "Rate": 200,
        "DisPer": 0,
        "AddOn": "0-0",
        "DeliveryDateTime": "2024-03-20T05:08:21",
        "Total": 200
      },
      "2": {
        "ItemSerial": 2,
        "Category": "Men",
        "ItemName": "PYJAMA",
        "ItemNamePk": "17",
        "WashType": "DryWash",
        "WashTypePk": "17",
        "locationPk": "Vizag",
        "location": "Vizag",
        "Pcs": 1,
        "Rate": 50,
        "DisPer": 0,
        "AddOn": "0-0",
        "DeliveryDateTime": "2024-03-16T05:09:34",
        "Total": 50
      }
    },
    "CustomerData": {
      "CustomerName": "Gopinadh",
      "CustomerMobile": "9640141074"
    },
    "OrderData": {
      "BranchName": "MvpColony",
      "Currentdateandtime": "2024-03-09T05:08:21"
    },
    "AddOnData": {},
    "CheckOutData": {
      "1": {
        "RoundOff": 0,
        "CashAmount": 295,
        "CardAmount": 0,
        "UPIAmount": 0,
        "DiscountPer": 0,
        "GstData": {
          "DiscountAmount": 0,
          "CGST": 22.5,
          "SGST": 22.5
        }
      }
    },
    "UuId": 11,
    "pk": 11,
    "DateTime": "2024-03-09T10:09:33.843Z"
  },
  {
    "ItemsInOrder": {
      "1": {
        "ItemSerial": 1,
        "Category": "Others",
        "ItemName": "BATH TOWEL",
        "ItemNamePk": "93",
        "WashType": "DryWash",
        "WashTypePk": "93",
        "locationPk": "Vizag",
        "location": "Vizag",
        "Pcs": 1,
        "Rate": 50,
        "DisPer": 0,
        "AddOn": "0-0",
        "DeliveryDateTime": "2024-03-16T05:10:52",
        "Total": 50
      }
    },
    "CustomerData": {
      "CustomerName": "Prasad",
      "CustomerMobile": "9848715533"
    },
    "OrderData": {
      "BranchName": "MvpColony",
      "Currentdateandtime": "2024-03-09T05:10:52"
    },
    "AddOnData": {
      "1": {
        "AddOnService": "m str",
        "AddOnRate": 0,
        "AddOnItemSerial": 1,
        "AddOnImageSerial": ""
      }
    },
    "CheckOutData": {
      "1": {
        "RoundOff": 0,
        "CashAmount": 708,
        "CardAmount": 0,
        "UPIAmount": 0,
        "DiscountPer": 0,
        "GstData": {
          "DiscountAmount": 0,
          "CGST": 54,
          "SGST": 54
        }
      }
    },
    "UuId": 12,
    "pk": 12,
    "DateTime": "2024-03-09T10:11:10.886Z"
  },
  {
    "ItemsInOrder": {
      "1": {
        "ItemSerial": 1,
        "Category": "Men",
        "ItemName": "M Pant",
        "ItemNamePk": "2",
        "WashType": "DryWash",
        "WashTypePk": "2",
        "locationPk": "Vizag",
        "location": "Vizag",
        "Pcs": 6,
        "Rate": 60,
        "DisPer": 0,
        "AddOn": "0-0",
        "DeliveryDateTime": "2024-03-18T08:50:58",
        "Total": 360
      },
      "2": {
        "ItemSerial": 2,
        "Category": "Men",
        "ItemName": "M Shart",
        "ItemNamePk": "1",
        "WashType": "DryWash",
        "WashTypePk": "1",
        "locationPk": "Vizag",
        "location": "Vizag",
        "Pcs": 4,
        "Rate": 60,
        "DisPer": 0,
        "AddOn": "0-0",
        "DeliveryDateTime": "2024-03-18T08:51:18",
        "Total": 240
      }
    },
    "CustomerData": {
      "CustomerName": "vara prasad",
      "CustomerMobile": "9949638787"
    },
    "OrderData": {
      "BranchName": "MvpColony",
      "Currentdateandtime": "2024-03-11T08:49:58"
    },
    "AddOnData": {},
    "CheckOutData": {
      "1": {
        "RoundOff": 0,
        "CashAmount": 0,
        "CardAmount": 0,
        "UPIAmount": 708,
        "DiscountPer": 0,
        "GstData": {
          "DiscountAmount": 0,
          "CGST": 54,
          "SGST": 54
        }
      }
    },
    "UuId": 13,
    "pk": 13,
    "DateTime": "2024-03-11T12:50:27.961Z"
  },
  {
    "ItemsInOrder": {
      "1": {
        "ItemSerial": 1,
        "Category": "Men",
        "ItemName": "M Shart",
        "ItemNamePk": "1",
        "WashType": "DryWash",
        "WashTypePk": "1",
        "locationPk": "Vizag",
        "location": "Vizag",
        "Pcs": 5,
        "Rate": 60,
        "DisPer": 0,
        "AddOn": "0-0",
        "DeliveryDateTime": "2024-03-18T09:01:58",
        "Total": 300
      }
    },
    "CustomerData": {
      "CustomerName": "t b raj kumar",
      "CustomerMobile": "9440079766"
    },
    "OrderData": {
      "BranchName": "MvpColony",
      "Currentdateandtime": "2024-03-11T09:01:58"
    },
    "AddOnData": {},
    "CheckOutData": {
      "1": {
        "RoundOff": 0,
        "CashAmount": 354,
        "CardAmount": 0,
        "UPIAmount": 0,
        "DiscountPer": 0,
        "GstData": {
          "DiscountAmount": 0,
          "CGST": 27,
          "SGST": 27
        }
      }
    },
    "UuId": 14,
    "pk": 14,
    "DateTime": "2024-03-11T13:02:11.926Z"
  },
  {
    "ItemsInOrder": {
      "1": {
        "ItemSerial": 1,
        "Category": "Others",
        "ItemName": "CURTAIN(BIG)",
        "ItemNamePk": "107",
        "WashType": "DryWash",
        "WashTypePk": "107",
        "locationPk": "Vizag",
        "location": "Vizag",
        "Pcs": 5,
        "Rate": 400,
        "DisPer": 0,
        "AddOn": "0-0",
        "DeliveryDateTime": "2024-03-18T09:03:10",
        "Total": 2000
      }
    },
    "CustomerData": {
      "CustomerName": "ravi teja",
      "CustomerMobile": "8500932584"
    },
    "OrderData": {
      "BranchName": "MvpColony",
      "Currentdateandtime": "2024-03-11T09:03:10"
    },
    "AddOnData": {},
    "CheckOutData": {
      "1": {
        "RoundOff": 0,
        "CashAmount": 0,
        "CardAmount": 0,
        "UPIAmount": 2360,
        "DiscountPer": 0,
        "GstData": {
          "DiscountAmount": 0,
          "CGST": 180,
          "SGST": 180
        }
      }
    },
    "UuId": 15,
    "pk": 15,
    "DateTime": "2024-03-11T13:03:32.392Z"
  },
  {
    "ItemsInOrder": {
      "1": {
        "ItemSerial": 1,
        "Category": "Men",
        "ItemName": "M Shart",
        "ItemNamePk": "1",
        "WashType": "DryWash",
        "WashTypePk": "1",
        "locationPk": "Vizag",
        "location": "Vizag",
        "Pcs": 18,
        "Rate": 60,
        "DisPer": 0,
        "AddOn": "0-0",
        "DeliveryDateTime": "2024-03-18T09:04:40",
        "Total": 1080
      },
      "2": {
        "ItemSerial": 2,
        "Category": "Men",
        "ItemName": "M Pant",
        "ItemNamePk": "2",
        "WashType": "DryWash",
        "WashTypePk": "2",
        "locationPk": "Vizag",
        "location": "Vizag",
        "Pcs": 5,
        "Rate": 60,
        "DisPer": 0,
        "AddOn": "0-0",
        "DeliveryDateTime": "2024-03-18T09:05:01",
        "Total": 300
      },
      "3": {
        "ItemSerial": 3,
        "Category": "Men",
        "ItemName": "M Jean",
        "ItemNamePk": "7",
        "WashType": "DryWash",
        "WashTypePk": "7",
        "locationPk": "Vizag",
        "location": "Vizag",
        "Pcs": 1,
        "Rate": 60,
        "DisPer": 0,
        "AddOn": "0-0",
        "DeliveryDateTime": "2024-03-18T09:05:15",
        "Total": 60
      },
      "4": {
        "ItemSerial": 4,
        "Category": "Women",
        "ItemName": "W Saree",
        "ItemNamePk": "5",
        "WashType": "DryWash",
        "WashTypePk": "5",
        "locationPk": "Vizag",
        "location": "Vizag",
        "Pcs": 3,
        "Rate": 150,
        "DisPer": 0,
        "AddOn": "0-0",
        "DeliveryDateTime": "2024-03-18T09:05:24",
        "Total": 450
      },
      "5": {
        "ItemSerial": 5,
        "Category": "Women",
        "ItemName": "PATTU SAREE",
        "ItemNamePk": "59",
        "WashType": "DryWash",
        "WashTypePk": "59",
        "locationPk": "Vizag",
        "location": "Vizag",
        "Pcs": 2,
        "Rate": 200,
        "DisPer": 0,
        "AddOn": "0-0",
        "DeliveryDateTime": "2024-03-18T09:05:42",
        "Total": 400
      },
      "6": {
        "ItemSerial": 6,
        "Category": "Women",
        "ItemName": "BLOUSE",
        "ItemNamePk": "64",
        "WashType": "DryWash",
        "WashTypePk": "64",
        "locationPk": "Vizag",
        "location": "Vizag",
        "Pcs": 2,
        "Rate": 40,
        "DisPer": 0,
        "AddOn": "0-0",
        "DeliveryDateTime": "2024-03-18T09:06:03",
        "Total": 80
      }
    },
    "CustomerData": {
      "CustomerName": "k v r swathi",
      "CustomerMobile": "81216664560"
    },
    "OrderData": {
      "BranchName": "MvpColony",
      "Currentdateandtime": "2024-03-11T09:04:40"
    },
    "AddOnData": {},
    "CheckOutData": {
      "1": {
        "RoundOff": 0.4,
        "CashAmount": 2797,
        "CardAmount": 0,
        "UPIAmount": 0,
        "DiscountPer": 0,
        "GstData": {
          "DiscountAmount": 0,
          "CGST": 213.3,
          "SGST": 213.3
        }
      }
    },
    "UuId": 16,
    "pk": 16,
    "DateTime": "2024-03-11T13:04:59.045Z"
  },
  {
    "ItemsInOrder": {
      "1": {
        "ItemSerial": 1,
        "Category": "Men",
        "ItemName": "M Shart",
        "ItemNamePk": "1",
        "WashType": "DryWash",
        "WashTypePk": "1",
        "locationPk": "Vizag",
        "location": "Vizag",
        "Pcs": 5,
        "Rate": 60,
        "DisPer": 0,
        "AddOn": "0-0",
        "DeliveryDateTime": "2024-03-18T09:07:19",
        "Total": 300
      }
    },
    "CustomerData": {
      "CustomerName": "chitti babu",
      "CustomerMobile": "9848116222"
    },
    "OrderData": {
      "BranchName": "MvpColony",
      "Currentdateandtime": "2024-03-11T09:07:19"
    },
    "AddOnData": {},
    "CheckOutData": {
      "1": {
        "RoundOff": 0,
        "CashAmount": 0,
        "CardAmount": 0,
        "UPIAmount": 354,
        "DiscountPer": 0,
        "GstData": {
          "DiscountAmount": 0,
          "CGST": 27,
          "SGST": 27
        }
      }
    },
    "UuId": 17,
    "pk": 17,
    "DateTime": "2024-03-11T13:07:28.201Z"
  },
  {
    "ItemsInOrder": {
      "1": {
        "ItemSerial": 1,
        "Category": "Men",
        "ItemName": "M Pant",
        "ItemNamePk": "2",
        "WashType": "DryWash",
        "WashTypePk": "2",
        "locationPk": "Vizag",
        "location": "Vizag",
        "Pcs": 1,
        "Rate": 60,
        "DisPer": 0,
        "AddOn": "0-0",
        "DeliveryDateTime": "2024-03-18T09:09:39",
        "Total": 60
      }
    },
    "CustomerData": {
      "CustomerName": "k v ramakrishna",
      "CustomerMobile": "9985003759"
    },
    "OrderData": {
      "BranchName": "MvpColony",
      "Currentdateandtime": "2024-03-11T09:09:39"
    },
    "AddOnData": {},
    "CheckOutData": {
      "1": {
        "RoundOff": 0.2,
        "CashAmount": 71,
        "CardAmount": 0,
        "UPIAmount": 0,
        "DiscountPer": 0,
        "GstData": {
          "DiscountAmount": 0,
          "CGST": 5.4,
          "SGST": 5.4
        }
      }
    },
    "UuId": 18,
    "pk": 18,
    "DateTime": "2024-03-11T13:09:47.108Z"
  },
  {
    "ItemsInOrder": {
      "1": {
        "ItemSerial": 1,
        "Category": "Women",
        "ItemName": "PATTU SAREE",
        "ItemNamePk": "59",
        "WashType": "DryWash",
        "WashTypePk": "59",
        "locationPk": "Vizag",
        "location": "Vizag",
        "Pcs": 2,
        "Rate": 200,
        "DisPer": 0,
        "AddOn": "0-0",
        "DeliveryDateTime": "2024-03-18T09:11:54",
        "Total": 400
      },
      "2": {
        "ItemSerial": 2,
        "Category": "Women",
        "ItemName": "W Saree",
        "ItemNamePk": "5",
        "WashType": "DryWash",
        "WashTypePk": "5",
        "locationPk": "Vizag",
        "location": "Vizag",
        "Pcs": 1,
        "Rate": 150,
        "DisPer": 0,
        "AddOn": "0-0",
        "DeliveryDateTime": "2024-03-18T09:12:18",
        "Total": 150
      },
      "3": {
        "ItemSerial": 3,
        "Category": "Women",
        "ItemName": "BLOUSE",
        "ItemNamePk": "64",
        "WashType": "DryWash",
        "WashTypePk": "64",
        "locationPk": "Vizag",
        "location": "Vizag",
        "Pcs": 2,
        "Rate": 40,
        "DisPer": 0,
        "AddOn": "0-0",
        "DeliveryDateTime": "2024-03-18T09:12:31",
        "Total": 80
      },
      "4": {
        "ItemSerial": 4,
        "Category": "Others",
        "ItemName": "BED SHEET(SINGLE)",
        "ItemNamePk": "94",
        "WashType": "DryWash",
        "WashTypePk": "94",
        "locationPk": "Vizag",
        "location": "Vizag",
        "Pcs": 2,
        "Rate": 200,
        "DisPer": 0,
        "AddOn": "0-0",
        "DeliveryDateTime": "2024-03-18T09:12:48",
        "Total": 400
      },
      "5": {
        "ItemSerial": 5,
        "Category": "Others",
        "ItemName": "BATH TOWEL",
        "ItemNamePk": "93",
        "WashType": "DryWash",
        "WashTypePk": "93",
        "locationPk": "Vizag",
        "location": "Vizag",
        "Pcs": 2,
        "Rate": 50,
        "DisPer": 0,
        "AddOn": "0-0",
        "DeliveryDateTime": "2024-03-18T09:13:06",
        "Total": 100
      },
      "6": {
        "ItemSerial": 6,
        "Category": "Men",
        "ItemName": "T SHIRT",
        "ItemNamePk": "13",
        "WashType": "DryWash",
        "WashTypePk": "13",
        "locationPk": "Vizag",
        "location": "Vizag",
        "Pcs": 2,
        "Rate": 60,
        "DisPer": 0,
        "AddOn": "0-0",
        "DeliveryDateTime": "2024-03-18T09:13:22",
        "Total": 120
      },
      "7": {
        "ItemSerial": 7,
        "Category": "Men",
        "ItemName": "COTTON DOTHI",
        "ItemNamePk": "20",
        "WashType": "DryWash",
        "WashTypePk": "20",
        "locationPk": "Vizag",
        "location": "Vizag",
        "Pcs": 1,
        "Rate": 100,
        "DisPer": 0,
        "AddOn": "0-0",
        "DeliveryDateTime": "2024-03-18T09:13:34",
        "Total": 100
      },
      "8": {
        "ItemSerial": 8,
        "Category": "Men",
        "ItemName": "KANDUVA",
        "ItemNamePk": "22",
        "WashType": "DryWash",
        "WashTypePk": "22",
        "locationPk": "Vizag",
        "location": "Vizag",
        "Pcs": 1,
        "Rate": 60,
        "DisPer": 0,
        "AddOn": "0-0",
        "DeliveryDateTime": "2024-03-18T09:14:03",
        "Total": 60
      },
      "9": {
        "ItemSerial": 9,
        "Category": "Others",
        "ItemName": "PILLOW COVERS",
        "ItemNamePk": "100",
        "WashType": "DryWash",
        "WashTypePk": "100",
        "locationPk": "Vizag",
        "location": "Vizag",
        "Pcs": 2,
        "Rate": 30,
        "DisPer": 0,
        "AddOn": "0-0",
        "DeliveryDateTime": "2024-03-18T09:14:18",
        "Total": 60
      },
      "10": {
        "ItemSerial": 10,
        "Category": "Men",
        "ItemName": "M Shart",
        "ItemNamePk": "1",
        "WashType": "DryWash",
        "WashTypePk": "1",
        "locationPk": "Vizag",
        "location": "Vizag",
        "Pcs": 6,
        "Rate": 60,
        "DisPer": 0,
        "AddOn": "0-0",
        "DeliveryDateTime": "2024-03-18T09:14:35",
        "Total": 360
      },
      "11": {
        "ItemSerial": 11,
        "Category": "Men",
        "ItemName": "M Jean",
        "ItemNamePk": "7",
        "WashType": "DryWash",
        "WashTypePk": "7",
        "locationPk": "Vizag",
        "location": "Vizag",
        "Pcs": 1,
        "Rate": 60,
        "DisPer": 0,
        "AddOn": "0-0",
        "DeliveryDateTime": "2024-03-18T09:14:50",
        "Total": 60
      }
    },
    "CustomerData": {
      "CustomerName": "ramakrishna",
      "CustomerMobile": "9840951711"
    },
    "OrderData": {
      "BranchName": "MvpColony",
      "Currentdateandtime": "2024-03-11T09:11:54"
    },
    "AddOnData": {},
    "CheckOutData": {
      "1": {
        "RoundOff": -0.2,
        "CashAmount": 2230,
        "CardAmount": 0,
        "UPIAmount": 0,
        "DiscountPer": 0,
        "GstData": {
          "DiscountAmount": 0,
          "CGST": 170.1,
          "SGST": 170.1
        }
      }
    },
    "UuId": 19,
    "pk": 19,
    "DateTime": "2024-03-11T13:12:16.688Z"
  },
  {
    "ItemsInOrder": {
      "1": {
        "ItemSerial": 1,
        "Category": "Women",
        "ItemName": "W Saree",
        "ItemNamePk": "5",
        "WashType": "DryWash",
        "WashTypePk": "5",
        "locationPk": "Vizag",
        "location": "Vizag",
        "Pcs": 1,
        "Rate": 150,
        "DisPer": 0,
        "AddOn": "0-0",
        "DeliveryDateTime": "2024-03-18T09:16:01",
        "Total": 150
      },
      "2": {
        "ItemSerial": 2,
        "Category": "Women",
        "ItemName": "W Saree",
        "ItemNamePk": "5",
        "WashType": "DryWash",
        "WashTypePk": "5",
        "locationPk": "Vizag",
        "location": "Vizag",
        "Pcs": 1,
        "Rate": 80,
        "DisPer": 0,
        "AddOn": "0-0",
        "DeliveryDateTime": "2024-03-18T09:17:50",
        "Total": 80
      }
    },
    "CustomerData": {
      "CustomerName": "vani",
      "CustomerMobile": "9840951711"
    },
    "OrderData": {
      "BranchName": "MvpColony",
      "Currentdateandtime": "2024-03-11T09:16:01"
    },
    "AddOnData": {},
    "CheckOutData": {
      "1": {
        "RoundOff": -0.4,
        "CashAmount": 271,
        "CardAmount": 0,
        "UPIAmount": 0,
        "DiscountPer": 0,
        "GstData": {
          "DiscountAmount": 0,
          "CGST": 20.7,
          "SGST": 20.7
        }
      }
    },
    "UuId": 20,
    "pk": 20,
    "DateTime": "2024-03-11T13:16:26.138Z"
  },
  {
    "ItemsInOrder": {
      "1": {
        "ItemSerial": 1,
        "Category": "Others",
        "ItemName": "QULIT(SINGLE)",
        "ItemNamePk": "98",
        "WashType": "DryWash",
        "WashTypePk": "98",
        "locationPk": "Vizag",
        "location": "Vizag",
        "Pcs": 1,
        "Rate": 250,
        "DisPer": 0,
        "AddOn": "0-0",
        "DeliveryDateTime": "2024-03-18T09:18:51",
        "Total": 250
      },
      "2": {
        "ItemSerial": 2,
        "Category": "Others",
        "ItemName": "QULIT(DOUBLE)",
        "ItemNamePk": "99",
        "WashType": "DryWash",
        "WashTypePk": "99",
        "locationPk": "Vizag",
        "location": "Vizag",
        "Pcs": 1,
        "Rate": 400,
        "DisPer": 0,
        "AddOn": "0-0",
        "DeliveryDateTime": "2024-03-18T09:19:09",
        "Total": 400
      }
    },
    "CustomerData": {
      "CustomerName": "pasupathi",
      "CustomerMobile": "7739391926"
    },
    "OrderData": {
      "BranchName": "MvpColony",
      "Currentdateandtime": "2024-03-11T09:18:51"
    },
    "AddOnData": {},
    "CheckOutData": {
      "1": {
        "RoundOff": 0,
        "CashAmount": 767,
        "CardAmount": 0,
        "UPIAmount": 0,
        "DiscountPer": 0,
        "GstData": {
          "DiscountAmount": 0,
          "CGST": 58.5,
          "SGST": 58.5
        }
      }
    },
    "UuId": 21,
    "pk": 21,
    "DateTime": "2024-03-11T13:19:07.148Z"
  },
  {
    "ItemsInOrder": {
      "1": {
        "ItemSerial": 1,
        "Category": "Men",
        "ItemName": "M Shart",
        "ItemNamePk": "1",
        "WashType": "DryWash",
        "WashTypePk": "1",
        "locationPk": "Vizag",
        "location": "Vizag",
        "Pcs": 1,
        "Rate": 60,
        "DisPer": 0,
        "AddOn": "0-0",
        "DeliveryDateTime": "2024-03-18T09:21:04",
        "Total": 60
      }
    },
    "CustomerData": {
      "CustomerName": "srinivas",
      "CustomerMobile": "9848633339"
    },
    "OrderData": {
      "BranchName": "MvpColony",
      "Currentdateandtime": "2024-03-11T09:21:04"
    },
    "AddOnData": {},
    "CheckOutData": {
      "1": {
        "RoundOff": 0.2,
        "CashAmount": 71,
        "CardAmount": 0,
        "UPIAmount": 0,
        "DiscountPer": 0,
        "GstData": {
          "DiscountAmount": 0,
          "CGST": 5.4,
          "SGST": 5.4
        }
      }
    },
    "UuId": 22,
    "pk": 22,
    "DateTime": "2024-03-11T13:21:15.331Z"
  },
  {
    "ItemsInOrder": {
      "1": {
        "ItemSerial": 1,
        "Category": "Women",
        "ItemName": "W Saree",
        "ItemNamePk": "5",
        "WashType": "DryWash",
        "WashTypePk": "5",
        "locationPk": "Vizag",
        "location": "Vizag",
        "Pcs": 1,
        "Rate": 150,
        "DisPer": 0,
        "AddOn": "0-0",
        "DeliveryDateTime": "2024-03-18T09:22:14",
        "Total": 150
      }
    },
    "CustomerData": {
      "CustomerName": "b s lakshmi",
      "CustomerMobile": "9848017584"
    },
    "OrderData": {
      "BranchName": "MvpColony",
      "Currentdateandtime": "2024-03-11T09:22:14"
    },
    "AddOnData": {},
    "CheckOutData": {
      "1": {
        "RoundOff": 0,
        "CashAmount": 0,
        "CardAmount": 0,
        "UPIAmount": 177,
        "DiscountPer": 0,
        "GstData": {
          "DiscountAmount": 0,
          "CGST": 13.5,
          "SGST": 13.5
        }
      }
    },
    "UuId": 23,
    "pk": 23,
    "DateTime": "2024-03-11T13:22:25.884Z"
  },
  {
    "ItemsInOrder": {
      "1": {
        "ItemSerial": 1,
        "Category": "Women",
        "ItemName": "PATTU SAREE",
        "ItemNamePk": "59",
        "WashType": "DryWash",
        "WashTypePk": "59",
        "locationPk": "Vizag",
        "location": "Vizag",
        "Pcs": 1,
        "Rate": 200,
        "DisPer": 0,
        "AddOn": "0-0",
        "DeliveryDateTime": "2024-03-18T09:23:48",
        "Total": 200
      },
      "2": {
        "ItemSerial": 2,
        "Category": "Women",
        "ItemName": "BLOUSE",
        "ItemNamePk": "64",
        "WashType": "DryWash",
        "WashTypePk": "64",
        "locationPk": "Vizag",
        "location": "Vizag",
        "Pcs": 1,
        "Rate": 40,
        "DisPer": 0,
        "AddOn": "0-0",
        "DeliveryDateTime": "2024-03-18T09:24:49",
        "Total": 40
      }
    },
    "CustomerData": {
      "CustomerName": "dr i siva prasad",
      "CustomerMobile": "9885261827"
    },
    "OrderData": {
      "BranchName": "MvpColony",
      "Currentdateandtime": "2024-03-11T09:23:48"
    },
    "AddOnData": {},
    "CheckOutData": {
      "1": {
        "RoundOff": -0.2,
        "CashAmount": 283,
        "CardAmount": 0,
        "UPIAmount": 0,
        "DiscountPer": 0,
        "GstData": {
          "DiscountAmount": 0,
          "CGST": 21.6,
          "SGST": 21.6
        }
      }
    },
    "UuId": 24,
    "pk": 24,
    "DateTime": "2024-03-11T13:24:47.607Z"
  },
  {
    "ItemsInOrder": {
      "1": {
        "ItemSerial": 1,
        "Category": "Men",
        "ItemName": "M Pant",
        "ItemNamePk": "2",
        "WashType": "DryWash",
        "WashTypePk": "2",
        "locationPk": "Vizag",
        "location": "Vizag",
        "Pcs": 1,
        "Rate": 60,
        "DisPer": 0,
        "AddOn": "0-0",
        "DeliveryDateTime": "2024-03-18T09:27:26",
        "Total": 60
      },
      "2": {
        "ItemSerial": 2,
        "Category": "Men",
        "ItemName": "M Shart",
        "ItemNamePk": "1",
        "WashType": "DryWash",
        "WashTypePk": "1",
        "locationPk": "Vizag",
        "location": "Vizag",
        "Pcs": 2,
        "Rate": 60,
        "DisPer": 0,
        "AddOn": "0-0",
        "DeliveryDateTime": "2024-03-18T09:27:35",
        "Total": 120
      }
    },
    "CustomerData": {
      "CustomerName": "kamal",
      "CustomerMobile": "9948778888"
    },
    "OrderData": {
      "BranchName": "MvpColony",
      "Currentdateandtime": "2024-03-11T09:27:26"
    },
    "AddOnData": {},
    "CheckOutData": {
      "1": {
        "RoundOff": -0.4,
        "CashAmount": 0,
        "CardAmount": 0,
        "UPIAmount": 212,
        "DiscountPer": 0,
        "GstData": {
          "DiscountAmount": 0,
          "CGST": 16.2,
          "SGST": 16.2
        }
      }
    },
    "UuId": 25,
    "pk": 25,
    "DateTime": "2024-03-11T13:27:32.937Z"
  },
  {
    "ItemsInOrder": {
      "1": {
        "ItemSerial": 1,
        "Category": "Men",
        "ItemName": "M Shart",
        "ItemNamePk": "1",
        "WashType": "DryWash",
        "WashTypePk": "1",
        "locationPk": "Vizag",
        "location": "Vizag",
        "Pcs": 1,
        "Rate": 60,
        "DisPer": 0,
        "AddOn": "0-0",
        "DeliveryDateTime": "2024-03-18T09:28:31",
        "Total": 60
      }
    },
    "CustomerData": {
      "CustomerName": "jagadeesh",
      "CustomerMobile": "8501908808"
    },
    "OrderData": {
      "BranchName": "MvpColony",
      "Currentdateandtime": "2024-03-11T09:28:31"
    },
    "AddOnData": {},
    "CheckOutData": {
      "1": {
        "RoundOff": 0.2,
        "CashAmount": 0,
        "CardAmount": 0,
        "UPIAmount": 71,
        "DiscountPer": 0,
        "GstData": {
          "DiscountAmount": 0,
          "CGST": 5.4,
          "SGST": 5.4
        }
      }
    },
    "UuId": 26,
    "pk": 26,
    "DateTime": "2024-03-11T13:28:36.553Z"
  },
  {
    "ItemsInOrder": {
      "1": {
        "ItemSerial": 1,
        "Category": "Others",
        "ItemName": "BED COVER(SINGLE)",
        "ItemNamePk": "112",
        "WashType": "DryWash",
        "WashTypePk": "112",
        "locationPk": "Vizag",
        "location": "Vizag",
        "Pcs": 1,
        "Rate": 400,
        "DisPer": 0,
        "AddOn": "0-0",
        "DeliveryDateTime": "2024-03-18T09:29:27",
        "Total": 400
      },
      "2": {
        "ItemSerial": 2,
        "Category": "Others",
        "ItemName": "BED COVER(DOUBLE)",
        "ItemNamePk": "113",
        "WashType": "DryWash",
        "WashTypePk": "113",
        "locationPk": "Vizag",
        "location": "Vizag",
        "Pcs": 1,
        "Rate": 500,
        "DisPer": 0,
        "AddOn": "0-0",
        "DeliveryDateTime": "2024-03-18T09:29:45",
        "Total": 500
      },
      "3": {
        "ItemSerial": 3,
        "Category": "Others",
        "ItemName": "PILLOW COVERS",
        "ItemNamePk": "100",
        "WashType": "DryWash",
        "WashTypePk": "100",
        "locationPk": "Vizag",
        "location": "Vizag",
        "Pcs": 4,
        "Rate": 30,
        "DisPer": 0,
        "AddOn": "0-0",
        "DeliveryDateTime": "2024-03-18T09:29:58",
        "Total": 120
      }
    },
    "CustomerData": {
      "CustomerName": "gowri",
      "CustomerMobile": "9177490235"
    },
    "OrderData": {
      "BranchName": "MvpColony",
      "Currentdateandtime": "2024-03-11T09:29:27"
    },
    "AddOnData": {},
    "CheckOutData": {
      "1": {
        "RoundOff": 0.4,
        "CashAmount": 0,
        "CardAmount": 0,
        "UPIAmount": 1204,
        "DiscountPer": 0,
        "GstData": {
          "DiscountAmount": 0,
          "CGST": 91.8,
          "SGST": 91.8
        }
      }
    },
    "UuId": 27,
    "pk": 27,
    "DateTime": "2024-03-11T13:29:43.007Z"
  },
  {
    "ItemsInOrder": {
      "1": {
        "ItemSerial": 1,
        "Category": "Women",
        "ItemName": "PATTU SAREE",
        "ItemNamePk": "59",
        "WashType": "DryWash",
        "WashTypePk": "59",
        "locationPk": "Vizag",
        "location": "Vizag",
        "Pcs": 1,
        "Rate": 200,
        "DisPer": 0,
        "AddOn": "0-0",
        "DeliveryDateTime": "2024-03-18T09:30:56",
        "Total": 200
      },
      "2": {
        "ItemSerial": 2,
        "Category": "Women",
        "ItemName": "LAHANGA(NORMAL)",
        "ItemNamePk": "50",
        "WashType": "DryWash",
        "WashTypePk": "50",
        "locationPk": "Vizag",
        "location": "Vizag",
        "Pcs": 1,
        "Rate": 200,
        "DisPer": 0,
        "AddOn": "0-0",
        "DeliveryDateTime": "2024-03-18T09:31:07",
        "Total": 200
      },
      "3": {
        "ItemSerial": 3,
        "Category": "Women",
        "ItemName": "BLOUSE",
        "ItemNamePk": "64",
        "WashType": "DryWash",
        "WashTypePk": "64",
        "locationPk": "Vizag",
        "location": "Vizag",
        "Pcs": 1,
        "Rate": 30,
        "DisPer": 0,
        "AddOn": "0-0",
        "DeliveryDateTime": "2024-03-18T09:31:22",
        "Total": 30
      }
    },
    "CustomerData": {
      "CustomerName": "rajyalakshmi",
      "CustomerMobile": "9440145081"
    },
    "OrderData": {
      "BranchName": "MvpColony",
      "Currentdateandtime": "2024-03-11T09:30:56"
    },
    "AddOnData": {},
    "CheckOutData": {
      "1": {
        "RoundOff": -0.4,
        "CashAmount": 0,
        "CardAmount": 0,
        "UPIAmount": 507,
        "DiscountPer": 0,
        "GstData": {
          "DiscountAmount": 0,
          "CGST": 38.7,
          "SGST": 38.7
        }
      }
    },
    "UuId": 28,
    "pk": 28,
    "DateTime": "2024-03-11T13:31:05.128Z"
  },
  {
    "ItemsInOrder": {
      "1": {
        "ItemSerial": 1,
        "Category": "Women",
        "ItemName": "PATTU SAREE",
        "ItemNamePk": "59",
        "WashType": "DryWash",
        "WashTypePk": "59",
        "locationPk": "Vizag",
        "location": "Vizag",
        "Pcs": 1,
        "Rate": 200,
        "DisPer": 0,
        "AddOn": "0-0",
        "DeliveryDateTime": "2024-03-20T04:17:53",
        "Total": 200
      },
      "2": {
        "ItemSerial": 2,
        "Category": "Women",
        "ItemName": "BLOUSE",
        "ItemNamePk": "64",
        "WashType": "DryWash",
        "WashTypePk": "64",
        "locationPk": "Vizag",
        "location": "Vizag",
        "Pcs": 1,
        "Rate": 40,
        "DisPer": 0,
        "AddOn": "0-0",
        "DeliveryDateTime": "2024-03-20T04:18:13",
        "Total": 40
      }
    },
    "CustomerData": {
      "CustomerName": "prasad",
      "CustomerMobile": "9848715533"
    },
    "OrderData": {
      "BranchName": "MvpColony",
      "Currentdateandtime": "2024-03-13T04:17:53"
    },
    "AddOnData": {},
    "CheckOutData": {
      "1": {
        "RoundOff": -0.2,
        "CashAmount": 0,
        "CardAmount": 0,
        "UPIAmount": 283,
        "DiscountPer": 0,
        "GstData": {
          "DiscountAmount": 0,
          "CGST": 21.6,
          "SGST": 21.6
        }
      }
    },
    "UuId": 29,
    "pk": 29,
    "DateTime": "2024-03-13T08:18:11.623Z"
  },
  {
    "ItemsInOrder": {
      "1": {
        "ItemSerial": 1,
        "Category": "Men",
        "ItemName": "M Shart",
        "ItemNamePk": "1",
        "WashType": "DryWash",
        "WashTypePk": "1",
        "locationPk": "Vizag",
        "location": "Vizag",
        "Pcs": 2,
        "Rate": 60,
        "DisPer": 0,
        "AddOn": "0-0",
        "DeliveryDateTime": "2024-03-20T04:19:38",
        "Total": 120
      },
      "2": {
        "ItemSerial": 2,
        "Category": "Men",
        "ItemName": "M Pant",
        "ItemNamePk": "2",
        "WashType": "DryWash",
        "WashTypePk": "2",
        "locationPk": "Vizag",
        "location": "Vizag",
        "Pcs": 3,
        "Rate": 60,
        "DisPer": 0,
        "AddOn": "0-0",
        "DeliveryDateTime": "2024-03-20T04:19:51",
        "Total": 180
      }
    },
    "CustomerData": {
      "CustomerName": "L n murthi",
      "CustomerMobile": "9885812556"
    },
    "OrderData": {
      "BranchName": "MvpColony",
      "Currentdateandtime": "2024-03-13T04:19:38"
    },
    "AddOnData": {},
    "CheckOutData": {
      "1": {
        "RoundOff": 0,
        "CashAmount": 0,
        "CardAmount": 0,
        "UPIAmount": 354,
        "DiscountPer": 0,
        "GstData": {
          "DiscountAmount": 0,
          "CGST": 27,
          "SGST": 27
        }
      }
    },
    "UuId": 30,
    "pk": 30,
    "DateTime": "2024-03-13T08:19:49.186Z"
  },
  {
    "ItemsInOrder": {
      "1": {
        "ItemSerial": 1,
        "Category": "Men",
        "ItemName": "M Shart",
        "ItemNamePk": "1",
        "WashType": "DryWash",
        "WashTypePk": "1",
        "locationPk": "Vizag",
        "location": "Vizag",
        "Pcs": 1,
        "Rate": 60,
        "DisPer": 0,
        "AddOn": "0-0",
        "DeliveryDateTime": "2024-03-20T04:21:08",
        "Total": 60
      },
      "2": {
        "ItemSerial": 2,
        "Category": "Men",
        "ItemName": "T SHIRT",
        "ItemNamePk": "13",
        "WashType": "DryWash",
        "WashTypePk": "13",
        "locationPk": "Vizag",
        "location": "Vizag",
        "Pcs": 1,
        "Rate": 60,
        "DisPer": 0,
        "AddOn": "0-0",
        "DeliveryDateTime": "2024-03-20T04:21:20",
        "Total": 60
      },
      "3": {
        "ItemSerial": 3,
        "Category": "Women",
        "ItemName": "W Saree",
        "ItemNamePk": "5",
        "WashType": "DryWash",
        "WashTypePk": "5",
        "locationPk": "Vizag",
        "location": "Vizag",
        "Pcs": 2,
        "Rate": 150,
        "DisPer": 0,
        "AddOn": "0-0",
        "DeliveryDateTime": "2024-03-20T04:21:30",
        "Total": 300
      }
    },
    "CustomerData": {
      "CustomerName": "gayathri devi",
      "CustomerMobile": "9348194543"
    },
    "OrderData": {
      "BranchName": "MvpColony",
      "Currentdateandtime": "2024-03-13T04:21:08"
    },
    "AddOnData": {},
    "CheckOutData": {
      "1": {
        "RoundOff": 0.4,
        "CashAmount": 0,
        "CardAmount": 0,
        "UPIAmount": 496,
        "DiscountPer": 0,
        "GstData": {
          "DiscountAmount": 0,
          "CGST": 37.8,
          "SGST": 37.8
        }
      }
    },
    "UuId": 31,
    "pk": 31,
    "DateTime": "2024-03-13T08:21:18.293Z"
  },
  {
    "ItemsInOrder": {
      "2": {
        "ItemSerial": 2,
        "Category": "Women",
        "ItemName": "BOTTOM",
        "ItemNamePk": "49",
        "WashTypePk": "49",
        "locationPk": "Vizag",
        "location": "Vizag",
        "Pcs": 2,
        "Rate": 50,
        "DisPer": 0,
        "AddOn": "0-0",
        "DeliveryDateTime": "2024-03-20T04:27:07",
        "Total": 100
      },
      "3": {
        "ItemSerial": 2,
        "Category": "Women",
        "ItemName": "TOP(NORMAL)",
        "ItemNamePk": "43",
        "WashType": "DryWash",
        "WashTypePk": "43",
        "locationPk": "Vizag",
        "location": "Vizag",
        "Pcs": 2,
        "Rate": 130,
        "DisPer": 0,
        "AddOn": "0-0",
        "DeliveryDateTime": "2024-03-20T04:27:47",
        "Total": 260
      }
    },
    "CustomerData": {
      "CustomerName": "vijaya",
      "CustomerMobile": "9989588822"
    },
    "OrderData": {
      "BranchName": "MvpColony",
      "Currentdateandtime": "2024-03-13T04:26:54"
    },
    "AddOnData": {},
    "CheckOutData": {
      "1": {
        "RoundOff": 0.2,
        "CashAmount": 0,
        "CardAmount": 0,
        "UPIAmount": 425,
        "DiscountPer": 0,
        "GstData": {
          "DiscountAmount": 0,
          "CGST": 32.4,
          "SGST": 32.4
        }
      }
    },
    "UuId": 32,
    "pk": 32,
    "DateTime": "2024-03-13T08:27:05.919Z"
  },
  {
    "ItemsInOrder": {
      "1": {
        "ItemSerial": 1,
        "Category": "Men",
        "ItemName": "M Shart",
        "ItemNamePk": "1",
        "WashType": "DryWash",
        "WashTypePk": "1",
        "locationPk": "Vizag",
        "location": "Vizag",
        "Pcs": 2,
        "Rate": 60,
        "DisPer": 0,
        "AddOn": "0-0",
        "DeliveryDateTime": "2024-03-20T04:30:12",
        "Total": 120
      }
    },
    "CustomerData": {
      "CustomerName": "chowdari",
      "CustomerMobile": "9849202186"
    },
    "OrderData": {
      "BranchName": "MvpColony",
      "Currentdateandtime": "2024-03-13T04:30:12"
    },
    "AddOnData": {},
    "CheckOutData": {
      "1": {
        "RoundOff": 0.4,
        "CashAmount": 0,
        "CardAmount": 0,
        "UPIAmount": 142,
        "DiscountPer": 0,
        "GstData": {
          "DiscountAmount": 0,
          "CGST": 10.8,
          "SGST": 10.8
        }
      }
    },
    "UuId": 33,
    "pk": 33,
    "DateTime": "2024-03-13T08:30:50.010Z"
  },
  {
    "ItemsInOrder": {
      "1": {
        "ItemSerial": 1,
        "Category": "Women",
        "ItemName": "LAHANGA(NORMAL)",
        "ItemNamePk": "50",
        "WashType": "DryWash",
        "WashTypePk": "50",
        "locationPk": "Vizag",
        "location": "Vizag",
        "Pcs": 1,
        "Rate": 250,
        "DisPer": 0,
        "AddOn": "0-0",
        "DeliveryDateTime": "2024-03-20T04:32:07",
        "Total": 250
      },
      "2": {
        "ItemSerial": 2,
        "Category": "Women",
        "ItemName": "W Saree",
        "ItemNamePk": "5",
        "WashType": "DryWash",
        "WashTypePk": "5",
        "locationPk": "Vizag",
        "location": "Vizag",
        "Pcs": 4,
        "Rate": 130,
        "DisPer": 0,
        "AddOn": "0-0",
        "DeliveryDateTime": "2024-03-20T04:32:19",
        "Total": 520
      },
      "3": {
        "ItemSerial": 3,
        "Category": "Women",
        "ItemName": "BLOUSE",
        "ItemNamePk": "64",
        "WashType": "DryWash",
        "WashTypePk": "64",
        "locationPk": "Vizag",
        "location": "Vizag",
        "Pcs": 3,
        "Rate": 30,
        "DisPer": 0,
        "AddOn": "0-0",
        "DeliveryDateTime": "2024-03-20T04:32:35",
        "Total": 90
      },
      "4": {
        "ItemSerial": 4,
        "Category": "Women",
        "ItemName": "TOP(NORMAL)",
        "ItemNamePk": "43",
        "WashType": "DryWash",
        "WashTypePk": "43",
        "locationPk": "Vizag",
        "location": "Vizag",
        "Pcs": 1,
        "Rate": 130,
        "DisPer": 0,
        "AddOn": "0-0",
        "DeliveryDateTime": "2024-03-20T04:32:56",
        "Total": 130
      },
      "5": {
        "ItemSerial": 5,
        "Category": "Women",
        "ItemName": "BOTTOM",
        "ItemNamePk": "49",
        "WashType": "DryWash",
        "WashTypePk": "49",
        "locationPk": "Vizag",
        "location": "Vizag",
        "Pcs": 1,
        "Rate": 50,
        "DisPer": 0,
        "AddOn": "0-0",
        "DeliveryDateTime": "2024-03-20T04:33:08",
        "Total": 50
      }
    },
    "CustomerData": {
      "CustomerName": "lavanya",
      "CustomerMobile": "8885689123"
    },
    "OrderData": {
      "BranchName": "MvpColony",
      "Currentdateandtime": "2024-03-13T04:32:07"
    },
    "AddOnData": {},
    "CheckOutData": {
      "1": {
        "RoundOff": -0.2,
        "CashAmount": 1227,
        "CardAmount": 0,
        "UPIAmount": 0,
        "DiscountPer": 0,
        "GstData": {
          "DiscountAmount": 0,
          "CGST": 93.6,
          "SGST": 93.6
        }
      }
    },
    "UuId": 34,
    "pk": 34,
    "DateTime": "2024-03-13T08:32:17.603Z"
  },
  {
    "ItemsInOrder": {
      "1": {
        "ItemSerial": 1,
        "Category": "Men",
        "ItemName": "M Shart",
        "ItemNamePk": "1",
        "WashType": "DryWash",
        "WashTypePk": "1",
        "locationPk": "Vizag",
        "location": "Vizag",
        "Pcs": 1,
        "Rate": 60,
        "DisPer": 0,
        "AddOn": "0-0",
        "DeliveryDateTime": "2024-03-20T04:34:16",
        "Total": 60
      }
    },
    "CustomerData": {
      "CustomerName": "k suguna",
      "CustomerMobile": "9951993111"
    },
    "OrderData": {
      "BranchName": "MvpColony",
      "Currentdateandtime": "2024-03-13T04:34:16"
    },
    "AddOnData": {},
    "CheckOutData": {
      "1": {
        "RoundOff": 0.2,
        "CashAmount": 0,
        "CardAmount": 0,
        "UPIAmount": 71,
        "DiscountPer": 0,
        "GstData": {
          "DiscountAmount": 0,
          "CGST": 5.4,
          "SGST": 5.4
        }
      }
    },
    "UuId": 35,
    "pk": 35,
    "DateTime": "2024-03-13T08:34:24.652Z"
  }
]