[
  {
    "ItemsInOrder": {
      "1": {
        "ItemSerial": 1,
        "Category": "Men",
        "ItemName": "SILK SHIRT",
        "ItemNamePk": "9",
        "WashType": "DryWash",
        "WashTypePk": "9",
        "locationPk": "Vizag",
        "location": "Vizag",
        "Pcs": 1,
        "Rate": 80,
        "DisPer": 0,
        "AddOn": "0-0",
        "DeliveryDateTime": "2024-03-18T17:11:29",
        "Total": 80
      },
      "2": {
        "ItemSerial": 2,
        "Category": "Women",
        "ItemName": "NET TOP",
        "ItemNamePk": "44",
        "WashType": "DryWash",
        "WashTypePk": "44",
        "locationPk": "Vizag",
        "location": "Vizag",
        "Pcs": 1,
        "Rate": 200,
        "DisPer": 0,
        "AddOn": "0-0",
        "DeliveryDateTime": "2024-03-18T17:11:41",
        "Total": 200
      },
      "3": {
        "ItemSerial": 3,
        "Category": "Others",
        "ItemName": "PILLOW COVERS",
        "ItemNamePk": "100",
        "WashType": "DryWash",
        "WashTypePk": "100",
        "locationPk": "Vizag",
        "location": "Vizag",
        "Pcs": 1,
        "Rate": 40,
        "DisPer": 0,
        "AddOn": "0-0",
        "DeliveryDateTime": "2024-03-18T17:12:06",
        "Total": 40
      }
    },
    "CustomerData": {
      "CustomerName": "reddy yyygjjyu",
      "CustomerMobile": "7993195279"
    },
    "OrderData": {
      "BranchName": "NggosColony",
      "Currentdateandtime": "2024-03-11T17:11:29"
    },
    "AddOnData": {
      "1": {
        "AddOnService": "Starch",
        "AddOnRate": 30,
        "AddOnItemSerial": 1,
        "AddOnImageSerial": ""
      },
      "2": {
        "AddOnService": "Petrol Wash Medium",
        "AddOnRate": 450,
        "AddOnItemSerial": 2,
        "AddOnImageSerial": ""
      }
    },
    "CheckOutData": {
      "1": {
        "RoundOff": 0,
        "CashAmount": 944,
        "CardAmount": 0,
        "UPIAmount": 0,
        "DiscountPer": 0,
        "GstData": {
          "DiscountAmount": 0,
          "CGST": 72,
          "SGST": 72
        }
      }
    },
    "UuId": 1,
    "pk": 1,
    "DateTime": "2024-03-11T11:41:31.153Z"
  },
  {
    "ItemsInOrder": {
      "1": {
        "ItemSerial": 1,
        "Category": "Men",
        "ItemName": "M Shart",
        "ItemNamePk": "1",
        "WashType": "DryWash",
        "WashTypePk": "1",
        "locationPk": "Vizag",
        "location": "Vizag",
        "Pcs": 1,
        "Rate": 45,
        "DisPer": 0,
        "AddOn": "0-0",
        "DeliveryDateTime": "2024-03-18T17:29:31",
        "Total": 45
      },
      "2": {
        "ItemSerial": 2,
        "Category": "Women",
        "ItemName": "NET TOP",
        "ItemNamePk": "44",
        "WashType": "DryWash",
        "WashTypePk": "44",
        "locationPk": "Vizag",
        "location": "Vizag",
        "Pcs": 1,
        "Rate": 200,
        "DisPer": 0,
        "AddOn": "0-0",
        "DeliveryDateTime": "2024-03-18T17:29:49",
        "Total": 200
      }
    },
    "CustomerData": {
      "CustomerName": "bhavani",
      "CustomerMobile": "7013865284"
    },
    "OrderData": {
      "BranchName": "NggosColony",
      "Currentdateandtime": "2024-03-11T17:29:31"
    },
    "AddOnData": {},
    "CheckOutData": {
      "1": {
        "RoundOff": -0.1,
        "CashAmount": 289,
        "CardAmount": 0,
        "UPIAmount": 0,
        "DiscountPer": 0,
        "GstData": {
          "DiscountAmount": 0,
          "CGST": 22.05,
          "SGST": 22.05
        }
      }
    },
    "UuId": 2,
    "pk": 2,
    "DateTime": "2024-03-11T11:59:40.329Z"
  },
  {
    "ItemsInOrder": {
      "1": {
        "ItemSerial": 1,
        "Category": "Kids",
        "ItemName": "JEAN",
        "ItemNamePk": "77",
        "WashType": "DryWash",
        "WashTypePk": "77",
        "locationPk": "Vizag",
        "location": "Vizag",
        "Pcs": 1,
        "Rate": 40,
        "DisPer": 0,
        "AddOn": "0-0",
        "DeliveryDateTime": "2024-03-18T17:33:49",
        "Total": 40
      },
      "2": {
        "ItemSerial": 2,
        "Category": "Men",
        "ItemName": "M Shart",
        "ItemNamePk": "1",
        "WashType": "DryWash",
        "WashTypePk": "1",
        "locationPk": "Vizag",
        "location": "Vizag",
        "Pcs": 1,
        "Rate": 45,
        "DisPer": 0,
        "AddOn": "0-0",
        "DeliveryDateTime": "2024-03-18T17:35:26",
        "Total": 45
      },
      "3": {
        "ItemSerial": 3,
        "Category": "Men",
        "ItemName": "M Shart",
        "ItemNamePk": "1",
        "WashType": "DryWash",
        "WashTypePk": "1",
        "locationPk": "Vizag",
        "location": "Vizag",
        "Pcs": 1,
        "Rate": 45,
        "DisPer": 0,
        "AddOn": "0-0",
        "DeliveryDateTime": "2024-03-18T17:35:48",
        "Total": 45
      }
    },
    "CustomerData": {
      "CustomerName": "bhavani",
      "CustomerMobile": "7013865284"
    },
    "OrderData": {
      "BranchName": "NggosColony",
      "Currentdateandtime": "2024-03-11T17:33:49"
    },
    "AddOnData": {},
    "CheckOutData": {
      "1": {
        "RoundOff": -0.4,
        "CashAmount": 153,
        "CardAmount": 0,
        "UPIAmount": 0,
        "DiscountPer": 0,
        "GstData": {
          "DiscountAmount": 0,
          "CGST": 11.7,
          "SGST": 11.7
        }
      }
    },
    "UuId": 3,
    "pk": 3,
    "DateTime": "2024-03-11T12:04:12.003Z"
  },
  {
    "ItemsInOrder": {
      "1": {
        "ItemSerial": 1,
        "Category": "Women",
        "ItemName": "NET TOP",
        "ItemNamePk": "44",
        "WashType": "DryWash",
        "WashTypePk": "44",
        "locationPk": "Vizag",
        "location": "Vizag",
        "Pcs": 1,
        "Rate": 200,
        "DisPer": 0,
        "AddOn": "0-0",
        "DeliveryDateTime": "2024-03-19T15:59:51",
        "Total": 200
      },
      "2": {
        "ItemSerial": 2,
        "Category": "Kids",
        "ItemName": "K Pant",
        "ItemNamePk": "4",
        "WashType": "DryWash",
        "WashTypePk": "4",
        "locationPk": "Vizag",
        "location": "Vizag",
        "Pcs": 2,
        "Rate": 150,
        "DisPer": 5,
        "AddOn": "0-0",
        "DeliveryDateTime": "2024-03-19T16:00:18",
        "Total": 300
      },
      "3": {
        "ItemSerial": 3,
        "Category": "Others",
        "ItemName": "BATH TOWEL",
        "ItemNamePk": "93",
        "WashType": "DryWash",
        "WashTypePk": "93",
        "locationPk": "Vizag",
        "location": "Vizag",
        "Pcs": 1,
        "Rate": 50,
        "DisPer": 0,
        "AddOn": "0-0",
        "DeliveryDateTime": "2024-03-19T16:00:52",
        "Total": 50
      }
    },
    "CustomerData": {
      "CustomerName": "reddyyyyyy",
      "CustomerMobile": "7995365966"
    },
    "OrderData": {
      "BranchName": "NggosColony",
      "Currentdateandtime": "2024-03-12T15:59:51"
    },
    "AddOnData": {
      "1": {
        "AddOnService": "polishing",
        "AddOnRate": 50,
        "AddOnItemSerial": 3,
        "AddOnImageSerial": ""
      }
    },
    "CheckOutData": {
      "1": {
        "RoundOff": -0.3,
        "CashAmount": 690,
        "CardAmount": 0,
        "UPIAmount": 0,
        "DiscountPer": 0,
        "GstData": {
          "DiscountAmount": 0,
          "CGST": 52.65,
          "SGST": 52.65
        }
      }
    },
    "UuId": 4,
    "pk": 4,
    "DateTime": "2024-03-12T10:30:14.701Z"
  },
  {
    "ItemsInOrder": {
      "1": {
        "ItemSerial": 1,
        "Category": "Men",
        "ItemName": "M Pant",
        "ItemNamePk": "2",
        "WashType": "DryWash",
        "WashTypePk": "2",
        "locationPk": "Vizag",
        "location": "Vizag",
        "Pcs": 1,
        "Rate": 50,
        "DisPer": 0,
        "AddOn": "0-0",
        "DeliveryDateTime": "2024-03-19T16:21:44",
        "Total": 50
      },
      "2": {
        "ItemSerial": 2,
        "Category": "Women",
        "ItemName": "NET TOP",
        "ItemNamePk": "44",
        "WashType": "DryWash",
        "WashTypePk": "44",
        "locationPk": "Vizag",
        "location": "Vizag",
        "Pcs": 1,
        "Rate": 200,
        "DisPer": 0,
        "AddOn": "0-0",
        "DeliveryDateTime": "2024-03-19T16:22:03",
        "Total": 200
      },
      "3": {
        "ItemSerial": 3,
        "Category": "Kids",
        "ItemName": "K Pant",
        "ItemNamePk": "4",
        "WashType": "DryWash",
        "WashTypePk": "4",
        "locationPk": "Vizag",
        "location": "Vizag",
        "Pcs": 1,
        "Rate": 45,
        "DisPer": 0,
        "AddOn": "0-0",
        "DeliveryDateTime": "2024-03-19T16:22:14",
        "Total": 45
      }
    },
    "CustomerData": {
      "CustomerName": "bhavani",
      "CustomerMobile": "7013865284"
    },
    "OrderData": {
      "BranchName": "NggosColony",
      "Currentdateandtime": "2024-03-12T16:21:44"
    },
    "AddOnData": {},
    "CheckOutData": {
      "1": {
        "RoundOff": 0.31,
        "CashAmount": 331,
        "CardAmount": 0,
        "UPIAmount": 0,
        "DiscountPer": 5,
        "GstData": {
          "DiscountAmount": 14.75,
          "CGST": 25.22,
          "SGST": 25.22
        }
      }
    },
    "UuId": 5,
    "pk": 5,
    "DateTime": "2024-03-12T10:52:00.410Z"
  },
  {
    "ItemsInOrder": {
      "1": {
        "ItemSerial": 1,
        "Category": "Women",
        "ItemName": "W Saree",
        "ItemNamePk": "5",
        "WashType": "DryWash",
        "WashTypePk": "5",
        "locationPk": "Vizag",
        "location": "Vizag",
        "Pcs": 1,
        "Rate": 60,
        "DisPer": 0,
        "AddOn": "0-0",
        "DeliveryDateTime": "2024-03-23T12:51:49",
        "Total": 60
      }
    },
    "CustomerData": {
      "CustomerName": "vijaya",
      "CustomerMobile": "9652084955"
    },
    "OrderData": {
      "BranchName": "NggosColony",
      "Currentdateandtime": "2024-03-13T12:51:49"
    },
    "AddOnData": {},
    "CheckOutData": {
      "1": {
        "RoundOff": 0.2,
        "CashAmount": 71,
        "CardAmount": 0,
        "UPIAmount": 0,
        "DiscountPer": 0,
        "GstData": {
          "DiscountAmount": 0,
          "CGST": 5.4,
          "SGST": 5.4
        }
      }
    },
    "UuId": 6,
    "pk": 6,
    "DateTime": "2024-03-13T07:23:18.403Z"
  },
  {
    "ItemsInOrder": {
      "1": {
        "ItemSerial": 1,
        "Category": "Men",
        "ItemName": "M Pant",
        "ItemNamePk": "2",
        "WashType": "DryWash",
        "WashTypePk": "2",
        "locationPk": "Vizag",
        "location": "Vizag",
        "Pcs": 1,
        "Rate": 50,
        "DisPer": 0,
        "AddOn": "0-0",
        "DeliveryDateTime": "2024-03-20T13:02:58",
        "Total": 50
      },
      "2": {
        "ItemSerial": 2,
        "Category": "Men",
        "ItemName": "M Shart",
        "ItemNamePk": "1",
        "WashType": "DryWash",
        "WashTypePk": "1",
        "locationPk": "Vizag",
        "location": "Vizag",
        "Pcs": 9,
        "Rate": 60,
        "DisPer": 0,
        "AddOn": "0-0",
        "DeliveryDateTime": "2024-03-22T13:03:33",
        "Total": 540
      },
      "3": {
        "ItemSerial": 3,
        "Category": "Men",
        "ItemName": "M Pant",
        "ItemNamePk": "2",
        "WashTypePk": "2",
        "locationPk": "Vizag",
        "location": "Vizag",
        "Pcs": 1,
        "Rate": 50,
        "DisPer": 0,
        "AddOn": "0-0",
        "DeliveryDateTime": "2024-03-20T13:06:33",
        "Total": 50
      }
    },
    "CustomerData": {
      "CustomerName": "kumar raju",
      "CustomerMobile": "8019303286"
    },
    "OrderData": {
      "BranchName": "NggosColony",
      "Currentdateandtime": "2024-03-13T13:02:58"
    },
    "AddOnData": {},
    "CheckOutData": {
      "1": {
        "RoundOff": -0.2,
        "CashAmount": 47,
        "CardAmount": 0,
        "UPIAmount": 0,
        "DiscountPer": 0,
        "GstData": {
          "DiscountAmount": 0,
          "CGST": 3.6,
          "SGST": 3.6
        }
      }
    },
    "UuId": 7,
    "pk": 7,
    "DateTime": "2024-03-13T07:33:29.091Z"
  },
  {
    "ItemsInOrder": {
      "1": {
        "ItemSerial": 1,
        "Category": "Men",
        "ItemName": "M Shart",
        "ItemNamePk": "1",
        "WashType": "DryWash",
        "WashTypePk": "1",
        "locationPk": "Vizag",
        "location": "Vizag",
        "Pcs": 9,
        "Rate": 360,
        "DisPer": 0,
        "AddOn": "0-0",
        "DeliveryDateTime": "2024-03-20T13:08:48",
        "Total": 3240
      }
    },
    "CustomerData": {
      "CustomerName": "kumar raju",
      "CustomerMobile": "8019303286"
    },
    "OrderData": {
      "BranchName": "NggosColony",
      "Currentdateandtime": "2024-03-13T13:08:48"
    },
    "AddOnData": {},
    "CheckOutData": {
      "1": {
        "RoundOff": -0.2,
        "CashAmount": 47,
        "CardAmount": 0,
        "UPIAmount": 0,
        "DiscountPer": 0,
        "GstData": {
          "DiscountAmount": 0,
          "CGST": 3.6,
          "SGST": 3.6
        }
      }
    },
    "UuId": 8,
    "pk": 8,
    "DateTime": "2024-03-13T07:39:39.457Z"
  },
  {
    "ItemsInOrder": {
      "1": {
        "ItemSerial": 1,
        "Category": "Men",
        "ItemName": "M Shart",
        "ItemNamePk": "1",
        "WashType": "DryWash",
        "WashTypePk": "1",
        "locationPk": "Vizag",
        "location": "Vizag",
        "Pcs": 3,
        "Rate": 60,
        "DisPer": 0,
        "AddOn": "0-0",
        "DeliveryDateTime": "2024-03-23T13:16:12",
        "Total": 180
      }
    },
    "CustomerData": {
      "CustomerName": "",
      "CustomerMobile": "9448065268"
    },
    "OrderData": {
      "BranchName": "NggosColony",
      "Currentdateandtime": "2024-03-13T13:16:12"
    },
    "AddOnData": {},
    "CheckOutData": {
      "1": {
        "RoundOff": -0.4,
        "CashAmount": 212,
        "CardAmount": 0,
        "UPIAmount": 0,
        "DiscountPer": 0,
        "GstData": {
          "DiscountAmount": 0,
          "CGST": 16.2,
          "SGST": 16.2
        }
      }
    },
    "UuId": 9,
    "pk": 9,
    "DateTime": "2024-03-13T07:47:46.507Z"
  },
  {
    "ItemsInOrder": {
      "1": {
        "ItemSerial": 1,
        "Category": "Kids",
        "ItemName": "K Shart",
        "ItemNamePk": "3",
        "WashType": "DryWash",
        "WashTypePk": "3",
        "locationPk": "Vizag",
        "location": "Vizag",
        "Pcs": 1,
        "Rate": 40,
        "DisPer": 0,
        "AddOn": "0-0",
        "DeliveryDateTime": "2024-03-23T13:28:06",
        "Total": 40
      }
    },
    "CustomerData": {
      "CustomerName": "vijaya",
      "CustomerMobile": "9652084955"
    },
    "OrderData": {
      "BranchName": "NggosColony",
      "Currentdateandtime": "2024-03-13T13:28:06"
    },
    "AddOnData": {},
    "CheckOutData": {
      "1": {
        "RoundOff": -0.2,
        "CashAmount": 47,
        "CardAmount": 0,
        "UPIAmount": 0,
        "DiscountPer": 0,
        "GstData": {
          "DiscountAmount": 0,
          "CGST": 3.6,
          "SGST": 3.6
        }
      }
    },
    "UuId": 10,
    "pk": 10,
    "DateTime": "2024-03-13T08:00:04.384Z"
  }
]