[
  {
    "ItemsInOrder": {
      "1": {
        "ItemSerial": 1,
        "Category": "Men",
        "ItemName": "M Shart",
        "ItemNamePk": "1",
        "WashType": "DryWash",
        "WashTypePk": "1",
        "locationPk": "Vizag",
        "location": "Vizag",
        "Pcs": 5,
        "Rate": 60,
        "DisPer": 0,
        "AddOn": "0-0",
        "DeliveryDateTime": "2024-03-14T17:41:32",
        "Total": 300
      },
      "2": {
        "ItemSerial": 2,
        "Category": "Men",
        "ItemName": "M Pant",
        "ItemNamePk": "2",
        "WashType": "DryWash",
        "WashTypePk": "2",
        "locationPk": "Vizag",
        "location": "Vizag",
        "Pcs": 5,
        "Rate": 50,
        "DisPer": 0,
        "AddOn": "0-0",
        "DeliveryDateTime": "2024-03-14T17:42:03",
        "Total": 250
      }
    },
    "CustomerData": {
      "CustomerName": "govind raju",
      "CustomerMobile": "8142310991"
    },
    "OrderData": {
      "BranchName": "Pedawaltair",
      "Currentdateandtime": "2024-03-07T17:41:32"
    },
    "AddOnData": {
      "1": {
        "AddOnService": "H STR",
        "AddOnRate": 0,
        "AddOnItemSerial": 1,
        "AddOnImageSerial": ""
      }
    },
    "CheckOutData": {
      "1": {
        "RoundOff": 0,
        "CashAmount": 649,
        "CardAmount": 0,
        "UPIAmount": 0,
        "DiscountPer": 0,
        "GstData": {
          "DiscountAmount": 0,
          "CGST": 49.5,
          "SGST": 49.5
        }
      }
    },
    "UuId": 1,
    "pk": 1,
    "DateTime": "2024-03-07T12:12:02.106Z"
  },
  {
    "ItemsInOrder": {
      "1": {
        "ItemSerial": 1,
        "Category": "Men",
        "ItemName": "M Shart",
        "ItemNamePk": "1",
        "WashType": "DryWash",
        "WashTypePk": "1",
        "locationPk": "Vizag",
        "location": "Vizag",
        "Pcs": 1,
        "Rate": 60,
        "DisPer": 0,
        "AddOn": "0-0",
        "DeliveryDateTime": "2024-03-14T17:59:37",
        "Total": 60
      },
      "2": {
        "ItemSerial": 2,
        "Category": "Women",
        "ItemName": "W Saree",
        "ItemNamePk": "5",
        "WashType": "DryWash",
        "WashTypePk": "5",
        "locationPk": "Vizag",
        "location": "Vizag",
        "Pcs": 5,
        "Rate": 170,
        "DisPer": 0,
        "AddOn": "0-0",
        "DeliveryDateTime": "2024-03-14T18:00:55",
        "Total": 850
      },
      "3": {
        "ItemSerial": 3,
        "Category": "Kids",
        "ItemName": "K Shart",
        "ItemNamePk": "3",
        "WashType": "DryWash",
        "WashTypePk": "3",
        "locationPk": "Vizag",
        "location": "Vizag",
        "Pcs": 5,
        "Rate": 40,
        "DisPer": 0,
        "AddOn": "0-0",
        "DeliveryDateTime": "2024-03-14T18:02:21",
        "Total": 200
      }
    },
    "CustomerData": {
      "CustomerName": "surya",
      "CustomerMobile": "9542623619"
    },
    "OrderData": {
      "BranchName": "Pedawaltair",
      "Currentdateandtime": "2024-03-07T17:59:37"
    },
    "AddOnData": {
      "1": {
        "AddOnService": "m str",
        "AddOnRate": 0,
        "AddOnItemSerial": 1,
        "AddOnImageSerial": ""
      }
    },
    "CheckOutData": {
      "1": {
        "RoundOff": 0.2,
        "CashAmount": 1310,
        "CardAmount": 0,
        "UPIAmount": 0,
        "DiscountPer": 0,
        "GstData": {
          "DiscountAmount": 0,
          "CGST": 99.9,
          "SGST": 99.9
        }
      }
    },
    "UuId": 2,
    "pk": 2,
    "DateTime": "2024-03-07T12:30:53.428Z"
  },
  {
    "ItemsInOrder": {
      "1": {
        "ItemSerial": 1,
        "Category": "Men",
        "ItemName": "M Shart",
        "ItemNamePk": "1",
        "WashType": "DryWash",
        "WashTypePk": "1",
        "locationPk": "Vizag",
        "location": "Vizag",
        "Pcs": 5,
        "Rate": 60,
        "DisPer": 0,
        "AddOn": "0-0",
        "DeliveryDateTime": "2024-03-18T18:16:01",
        "Total": 300
      },
      "2": {
        "ItemSerial": 2,
        "Category": "Women",
        "ItemName": "W Saree",
        "ItemNamePk": "5",
        "WashType": "DryWash",
        "WashTypePk": "5",
        "locationPk": "Vizag",
        "location": "Vizag",
        "Pcs": 5,
        "Rate": 170,
        "DisPer": 0,
        "AddOn": "0-0",
        "DeliveryDateTime": "2024-03-18T18:17:07",
        "Total": 850
      },
      "3": {
        "ItemSerial": 3,
        "Category": "Kids",
        "ItemName": "K Shart",
        "ItemNamePk": "3",
        "WashType": "DryWash",
        "WashTypePk": "3",
        "locationPk": "Vizag",
        "location": "Vizag",
        "Pcs": 2,
        "Rate": 40,
        "DisPer": 0,
        "AddOn": "0-0",
        "DeliveryDateTime": "2024-03-18T18:18:13",
        "Total": 80
      }
    },
    "CustomerData": {
      "CustomerName": "surya9542623619",
      "CustomerMobile": ""
    },
    "OrderData": {
      "BranchName": "Pedawaltair",
      "Currentdateandtime": "2024-03-07T18:16:01"
    },
    "AddOnData": {
      "1": {
        "AddOnService": "m str",
        "AddOnRate": 0,
        "AddOnItemSerial": 1,
        "AddOnImageSerial": ""
      },
      "2": {
        "AddOnService": "H STR",
        "AddOnRate": 10,
        "AddOnItemSerial": 2,
        "AddOnImageSerial": ""
      }
    },
    "CheckOutData": {
      "1": {
        "RoundOff": -0.2,
        "CashAmount": 1463,
        "CardAmount": 0,
        "UPIAmount": 0,
        "DiscountPer": 0,
        "GstData": {
          "DiscountAmount": 0,
          "CGST": 111.6,
          "SGST": 111.6
        }
      }
    },
    "UuId": 3,
    "pk": 3,
    "DateTime": "2024-03-07T12:46:44.370Z"
  },
  {
    "ItemsInOrder": {
      "1": {
        "ItemSerial": 1,
        "Category": "Men",
        "ItemName": "M Shart",
        "ItemNamePk": "1",
        "WashType": "DryWash",
        "WashTypePk": "1",
        "locationPk": "Vizag",
        "location": "Vizag",
        "Pcs": 3,
        "Rate": 60,
        "DisPer": 0,
        "AddOn": "0-0",
        "DeliveryDateTime": "2024-03-18T18:26:46",
        "Total": 180
      },
      "2": {
        "ItemSerial": 2,
        "Category": "Women",
        "ItemName": "W Saree",
        "ItemNamePk": "5",
        "WashType": "DryWash",
        "WashTypePk": "5",
        "locationPk": "Vizag",
        "location": "Vizag",
        "Pcs": 3,
        "Rate": 170,
        "DisPer": 0,
        "AddOn": "0-0",
        "DeliveryDateTime": "2024-03-18T18:27:26",
        "Total": 510
      },
      "3": {
        "ItemSerial": 3,
        "Category": "Kids",
        "ItemName": "K Shart",
        "ItemNamePk": "3",
        "WashType": "DryWash",
        "WashTypePk": "3",
        "locationPk": "Vizag",
        "location": "Vizag",
        "Pcs": 2,
        "Rate": 40,
        "DisPer": 0,
        "AddOn": "0-0",
        "DeliveryDateTime": "2024-03-18T18:28:07",
        "Total": 80
      }
    },
    "CustomerData": {
      "CustomerName": "bbs naidu8008262614",
      "CustomerMobile": ""
    },
    "OrderData": {
      "BranchName": "Pedawaltair",
      "Currentdateandtime": "2024-03-07T18:26:46"
    },
    "AddOnData": {
      "1": {
        "AddOnService": "m str",
        "AddOnRate": 0,
        "AddOnItemSerial": 1,
        "AddOnImageSerial": ""
      },
      "2": {
        "AddOnService": "m str",
        "AddOnRate": 0,
        "AddOnItemSerial": 2,
        "AddOnImageSerial": ""
      },
      "3": {
        "AddOnService": "m str",
        "AddOnRate": 0,
        "AddOnItemSerial": 2,
        "AddOnImageSerial": ""
      },
      "4": {
        "AddOnService": "m str",
        "AddOnRate": 0,
        "AddOnItemSerial": 3,
        "AddOnImageSerial": ""
      }
    },
    "CheckOutData": {
      "1": {
        "RoundOff": 0.4,
        "CashAmount": 909,
        "CardAmount": 0,
        "UPIAmount": 0,
        "DiscountPer": 0,
        "GstData": {
          "DiscountAmount": 0,
          "CGST": 69.3,
          "SGST": 69.3
        }
      }
    },
    "UuId": 4,
    "pk": 4,
    "DateTime": "2024-03-07T12:57:13.056Z"
  },
  {
    "ItemsInOrder": {
      "1": {
        "ItemSerial": 1,
        "Category": "Men",
        "ItemName": "M Shart",
        "ItemNamePk": "1",
        "WashType": "DryWash",
        "WashTypePk": "1",
        "locationPk": "Vizag",
        "location": "Vizag",
        "Pcs": 3,
        "Rate": 60,
        "DisPer": 0,
        "AddOn": "0-0",
        "DeliveryDateTime": "2024-03-18T18:31:45",
        "Total": 180
      },
      "2": {
        "ItemSerial": 2,
        "Category": "Women",
        "ItemName": "W Saree",
        "ItemNamePk": "5",
        "WashType": "DryWash",
        "WashTypePk": "5",
        "locationPk": "Vizag",
        "location": "Vizag",
        "Pcs": 3,
        "Rate": 170,
        "DisPer": 0,
        "AddOn": "0-0",
        "DeliveryDateTime": "2024-03-18T18:32:22",
        "Total": 510
      },
      "3": {
        "ItemSerial": 3,
        "Category": "Kids",
        "ItemName": "K Pant",
        "ItemNamePk": "4",
        "WashType": "DryWash",
        "WashTypePk": "4",
        "locationPk": "Vizag",
        "location": "Vizag",
        "Pcs": 2,
        "Rate": 50,
        "DisPer": 0,
        "AddOn": "0-0",
        "DeliveryDateTime": "2024-03-18T18:33:15",
        "Total": 100
      }
    },
    "CustomerData": {
      "CustomerName": "naga",
      "CustomerMobile": "9642408813"
    },
    "OrderData": {
      "BranchName": "Pedawaltair",
      "Currentdateandtime": "2024-03-07T18:31:45"
    },
    "AddOnData": {
      "1": {
        "AddOnService": "m str",
        "AddOnRate": 0,
        "AddOnItemSerial": 1,
        "AddOnImageSerial": ""
      },
      "2": {
        "AddOnService": "m str",
        "AddOnRate": 0,
        "AddOnItemSerial": 2,
        "AddOnImageSerial": ""
      },
      "3": {
        "AddOnService": "m str",
        "AddOnRate": 0,
        "AddOnItemSerial": 3,
        "AddOnImageSerial": ""
      }
    },
    "CheckOutData": {
      "1": {
        "RoundOff": -0.2,
        "CashAmount": 932,
        "CardAmount": 0,
        "UPIAmount": 0,
        "DiscountPer": 0,
        "GstData": {
          "DiscountAmount": 0,
          "CGST": 71.1,
          "SGST": 71.1
        }
      }
    },
    "UuId": 5,
    "pk": 5,
    "DateTime": "2024-03-07T13:02:12.158Z"
  },
  {
    "ItemsInOrder": {
      "1": {
        "ItemSerial": 1,
        "Category": "Women",
        "ItemName": "W Saree",
        "ItemNamePk": "5",
        "WashType": "DryWash",
        "WashTypePk": "5",
        "locationPk": "Vizag",
        "location": "Vizag",
        "Pcs": 5,
        "Rate": 80,
        "DisPer": 0,
        "AddOn": "0-0",
        "DeliveryDateTime": "2024-03-16T18:14:10",
        "Total": 400
      }
    },
    "CustomerData": {
      "CustomerName": "m swarna latha",
      "CustomerMobile": "9030020300"
    },
    "OrderData": {
      "BranchName": "Pedawaltair",
      "Currentdateandtime": "2024-03-09T18:14:10"
    },
    "AddOnData": {},
    "CheckOutData": {},
    "UuId": 6,
    "pk": 6,
    "DateTime": "2024-03-09T12:44:53.460Z"
  },
  {
    "ItemsInOrder": {
      "1": {
        "ItemSerial": 1,
        "Category": "Women",
        "ItemName": "W Saree",
        "ItemNamePk": "5",
        "WashType": "DryWash",
        "WashTypePk": "5",
        "locationPk": "Vizag",
        "location": "Vizag",
        "Pcs": 5,
        "Rate": 80,
        "DisPer": 0,
        "AddOn": "0-0",
        "DeliveryDateTime": "2024-03-16T18:14:10",
        "Total": 400
      }
    },
    "CustomerData": {
      "CustomerName": "m swarna latha",
      "CustomerMobile": "9030020300"
    },
    "OrderData": {
      "BranchName": "Pedawaltair",
      "Currentdateandtime": "2024-03-09T18:14:10"
    },
    "AddOnData": {
      "1": {
        "AddOnService": "m str",
        "AddOnRate": 0,
        "AddOnItemSerial": 1,
        "AddOnImageSerial": ""
      },
      "2": {
        "AddOnService": "stains",
        "AddOnRate": 0,
        "AddOnItemSerial": 1,
        "AddOnImageSerial": ""
      }
    },
    "CheckOutData": {
      "1": {
        "RoundOff": 0,
        "CashAmount": 472,
        "CardAmount": 0,
        "UPIAmount": 0,
        "DiscountPer": 0,
        "GstData": {
          "DiscountAmount": 0,
          "CGST": 36,
          "SGST": 36
        }
      }
    },
    "UuId": 7,
    "pk": 7,
    "DateTime": "2024-03-09T12:45:15.547Z"
  },
  {
    "ItemsInOrder": {
      "1": {
        "ItemSerial": 1,
        "Category": "Men",
        "ItemName": "M Shart",
        "ItemNamePk": "1",
        "WashType": "DryWash",
        "WashTypePk": "1",
        "locationPk": "Vizag",
        "location": "Vizag",
        "Pcs": 1,
        "Rate": 45,
        "DisPer": 0,
        "AddOn": "0-0",
        "DeliveryDateTime": "2024-03-16T18:19:02",
        "Total": 45
      },
      "2": {
        "ItemSerial": 2,
        "Category": "Men",
        "ItemName": "TROUSER",
        "ItemNamePk": "12",
        "WashType": "DryWash",
        "WashTypePk": "12",
        "locationPk": "Vizag",
        "location": "Vizag",
        "Pcs": 1,
        "Rate": 60,
        "DisPer": 0,
        "AddOn": "0-0",
        "DeliveryDateTime": "2024-03-16T18:19:18",
        "Total": 60
      },
      "3": {
        "ItemSerial": 3,
        "Category": "Women",
        "ItemName": "W Saree",
        "ItemNamePk": "5",
        "WashType": "DryWash",
        "WashTypePk": "5",
        "locationPk": "Vizag",
        "location": "Vizag",
        "Pcs": 2,
        "Rate": 170,
        "DisPer": 0,
        "AddOn": "0-0",
        "DeliveryDateTime": "2024-03-16T18:20:11",
        "Total": 340
      },
      "4": {
        "ItemSerial": 4,
        "Category": "Women",
        "ItemName": "BLOUSE",
        "ItemNamePk": "64",
        "WashType": "DryWash",
        "WashTypePk": "64",
        "locationPk": "Vizag",
        "location": "Vizag",
        "Pcs": 2,
        "Rate": 30,
        "DisPer": 0,
        "AddOn": "0-0",
        "DeliveryDateTime": "2024-03-16T18:21",
        "Total": 60
      }
    },
    "CustomerData": {
      "CustomerName": "s apparao",
      "CustomerMobile": "9849006051"
    },
    "OrderData": {
      "BranchName": "Pedawaltair",
      "Currentdateandtime": "2024-03-09T18:19:02"
    },
    "AddOnData": {
      "1": {
        "AddOnService": "m str",
        "AddOnRate": 0,
        "AddOnItemSerial": 1,
        "AddOnImageSerial": ""
      },
      "2": {
        "AddOnService": "m str",
        "AddOnRate": 0,
        "AddOnItemSerial": 2,
        "AddOnImageSerial": ""
      }
    },
    "CheckOutData": {
      "1": {
        "RoundOff": 0.1,
        "CashAmount": 596,
        "CardAmount": 0,
        "UPIAmount": 0,
        "DiscountPer": 0,
        "GstData": {
          "DiscountAmount": 0,
          "CGST": 45.45,
          "SGST": 45.45
        }
      }
    },
    "UuId": 8,
    "pk": 8,
    "DateTime": "2024-03-09T12:49:17.128Z"
  },
  {
    "ItemsInOrder": {
      "1": {
        "ItemSerial": 1,
        "Category": "Men",
        "ItemName": "KURTHA(SILK)",
        "ItemNamePk": "16",
        "WashType": "DryWash",
        "WashTypePk": "16",
        "locationPk": "Vizag",
        "location": "Vizag",
        "Pcs": 1,
        "Rate": 150,
        "DisPer": 0,
        "AddOn": "0-0",
        "DeliveryDateTime": "2024-03-16T18:42:32",
        "Total": 150
      },
      "2": {
        "ItemSerial": 2,
        "Category": "Men",
        "ItemName": "SILK DOTHI",
        "ItemNamePk": "18",
        "WashType": "DryWash",
        "WashTypePk": "18",
        "locationPk": "Vizag",
        "location": "Vizag",
        "Pcs": 1,
        "Rate": 150,
        "DisPer": 0,
        "AddOn": "0-0",
        "DeliveryDateTime": "2024-03-16T18:42:55",
        "Total": 150
      }
    },
    "CustomerData": {
      "CustomerName": "rajendra prasad",
      "CustomerMobile": "9848020990"
    },
    "OrderData": {
      "BranchName": "Pedawaltair",
      "Currentdateandtime": "2024-03-09T18:42:32"
    },
    "AddOnData": {
      "1": {
        "AddOnService": "m str",
        "AddOnRate": 0,
        "AddOnItemSerial": 1,
        "AddOnImageSerial": ""
      },
      "2": {
        "AddOnService": "stains",
        "AddOnRate": 10,
        "AddOnItemSerial": 2,
        "AddOnImageSerial": ""
      }
    },
    "CheckOutData": {
      "1": {
        "RoundOff": 0.2,
        "CashAmount": 366,
        "CardAmount": 0,
        "UPIAmount": 0,
        "DiscountPer": 0,
        "GstData": {
          "DiscountAmount": 0,
          "CGST": 27.9,
          "SGST": 27.9
        }
      }
    },
    "UuId": 9,
    "pk": 9,
    "DateTime": "2024-03-09T13:12:42.152Z"
  },
  {
    "ItemsInOrder": {
      "2": {
        "ItemSerial": 2,
        "Category": "Men",
        "ItemName": "M Shart",
        "ItemNamePk": "1",
        "WashType": "DryWash",
        "WashTypePk": "1",
        "locationPk": "Vizag",
        "location": "Vizag",
        "Pcs": 2,
        "Rate": 70,
        "DisPer": 0,
        "AddOn": "0-0",
        "DeliveryDateTime": "2024-03-18T18:24:29",
        "Total": 140
      },
      "3": {
        "ItemSerial": 2,
        "Category": "Men",
        "ItemName": "TROUSER",
        "ItemNamePk": "12",
        "WashType": "DryWash",
        "WashTypePk": "12",
        "locationPk": "Vizag",
        "location": "Vizag",
        "Pcs": 1,
        "Rate": 70,
        "DisPer": 0,
        "AddOn": "0-0",
        "DeliveryDateTime": "2024-03-18T18:25:34",
        "Total": 70
      }
    },
    "CustomerData": {
      "CustomerName": "hanok",
      "CustomerMobile": "9866181293"
    },
    "OrderData": {
      "BranchName": "Pedawaltair",
      "Currentdateandtime": "2024-03-11T18:23:32"
    },
    "AddOnData": {
      "1": {
        "AddOnService": "m str",
        "AddOnRate": 0,
        "AddOnItemSerial": 2,
        "AddOnImageSerial": ""
      }
    },
    "CheckOutData": {},
    "UuId": 10,
    "pk": 10,
    "DateTime": "2024-03-11T12:53:47.646Z"
  },
  {
    "ItemsInOrder": {
      "1": {
        "ItemSerial": 1,
        "Category": "Men",
        "ItemName": "JERKIN",
        "ItemNamePk": "27",
        "WashType": "DryWash",
        "WashTypePk": "27",
        "locationPk": "Vizag",
        "location": "Vizag",
        "Pcs": 1,
        "Rate": 250,
        "DisPer": 0,
        "AddOn": "0-0",
        "DeliveryDateTime": "2024-03-20T18:29:22",
        "Total": 250
      }
    },
    "CustomerData": {
      "CustomerName": "saroja",
      "CustomerMobile": "9866899757"
    },
    "OrderData": {
      "BranchName": "Pedawaltair",
      "Currentdateandtime": "2024-03-11T18:29:22"
    },
    "AddOnData": {
      "1": {
        "AddOnService": "stains",
        "AddOnRate": 10,
        "AddOnItemSerial": 1,
        "AddOnImageSerial": ""
      }
    },
    "CheckOutData": {},
    "UuId": 11,
    "pk": 11,
    "DateTime": "2024-03-11T12:59:40.672Z"
  },
  {
    "ItemsInOrder": {
      "1": {
        "ItemSerial": 1,
        "Category": "Men",
        "ItemName": "M Shart",
        "ItemNamePk": "1",
        "WashType": "DryWash",
        "WashTypePk": "1",
        "locationPk": "Vizag",
        "location": "Vizag",
        "Pcs": 1,
        "Rate": 45,
        "DisPer": 0,
        "AddOn": "0-0",
        "DeliveryDateTime": "2024-03-19T16:51:36",
        "Total": 45
      },
      "2": {
        "ItemSerial": 2,
        "Category": "Women",
        "ItemName": "LONG TOP",
        "ItemNamePk": "45",
        "WashType": "DryWash",
        "WashTypePk": "45",
        "locationPk": "Vizag",
        "location": "Vizag",
        "Pcs": 1,
        "Rate": 200,
        "DisPer": 0,
        "AddOn": "0-0",
        "DeliveryDateTime": "2024-03-19T16:51:43",
        "Total": 200
      },
      "3": {
        "ItemSerial": 3,
        "Category": "Others",
        "ItemName": "BLANKET(SINGLE)",
        "ItemNamePk": "96",
        "WashType": "DryWash",
        "WashTypePk": "96",
        "locationPk": "Vizag",
        "location": "Vizag",
        "Pcs": 1,
        "Rate": 250,
        "DisPer": 0,
        "AddOn": "0-0",
        "DeliveryDateTime": "2024-03-19T16:51:52",
        "Total": 250
      }
    },
    "CustomerData": {
      "CustomerName": "reddyyyyyy",
      "CustomerMobile": "7995365966"
    },
    "OrderData": {
      "BranchName": "Pedawaltair",
      "Currentdateandtime": "2024-03-12T16:51:36"
    },
    "AddOnData": {
      "1": {
        "AddOnService": "Rolling",
        "AddOnRate": 30,
        "AddOnItemSerial": 3,
        "AddOnImageSerial": ""
      },
      "2": {
        "AddOnService": "Petrol Wash Normal",
        "AddOnRate": 90,
        "AddOnItemSerial": 2,
        "AddOnImageSerial": ""
      },
      "3": {
        "AddOnService": "m str",
        "AddOnRate": 70,
        "AddOnItemSerial": 1,
        "AddOnImageSerial": ""
      }
    },
    "CheckOutData": {
      "1": {
        "RoundOff": -0.46,
        "CashAmount": 727,
        "CardAmount": 0,
        "UPIAmount": 0,
        "DiscountPer": 10,
        "GstData": {
          "DiscountAmount": 68.5,
          "CGST": 55.48,
          "SGST": 55.48
        }
      }
    },
    "UuId": 12,
    "pk": 12,
    "DateTime": "2024-03-12T11:21:43.495Z"
  },
  {
    "ItemsInOrder": {
      "1": {
        "ItemSerial": 1,
        "Category": "Men",
        "ItemName": "M Shart",
        "ItemNamePk": "1",
        "WashType": "DryWash",
        "WashTypePk": "1",
        "locationPk": "Vizag",
        "location": "Vizag",
        "Pcs": 1,
        "Rate": 45,
        "DisPer": 0,
        "AddOn": "0-0",
        "DeliveryDateTime": "2024-03-19T17:03:15",
        "Total": 45
      },
      "2": {
        "ItemSerial": 2,
        "Category": "Kids",
        "ItemName": "K Shart",
        "ItemNamePk": "3",
        "WashType": "DryWash",
        "WashTypePk": "3",
        "locationPk": "Vizag",
        "location": "Vizag",
        "Pcs": 1,
        "Rate": 40,
        "DisPer": 0,
        "AddOn": "0-0",
        "DeliveryDateTime": "2024-03-19T17:03:42",
        "Total": 40
      },
      "3": {
        "ItemSerial": 3,
        "Category": "Men",
        "ItemName": "M Shart",
        "ItemNamePk": "1",
        "WashType": "DryWash",
        "WashTypePk": "1",
        "locationPk": "Vizag",
        "location": "Vizag",
        "Pcs": 1,
        "Rate": 45,
        "DisPer": 0,
        "AddOn": "0-0",
        "DeliveryDateTime": "2024-03-19T17:04:08",
        "Total": 45
      }
    },
    "CustomerData": {
      "CustomerName": "sujatak",
      "CustomerMobile": "1234565695"
    },
    "OrderData": {
      "BranchName": "Pedawaltair",
      "Currentdateandtime": "2024-03-12T17:03:15"
    },
    "AddOnData": {
      "1": {
        "AddOnService": "m str",
        "AddOnRate": 0,
        "AddOnItemSerial": 1,
        "AddOnImageSerial": ""
      }
    },
    "CheckOutData": {
      "1": {
        "RoundOff": -0.4,
        "CashAmount": 153,
        "CardAmount": 0,
        "UPIAmount": 0,
        "DiscountPer": 0,
        "GstData": {
          "DiscountAmount": 0,
          "CGST": 11.7,
          "SGST": 11.7
        }
      }
    },
    "UuId": 13,
    "pk": 13,
    "DateTime": "2024-03-12T11:33:42.603Z"
  },
  {
    "ItemsInOrder": {
      "1": {
        "ItemSerial": 1,
        "Category": "Men",
        "ItemName": "M Shart",
        "ItemNamePk": "1",
        "WashType": "DryWash",
        "WashTypePk": "1",
        "locationPk": "Vizag",
        "location": "Vizag",
        "Pcs": 1,
        "Rate": 60,
        "DisPer": 0,
        "AddOn": "0-0",
        "DeliveryDateTime": "2024-03-19T17:16:05",
        "Total": 60
      },
      "2": {
        "ItemSerial": 2,
        "Category": "Women",
        "ItemName": "W Saree",
        "ItemNamePk": "5",
        "WashType": "DryWash",
        "WashTypePk": "5",
        "locationPk": "Vizag",
        "location": "Vizag",
        "Pcs": 1,
        "Rate": 150,
        "DisPer": 0,
        "AddOn": "0-0",
        "DeliveryDateTime": "2024-03-19T17:16:51",
        "Total": 150
      },
      "3": {
        "ItemSerial": 3,
        "Category": "Kids",
        "ItemName": "K Shart",
        "ItemNamePk": "3",
        "WashType": "DryWash",
        "WashTypePk": "3",
        "locationPk": "Vizag",
        "location": "Vizag",
        "Pcs": 1,
        "Rate": 40,
        "DisPer": 0,
        "AddOn": "0-0",
        "DeliveryDateTime": "2024-03-19T17:17:17",
        "Total": 40
      }
    },
    "CustomerData": {
      "CustomerName": "rambabu",
      "CustomerMobile": "9849621563"
    },
    "OrderData": {
      "BranchName": "Pedawaltair",
      "Currentdateandtime": "2024-03-12T17:16:05"
    },
    "AddOnData": {
      "1": {
        "AddOnService": "stains",
        "AddOnRate": 10,
        "AddOnItemSerial": 1,
        "AddOnImageSerial": ""
      },
      "2": {
        "AddOnService": "stains",
        "AddOnRate": 10,
        "AddOnItemSerial": 1,
        "AddOnImageSerial": ""
      },
      "3": {
        "AddOnService": "m str",
        "AddOnRate": 0,
        "AddOnItemSerial": 2,
        "AddOnImageSerial": ""
      },
      "4": {
        "AddOnService": "m str",
        "AddOnRate": 0,
        "AddOnItemSerial": 3,
        "AddOnImageSerial": ""
      }
    },
    "CheckOutData": {
      "1": {
        "RoundOff": 0.26,
        "CashAmount": 287,
        "CardAmount": 0,
        "UPIAmount": 0,
        "DiscountPer": 10,
        "GstData": {
          "DiscountAmount": 27,
          "CGST": 21.87,
          "SGST": 21.87
        }
      }
    },
    "UuId": 14,
    "pk": 14,
    "DateTime": "2024-03-12T11:46:26.517Z"
  },
  {
    "ItemsInOrder": {
      "1": {
        "ItemSerial": 1,
        "Category": "Men",
        "ItemName": "M Shart",
        "ItemNamePk": "1",
        "WashType": "DryWash",
        "WashTypePk": "1",
        "locationPk": "Vizag",
        "location": "Vizag",
        "Pcs": 7,
        "Rate": 60,
        "DisPer": 0,
        "AddOn": "0-0",
        "DeliveryDateTime": "2024-03-20T13:03:08",
        "Total": 420
      },
      "2": {
        "ItemSerial": 2,
        "Category": "Men",
        "ItemName": "KURTHA(SILK)",
        "ItemNamePk": "16",
        "WashType": "DryWash",
        "WashTypePk": "16",
        "locationPk": "Vizag",
        "location": "Vizag",
        "Pcs": 1,
        "Rate": 150,
        "DisPer": 0,
        "AddOn": "0-0",
        "DeliveryDateTime": "2024-03-20T13:03:37",
        "Total": 150
      },
      "3": {
        "ItemSerial": 3,
        "Category": "Men",
        "ItemName": "PYJAMA",
        "ItemNamePk": "17",
        "WashType": "DryWash",
        "WashTypePk": "17",
        "locationPk": "Vizag",
        "location": "Vizag",
        "Pcs": 1,
        "Rate": 50,
        "DisPer": 0,
        "AddOn": "0-0",
        "DeliveryDateTime": "2024-03-20T13:04:07",
        "Total": 50
      },
      "4": {
        "ItemSerial": 4,
        "Category": "Men",
        "ItemName": "SILK DOTHI",
        "ItemNamePk": "18",
        "WashType": "DryWash",
        "WashTypePk": "18",
        "locationPk": "Vizag",
        "location": "Vizag",
        "Pcs": 1,
        "Rate": 100,
        "DisPer": 0,
        "AddOn": "0-0",
        "DeliveryDateTime": "2024-03-20T13:04:19",
        "Total": 100
      },
      "5": {
        "ItemSerial": 5,
        "Category": "Men",
        "ItemName": "STICHING DHOTHI",
        "ItemNamePk": "21",
        "WashType": "DryWash",
        "WashTypePk": "21",
        "locationPk": "Vizag",
        "location": "Vizag",
        "Pcs": 1,
        "Rate": 150,
        "DisPer": 0,
        "AddOn": "0-0",
        "DeliveryDateTime": "2024-03-20T13:04:37",
        "Total": 150
      }
    },
    "CustomerData": {
      "CustomerName": "p raju",
      "CustomerMobile": "8328076730"
    },
    "OrderData": {
      "BranchName": "Pedawaltair",
      "Currentdateandtime": "2024-03-13T13:03:08"
    },
    "AddOnData": {
      "1": {
        "AddOnService": "m str",
        "AddOnRate": 0,
        "AddOnItemSerial": 1,
        "AddOnImageSerial": ""
      },
      "2": {
        "AddOnService": "stains",
        "AddOnRate": 10,
        "AddOnItemSerial": 2,
        "AddOnImageSerial": ""
      },
      "3": {
        "AddOnService": "stains",
        "AddOnRate": 10,
        "AddOnItemSerial": 5,
        "AddOnImageSerial": ""
      },
      "4": {
        "AddOnService": "m str",
        "AddOnRate": 0,
        "AddOnItemSerial": 5,
        "AddOnImageSerial": ""
      },
      "5": {
        "AddOnService": "stains",
        "AddOnRate": 10,
        "AddOnItemSerial": 4,
        "AddOnImageSerial": ""
      }
    },
    "CheckOutData": {
      "1": {
        "RoundOff": 0,
        "CashAmount": 1062,
        "CardAmount": 0,
        "UPIAmount": 0,
        "DiscountPer": 0,
        "GstData": {
          "DiscountAmount": 0,
          "CGST": 81,
          "SGST": 81
        }
      }
    },
    "UuId": 15,
    "pk": 15,
    "DateTime": "2024-03-13T07:33:26.379Z"
  },
  {
    "ItemsInOrder": {
      "1": {
        "ItemSerial": 1,
        "Category": "Women",
        "ItemName": "W Saree",
        "ItemNamePk": "5",
        "WashType": "DryWash",
        "WashTypePk": "5",
        "locationPk": "Vizag",
        "location": "Vizag",
        "Pcs": 1,
        "Rate": 170,
        "DisPer": 0,
        "AddOn": "0-0",
        "DeliveryDateTime": "2024-03-20T13:10:06",
        "Total": 170
      }
    },
    "CustomerData": {
      "CustomerName": "lakshmi",
      "CustomerMobile": "9940025865"
    },
    "OrderData": {
      "BranchName": "Pedawaltair",
      "Currentdateandtime": "2024-03-13T13:10:06"
    },
    "AddOnData": {
      "1": {
        "AddOnService": "m str",
        "AddOnRate": 0,
        "AddOnItemSerial": 1,
        "AddOnImageSerial": ""
      }
    },
    "CheckOutData": {
      "1": {
        "RoundOff": 0.4,
        "CashAmount": 201,
        "CardAmount": 0,
        "UPIAmount": 0,
        "DiscountPer": 0,
        "GstData": {
          "DiscountAmount": 0,
          "CGST": 15.3,
          "SGST": 15.3
        }
      }
    },
    "UuId": 16,
    "pk": 16,
    "DateTime": "2024-03-13T07:40:18.698Z"
  },
  {
    "ItemsInOrder": {
      "1": {
        "ItemSerial": 1,
        "Category": "Others",
        "ItemName": "BLANKET(SINGLE)",
        "ItemNamePk": "96",
        "WashType": "DryWash",
        "WashTypePk": "96",
        "locationPk": "Vizag",
        "location": "Vizag",
        "Pcs": 1,
        "Rate": 350,
        "DisPer": 0,
        "AddOn": "0-0",
        "DeliveryDateTime": "2024-03-20T14:39:23",
        "Total": 350
      }
    },
    "CustomerData": {
      "CustomerName": "asha chandra",
      "CustomerMobile": "9849113137"
    },
    "OrderData": {
      "BranchName": "Pedawaltair",
      "Currentdateandtime": "2024-03-13T14:39:23"
    },
    "AddOnData": {
      "1": {
        "AddOnService": "stains",
        "AddOnRate": 10,
        "AddOnItemSerial": 1,
        "AddOnImageSerial": ""
      }
    },
    "CheckOutData": {
      "1": {
        "RoundOff": 0.2,
        "CashAmount": 425,
        "CardAmount": 0,
        "UPIAmount": 0,
        "DiscountPer": 0,
        "GstData": {
          "DiscountAmount": 0,
          "CGST": 32.4,
          "SGST": 32.4
        }
      }
    },
    "UuId": 17,
    "pk": 17,
    "DateTime": "2024-03-13T09:09:56.325Z"
  }
]