[
  {
    "ItemsInOrder": {
      "1": {
        "ItemSerial": 1,
        "Category": "Men",
        "ItemName": "M Shart",
        "ItemNamePk": "1",
        "WashType": "DryWash",
        "WashTypePk": "1",
        "locationPk": "Vizag",
        "location": "Vizag",
        "Pcs": 1,
        "Rate": 45,
        "DisPer": 0,
        "AddOn": "0-0",
        "DeliveryDateTime": "2024-03-15T11:44:38",
        "Total": 45
      },
      "2": {
        "ItemSerial": 2,
        "Category": "Men",
        "ItemName": "M H JEANS",
        "ItemNamePk": "8",
        "WashType": "DryWash",
        "WashTypePk": "8",
        "locationPk": "Vizag",
        "location": "Vizag",
        "Pcs": 1,
        "Rate": 80,
        "DisPer": 0,
        "AddOn": "0-0",
        "DeliveryDateTime": "2024-03-15T11:45:52",
        "Total": 80
      }
    },
    "CustomerData": {
      "CustomerName": "Keshav",
      "CustomerMobile": "9848163021"
    },
    "OrderData": {
      "BranchName": "PoolBaught",
      "Currentdateandtime": "2024-03-08T11:44:38"
    },
    "AddOnData": {},
    "CheckOutData": {
      "1": {
        "RoundOff": 0.24,
        "CashAmount": 133,
        "CardAmount": 0,
        "UPIAmount": 0,
        "DiscountPer": 10,
        "GstData": {
          "DiscountAmount": 12.5,
          "CGST": 10.13,
          "SGST": 10.13
        }
      }
    },
    "UuId": 1,
    "pk": 1,
    "DateTime": "2024-03-08T06:01:35.458Z"
  },
  {
    "ItemsInOrder": {
      "1": {
        "ItemSerial": 1,
        "Category": "Men",
        "ItemName": "TROUSER",
        "ItemNamePk": "12",
        "WashType": "DryWash",
        "WashTypePk": "12",
        "locationPk": "Vizag",
        "location": "Vizag",
        "Pcs": 1,
        "Rate": 50,
        "DisPer": 0,
        "AddOn": "0-0",
        "DeliveryDateTime": "2024-03-20T15:15:02",
        "Total": 50
      },
      "2": {
        "ItemSerial": 2,
        "Category": "Men",
        "ItemName": "M Shart",
        "ItemNamePk": "1",
        "WashType": "DryWash",
        "WashTypePk": "1",
        "locationPk": "Vizag",
        "location": "Vizag",
        "Pcs": 1,
        "Rate": 45,
        "DisPer": 0,
        "AddOn": "0-0",
        "DeliveryDateTime": "2024-03-20T15:16:41",
        "Total": 45
      },
      "3": {
        "ItemSerial": 3,
        "Category": "Kids",
        "ItemName": "JEAN",
        "ItemNamePk": "77",
        "WashType": "DryWash",
        "WashTypePk": "77",
        "locationPk": "Vizag",
        "location": "Vizag",
        "Pcs": 1,
        "Rate": 40,
        "DisPer": 0,
        "AddOn": "0-0",
        "DeliveryDateTime": "2024-03-20T15:17:53",
        "Total": 40
      }
    },
    "CustomerData": {
      "CustomerName": "REDDY KJHGFD",
      "CustomerMobile": "7777789895"
    },
    "OrderData": {
      "BranchName": "PoolBaught",
      "Currentdateandtime": "2024-03-13T15:15:02"
    },
    "AddOnData": {
      "1": {
        "AddOnService": "DR",
        "AddOnRate": 150,
        "AddOnItemSerial": 1011,
        "AddOnImageSerial": ""
      }
    },
    "CheckOutData": {},
    "UuId": 2,
    "pk": 2,
    "DateTime": "2024-03-13T09:36:43.767Z"
  },
  {
    "ItemsInOrder": {
      "1": {
        "ItemSerial": 1,
        "Category": "Men",
        "ItemName": "SILK DOTHI",
        "ItemNamePk": "18",
        "WashType": "DryWash",
        "WashTypePk": "18",
        "locationPk": "Vizag",
        "location": "Vizag",
        "Pcs": 1,
        "Rate": 20,
        "DisPer": 0,
        "AddOn": "0-0",
        "DeliveryDateTime": "2024-03-20T15:20:41",
        "Total": 20
      },
      "2": {
        "ItemSerial": 2,
        "Category": "Men",
        "ItemName": "M Shart",
        "ItemNamePk": "1",
        "WashType": "DryWash",
        "WashTypePk": "1",
        "locationPk": "Vizag",
        "location": "Vizag",
        "Pcs": 1,
        "Rate": 45,
        "DisPer": 0,
        "AddOn": "0-0",
        "DeliveryDateTime": "2024-03-20T15:21:18",
        "Total": 45
      },
      "3": {
        "ItemSerial": 3,
        "Category": "Kids",
        "ItemName": "FROCK",
        "ItemNamePk": "87",
        "WashType": "DryWash",
        "WashTypePk": "87",
        "locationPk": "Vizag",
        "location": "Vizag",
        "Pcs": 5,
        "Rate": 75,
        "DisPer": 0,
        "AddOn": "0-0",
        "DeliveryDateTime": "2024-03-20T15:23:42",
        "Total": 375
      },
      "4": {
        "ItemSerial": 4,
        "Category": "Others",
        "ItemName": "TEDDY BEAR(BIG)",
        "ItemNamePk": "124",
        "WashType": "DryWash",
        "WashTypePk": "124",
        "locationPk": "Vizag",
        "location": "Vizag",
        "Pcs": 1,
        "Rate": 450,
        "DisPer": 0,
        "AddOn": "0-0",
        "DeliveryDateTime": "2024-03-20T15:24:05",
        "Total": 450
      }
    },
    "CustomerData": {
      "CustomerName": "REDDY KJHGFD",
      "CustomerMobile": "7777789895"
    },
    "OrderData": {
      "BranchName": "PoolBaught",
      "Currentdateandtime": "2024-03-13T15:20:41"
    },
    "AddOnData": {
      "1": {
        "AddOnService": "SHI",
        "AddOnRate": 180,
        "AddOnItemSerial": 1,
        "AddOnImageSerial": ""
      }
    },
    "CheckOutData": {
      "1": {
        "RoundOff": 0.4,
        "CashAmount": 0,
        "CardAmount": 1263,
        "UPIAmount": 0,
        "DiscountPer": 0,
        "GstData": {
          "DiscountAmount": 0,
          "CGST": 96.3,
          "SGST": 96.3
        }
      }
    },
    "UuId": 3,
    "pk": 3,
    "DateTime": "2024-03-13T09:41:03.409Z"
  },
  {
    "ItemsInOrder": {
      "1": {
        "ItemSerial": 1,
        "Category": "Men",
        "ItemName": "TROUSER",
        "ItemNamePk": "12",
        "WashType": "DryWash",
        "WashTypePk": "12",
        "locationPk": "Vizag",
        "location": "Vizag",
        "Pcs": 1,
        "Rate": 50,
        "DisPer": 0,
        "AddOn": "0-0",
        "DeliveryDateTime": "2024-03-20T15:48:55",
        "Total": 50
      }
    },
    "CustomerData": {
      "CustomerName": "SREENIVAS",
      "CustomerMobile": "8341177771"
    },
    "OrderData": {
      "BranchName": "PoolBaught",
      "Currentdateandtime": "2024-03-13T15:48:55"
    },
    "AddOnData": {
      "1": {
        "AddOnService": "Petrol Wash High",
        "AddOnRate": 25,
        "AddOnItemSerial": 1,
        "AddOnImageSerial": ""
      },
      "2": {
        "AddOnService": "Starch",
        "AddOnRate": 30,
        "AddOnItemSerial": 1,
        "AddOnImageSerial": ""
      },
      "3": {
        "AddOnService": "Petrol Wash Normal",
        "AddOnRate": 30,
        "AddOnItemSerial": 1,
        "AddOnImageSerial": ""
      },
      "4": {
        "AddOnService": "Rolling",
        "AddOnRate": 50,
        "AddOnItemSerial": 1,
        "AddOnImageSerial": ""
      }
    },
    "CheckOutData": {},
    "UuId": 4,
    "pk": 4,
    "DateTime": "2024-03-13T10:09:10.299Z"
  },
  {
    "ItemsInOrder": {
      "1": {
        "ItemSerial": 1,
        "Category": "Men",
        "ItemName": "M Shart",
        "ItemNamePk": "1",
        "WashType": "DryWash",
        "WashTypePk": "1",
        "locationPk": "Vizag",
        "location": "Vizag",
        "Pcs": 1,
        "Rate": 45,
        "DisPer": 0,
        "AddOn": "0-0",
        "DeliveryDateTime": "2024-03-20T15:53:25",
        "Total": 45
      },
      "2": {
        "ItemSerial": 2,
        "Category": "Men",
        "ItemName": "M Shart",
        "ItemNamePk": "1",
        "WashTypePk": "1",
        "locationPk": "Vizag",
        "location": "Vizag",
        "Pcs": 1,
        "Rate": 45,
        "DisPer": 0,
        "AddOn": "0-0",
        "DeliveryDateTime": "2024-03-20T15:53:28",
        "Total": 45
      },
      "3": {
        "ItemSerial": 3,
        "Category": "Kids",
        "ItemName": "KURTHA",
        "ItemNamePk": "79",
        "WashType": "DryWash",
        "WashTypePk": "79",
        "locationPk": "Vizag",
        "location": "Vizag",
        "Pcs": 1,
        "Rate": 50,
        "DisPer": 0,
        "AddOn": "0-0",
        "DeliveryDateTime": "2024-03-20T16:17:35",
        "Total": 50
      },
      "4": {
        "ItemSerial": 4,
        "Category": "Women",
        "ItemName": "PETTY COAT",
        "ItemNamePk": "67",
        "WashType": "DryWash",
        "WashTypePk": "67",
        "locationPk": "Vizag",
        "location": "Vizag",
        "Pcs": 1,
        "Rate": 50,
        "DisPer": 0,
        "AddOn": "0-0",
        "DeliveryDateTime": "2024-03-20T16:17:46",
        "Total": 50
      },
      "5": {
        "ItemSerial": 5,
        "Category": "Women",
        "ItemName": "LAHANGA(WORK)",
        "ItemNamePk": "51",
        "WashType": "DryWash",
        "WashTypePk": "51",
        "locationPk": "Vizag",
        "location": "Vizag",
        "Pcs": 1,
        "Rate": 350,
        "DisPer": 0,
        "AddOn": "0-0",
        "DeliveryDateTime": "2024-03-20T16:17:54",
        "Total": 350
      },
      "6": {
        "ItemSerial": 6,
        "Category": "Women",
        "ItemName": "W Saree",
        "ItemNamePk": "5",
        "WashType": "DryWash",
        "WashTypePk": "5",
        "locationPk": "Vizag",
        "location": "Vizag",
        "Pcs": 1,
        "Rate": 60,
        "DisPer": 0,
        "AddOn": "0-0",
        "DeliveryDateTime": "2024-03-20T16:18:03",
        "Total": 60
      }
    },
    "CustomerData": {
      "CustomerName": "Keshav",
      "CustomerMobile": "9848163021"
    },
    "OrderData": {
      "BranchName": "PoolBaught",
      "Currentdateandtime": "2024-03-13T15:53:25"
    },
    "AddOnData": {
      "1": {
        "AddOnService": "Starch",
        "AddOnRate": 30,
        "AddOnItemSerial": 1,
        "AddOnImageSerial": ""
      },
      "2": {
        "AddOnService": "UHW",
        "AddOnRate": 800,
        "AddOnItemSerial": 3,
        "AddOnImageSerial": ""
      },
      "3": {
        "AddOnService": "m str",
        "AddOnRate": 46,
        "AddOnItemSerial": 4,
        "AddOnImageSerial": ""
      },
      "4": {
        "AddOnService": "Petrol Wash High",
        "AddOnRate": 600,
        "AddOnItemSerial": 5,
        "AddOnImageSerial": ""
      },
      "5": {
        "AddOnService": "ink stains",
        "AddOnRate": 90,
        "AddOnItemSerial": 6,
        "AddOnImageSerial": ""
      }
    },
    "CheckOutData": {
      "1": {
        "RoundOff": 0.12,
        "CashAmount": 2556,
        "CardAmount": 0,
        "UPIAmount": 0,
        "DiscountPer": 0,
        "GstData": {
          "DiscountAmount": 0,
          "CGST": 194.94,
          "SGST": 194.94
        }
      }
    },
    "UuId": 5,
    "pk": 5,
    "DateTime": "2024-03-13T10:13:33.555Z"
  }
]