[
  {
    "ItemsInOrder": {
      "1": {
        "ItemSerial": 1,
        "Category": "Men",
        "ItemName": "M Pant",
        "ItemNamePk": "2",
        "WashType": "DryWash",
        "WashTypePk": "2",
        "locationPk": "Vizag",
        "location": "Vizag",
        "Pcs": 1,
        "Rate": 50,
        "DisPer": 0,
        "AddOn": "0-0",
        "DeliveryDateTime": "2024-03-13T15:41:22",
        "Total": 50
      },
      "2": {
        "ItemSerial": 2,
        "Category": "Women",
        "ItemName": "W Saree",
        "ItemNamePk": "5",
        "WashType": "DryWash",
        "WashTypePk": "5",
        "locationPk": "Vizag",
        "location": "Vizag",
        "Pcs": 1,
        "Rate": 60,
        "DisPer": 0,
        "AddOn": "0-0",
        "DeliveryDateTime": "2024-03-13T15:41:44",
        "Total": 60
      },
      "3": {
        "ItemSerial": 3,
        "Category": "Kids",
        "ItemName": "K Pant",
        "ItemNamePk": "4",
        "WashType": "DryWash",
        "WashTypePk": "4",
        "locationPk": "Vizag",
        "location": "Vizag",
        "Pcs": 1,
        "Rate": 45,
        "DisPer": 0,
        "AddOn": "0-0",
        "DeliveryDateTime": "2024-03-13T15:41:50",
        "Total": 45
      }
    },
    "CustomerData": {
      "CustomerName": "REDDY KKK",
      "CustomerMobile": "787878789"
    },
    "OrderData": {
      "BranchName": "RandBVzm",
      "Currentdateandtime": "2024-03-06T15:41:22"
    },
    "AddOnData": {
      "1": {
        "AddOnService": "Petrol Wash High",
        "AddOnRate": 80,
        "AddOnItemSerial": 1,
        "AddOnImageSerial": ""
      }
    },
    "CheckOutData": {
      "1": {
        "RoundOff": 0.42,
        "CashAmount": 250,
        "CardAmount": 0,
        "UPIAmount": 0,
        "DiscountPer": 10,
        "GstData": {
          "DiscountAmount": 23.5,
          "CGST": 19.04,
          "SGST": 19.04
        }
      }
    },
    "UuId": 1,
    "pk": 1,
    "DateTime": "2024-03-06T09:57:32.195Z"
  },
  {
    "ItemsInOrder": {
      "1": {
        "ItemSerial": 1,
        "Category": "Men",
        "ItemName": "M Jean",
        "ItemNamePk": "7",
        "WashType": "DryWash",
        "WashTypePk": "7",
        "locationPk": "Vizag",
        "location": "Vizag",
        "Pcs": 1,
        "Rate": 50,
        "DisPer": 0,
        "AddOn": "0-0",
        "DeliveryDateTime": "2024-03-21T11:39:55",
        "Total": 50
      },
      "2": {
        "ItemSerial": 2,
        "Category": "Women",
        "ItemName": "NET TOP",
        "ItemNamePk": "44",
        "WashType": "DryWash",
        "WashTypePk": "44",
        "locationPk": "Vzm",
        "location": "Vzm",
        "Pcs": 2,
        "Rate": 200,
        "DisPer": 0,
        "AddOn": "0-0",
        "DeliveryDateTime": "2024-03-28T11:40:57",
        "Total": 400
      },
      "3": {
        "ItemSerial": 3,
        "Category": "Kids",
        "ItemName": "PYZAMA",
        "ItemNamePk": "80",
        "WashType": "DryWash",
        "WashTypePk": "80",
        "locationPk": "Vzm",
        "location": "Vzm",
        "Pcs": 1,
        "Rate": 40,
        "DisPer": 0,
        "AddOn": "0-0",
        "DeliveryDateTime": "2024-03-21T11:41:30",
        "Total": 40
      },
      "4": {
        "ItemSerial": 4,
        "Category": "Others",
        "ItemName": "SOFA COVERS(SINGLE)",
        "ItemNamePk": "110",
        "WashType": "DryWash",
        "WashTypePk": "110",
        "locationPk": "Vizag",
        "location": "Vizag",
        "Pcs": 1,
        "Rate": 75,
        "DisPer": 0,
        "AddOn": "0-0",
        "DeliveryDateTime": "2024-03-21T11:41:46",
        "Total": 75
      }
    },
    "CustomerData": {
      "CustomerName": "reddy vzm",
      "CustomerMobile": "8909136611"
    },
    "OrderData": {
      "BranchName": "RandBVzm",
      "Currentdateandtime": "2024-03-14T11:39:55"
    },
    "AddOnData": {
      "1": {
        "AddOnService": "Petrol Wash High",
        "AddOnRate": 400,
        "AddOnItemSerial": 2,
        "AddOnImageSerial": ""
      },
      "2": {
        "AddOnService": "stains",
        "AddOnRate": 70,
        "AddOnItemSerial": 4,
        "AddOnImageSerial": ""
      }
    },
    "CheckOutData": {
      "1": {
        "RoundOff": -0.23,
        "CashAmount": 1000,
        "CardAmount": 160,
        "UPIAmount": 0,
        "DiscountPer": 5,
        "GstData": {
          "DiscountAmount": 51.75,
          "CGST": 88.49,
          "SGST": 88.49
        }
      }
    },
    "UuId": 2,
    "pk": 2,
    "DateTime": "2024-03-14T06:10:52.929Z"
  },
  {
    "ItemsInOrder": {
      "1": {
        "ItemSerial": 1,
        "Category": "Men",
        "ItemName": "M Jean",
        "ItemNamePk": "7",
        "WashType": "DryWash",
        "WashTypePk": "7",
        "locationPk": "Vizag",
        "location": "Vizag",
        "Pcs": 1,
        "Rate": 50,
        "DisPer": 0,
        "AddOn": "0-0",
        "DeliveryDateTime": "2024-03-21T12:00:20",
        "Total": 50
      },
      "2": {
        "ItemSerial": 2,
        "Category": "Men",
        "ItemName": "M Shart",
        "ItemNamePk": "1",
        "WashType": "DryWash",
        "WashTypePk": "1",
        "locationPk": "Vizag",
        "location": "Vizag",
        "Pcs": 1,
        "Rate": 45,
        "DisPer": 0,
        "AddOn": "0-0",
        "DeliveryDateTime": "2024-03-21T12:00:25",
        "Total": 45
      },
      "3": {
        "ItemSerial": 3,
        "Category": "Men",
        "ItemName": "M H JEANS",
        "ItemNamePk": "8",
        "WashType": "DryWash",
        "WashTypePk": "8",
        "locationPk": "Vizag",
        "location": "Vizag",
        "Pcs": 1,
        "Rate": 80,
        "DisPer": 0,
        "AddOn": "0-0",
        "DeliveryDateTime": "2024-03-21T12:00:30",
        "Total": 80
      }
    },
    "CustomerData": {
      "CustomerName": "reddy vzm v",
      "CustomerMobile": "9182516546"
    },
    "OrderData": {
      "BranchName": "RandBVzm",
      "Currentdateandtime": "2024-03-14T12:00:20"
    },
    "AddOnData": {
      "1": {
        "AddOnService": "stains",
        "AddOnRate": 10,
        "AddOnItemSerial": 3,
        "AddOnImageSerial": ""
      },
      "2": {
        "AddOnService": "Rolling",
        "AddOnRate": 20,
        "AddOnItemSerial": 2,
        "AddOnImageSerial": ""
      }
    },
    "CheckOutData": {
      "1": {
        "RoundOff": 0.1,
        "CashAmount": 242,
        "CardAmount": 0,
        "UPIAmount": 0,
        "DiscountPer": 0,
        "GstData": {
          "DiscountAmount": 0,
          "CGST": 18.45,
          "SGST": 18.45
        }
      }
    },
    "UuId": 3,
    "pk": 3,
    "DateTime": "2024-03-14T06:30:22.918Z"
  },
  {
    "ItemsInOrder": {
      "1": {
        "ItemSerial": 1,
        "Category": "Men",
        "ItemName": "TROUSER",
        "ItemNamePk": "12",
        "WashType": "DryWash",
        "WashTypePk": "12",
        "locationPk": "Vizag",
        "location": "Vizag",
        "Pcs": 1,
        "Rate": 50,
        "DisPer": 0,
        "AddOn": "0-0",
        "DeliveryDateTime": "2024-03-21T12:09:08",
        "Total": 50
      }
    },
    "CustomerData": {
      "CustomerName": "sri devi",
      "CustomerMobile": "8919136611"
    },
    "OrderData": {
      "BranchName": "RandBVzm",
      "Currentdateandtime": "2024-03-14T12:09:08"
    },
    "AddOnData": {},
    "CheckOutData": {},
    "UuId": 4,
    "pk": 4,
    "DateTime": "2024-03-14T06:39:30.821Z"
  }
]