[
  {
    "ItemsInOrder": {
      "1": {
        "ItemSerial": 1,
        "Category": "Men",
        "ItemName": "M Shart",
        "ItemNamePk": "1",
        "WashType": "DryWash",
        "WashTypePk": "1",
        "locationPk": "Vizag",
        "location": "Vizag",
        "Pcs": 2,
        "Rate": 61,
        "DisPer": 0,
        "AddOn": "0-0",
        "DeliveryDateTime": "2024-03-14T14:40:44",
        "Total": 122
      },
      "2": {
        "ItemSerial": 2,
        "Category": "Men",
        "ItemName": "M Pant",
        "ItemNamePk": "2",
        "WashType": "DryWash",
        "WashTypePk": "2",
        "locationPk": "Vizag",
        "location": "Vizag",
        "Pcs": 2,
        "Rate": 60,
        "DisPer": 0,
        "AddOn": "0-0",
        "DeliveryDateTime": "2024-03-14T14:43:12",
        "Total": 120
      }
    },
    "CustomerData": {
      "CustomerName": "Rvv Nagesh",
      "CustomerMobile": "9618698889"
    },
    "OrderData": {
      "BranchName": "SteelPlant",
      "Currentdateandtime": "2024-03-07T14:40:44"
    },
    "AddOnData": {
      "1": {
        "AddOnService": "H STR",
        "AddOnRate": 0,
        "AddOnItemSerial": 1,
        "AddOnImageSerial": ""
      },
      "2": {
        "AddOnService": "m str",
        "AddOnRate": 0,
        "AddOnItemSerial": 2,
        "AddOnImageSerial": ""
      }
    },
    "CheckOutData": {
      "1": {
        "RoundOff": 0.44,
        "CashAmount": 286,
        "CardAmount": 0,
        "UPIAmount": 0,
        "DiscountPer": 0,
        "GstData": {
          "DiscountAmount": 0,
          "CGST": 21.78,
          "SGST": 21.78
        }
      }
    },
    "UuId": 1,
    "pk": 1,
    "DateTime": "2024-03-07T09:10:02.819Z"
  },
  {
    "ItemsInOrder": {
      "1": {
        "ItemSerial": 1,
        "Category": "Women",
        "ItemName": "W Saree",
        "ItemNamePk": "5",
        "WashType": "DryWash",
        "WashTypePk": "5",
        "locationPk": "Vizag",
        "location": "Vizag",
        "Pcs": 2,
        "Rate": 60,
        "DisPer": 0,
        "AddOn": "0-0",
        "DeliveryDateTime": "2024-03-14T15:00:19",
        "Total": 120
      }
    },
    "CustomerData": {
      "CustomerName": "Srinivasrao",
      "CustomerMobile": "7893412141"
    },
    "OrderData": {
      "BranchName": "SteelPlant",
      "Currentdateandtime": "2024-03-07T15:00:19"
    },
    "AddOnData": {
      "1": {
        "AddOnService": "m str",
        "AddOnRate": 0,
        "AddOnItemSerial": 1,
        "AddOnImageSerial": ""
      }
    },
    "CheckOutData": {
      "1": {
        "RoundOff": 0.4,
        "CashAmount": 142,
        "CardAmount": 0,
        "UPIAmount": 0,
        "DiscountPer": 0,
        "GstData": {
          "DiscountAmount": 0,
          "CGST": 10.8,
          "SGST": 10.8
        }
      }
    },
    "UuId": 2,
    "pk": 2,
    "DateTime": "2024-03-07T09:28:59.537Z"
  },
  {
    "ItemsInOrder": {
      "1": {
        "ItemSerial": 1,
        "Category": "Women",
        "ItemName": "W Saree",
        "ItemNamePk": "5",
        "WashType": "DryWash",
        "WashTypePk": "5",
        "locationPk": "Vizag",
        "location": "Vizag",
        "Pcs": 1,
        "Rate": 250,
        "DisPer": 0,
        "AddOn": "0-0",
        "DeliveryDateTime": "2024-03-14T16:12:32",
        "Total": 250
      }
    },
    "CustomerData": {
      "CustomerName": "Anuradha",
      "CustomerMobile": "9866673039"
    },
    "OrderData": {
      "BranchName": "SteelPlant",
      "Currentdateandtime": "2024-03-07T16:12:32"
    },
    "AddOnData": {
      "1": {
        "AddOnService": "long frock",
        "AddOnRate": 250,
        "AddOnItemSerial": 1,
        "AddOnImageSerial": ""
      }
    },
    "CheckOutData": {
      "1": {
        "RoundOff": 0,
        "CashAmount": 0,
        "CardAmount": 590,
        "UPIAmount": 0,
        "DiscountPer": 0,
        "GstData": {
          "DiscountAmount": 0,
          "CGST": 45,
          "SGST": 45
        }
      }
    },
    "UuId": 3,
    "pk": 3,
    "DateTime": "2024-03-07T10:43:05.887Z"
  },
  {
    "ItemsInOrder": {
      "1": {
        "ItemSerial": 1,
        "Category": "Women",
        "ItemName": "W Saree",
        "ItemNamePk": "5",
        "WashType": "DryWash",
        "WashTypePk": "5",
        "locationPk": "Vizag",
        "location": "Vizag",
        "Pcs": 1,
        "Rate": 150,
        "DisPer": 0,
        "AddOn": "0-0",
        "DeliveryDateTime": "2024-03-14T16:20:59",
        "Total": 150
      }
    },
    "CustomerData": {
      "CustomerName": "K.Eswarao",
      "CustomerMobile": "9441465306"
    },
    "OrderData": {
      "BranchName": "SteelPlant",
      "Currentdateandtime": "2024-03-07T16:20:59"
    },
    "AddOnData": {
      "1": {
        "AddOnService": "stains",
        "AddOnRate": 10,
        "AddOnItemSerial": 1,
        "AddOnImageSerial": ""
      }
    },
    "CheckOutData": {},
    "UuId": 4,
    "pk": 4,
    "DateTime": "2024-03-07T10:49:24.082Z"
  },
  {
    "ItemsInOrder": {
      "1": {
        "ItemSerial": 1,
        "Category": "Men",
        "ItemName": "M Shart",
        "ItemNamePk": "1",
        "WashType": "DryWash",
        "WashTypePk": "1",
        "locationPk": "Vizag",
        "location": "Vizag",
        "Pcs": 1,
        "Rate": 45,
        "DisPer": 0,
        "AddOn": "0-0",
        "DeliveryDateTime": "2024-03-14T16:22:56",
        "Total": 45
      },
      "2": {
        "ItemSerial": 2,
        "Category": "Men",
        "ItemName": "M Shart",
        "ItemNamePk": "1",
        "WashType": "DryWash",
        "WashTypePk": "1",
        "locationPk": "Vizag",
        "location": "Vizag",
        "Pcs": 1,
        "Rate": 45,
        "DisPer": 0,
        "AddOn": "0-0",
        "DeliveryDateTime": "2024-03-14T16:31:59",
        "Total": 45
      }
    },
    "CustomerData": {
      "CustomerName": "K.Eswarao",
      "CustomerMobile": "9441465306"
    },
    "OrderData": {
      "BranchName": "SteelPlant",
      "Currentdateandtime": "2024-03-07T16:20:59"
    },
    "AddOnData": {},
    "CheckOutData": {},
    "UuId": 5,
    "pk": 5,
    "DateTime": "2024-03-07T10:50:34.447Z"
  },
  {
    "ItemsInOrder": {
      "1": {
        "ItemSerial": 1,
        "Category": "Women",
        "ItemName": "LONG FROCK",
        "ItemNamePk": "11",
        "WashType": "DryWash",
        "WashTypePk": "11",
        "locationPk": "Vizag",
        "location": "Vizag",
        "Pcs": 1,
        "Rate": 350,
        "DisPer": 0,
        "AddOn": "0-0",
        "DeliveryDateTime": "2024-03-14T16:35:53",
        "Total": 350
      }
    },
    "CustomerData": {
      "CustomerName": "k.eswararao",
      "CustomerMobile": "9441465306"
    },
    "OrderData": {
      "BranchName": "SteelPlant",
      "Currentdateandtime": "2024-03-07T16:35:53"
    },
    "AddOnData": {},
    "CheckOutData": {},
    "UuId": 6,
    "pk": 6,
    "DateTime": "2024-03-07T11:04:37.195Z"
  },
  {
    "ItemsInOrder": {
      "1": {
        "ItemSerial": 1,
        "Category": "Women",
        "ItemName": "W Saree",
        "ItemNamePk": "5",
        "WashType": "DryWash",
        "WashTypePk": "5",
        "locationPk": "Vizag",
        "location": "Vizag",
        "Pcs": 1,
        "Rate": 150,
        "DisPer": 0,
        "AddOn": "0-0",
        "DeliveryDateTime": "2024-03-14T16:44:43",
        "Total": 150
      }
    },
    "CustomerData": {
      "CustomerName": "Geethajyothi",
      "CustomerMobile": "8297218555"
    },
    "OrderData": {
      "BranchName": "SteelPlant",
      "Currentdateandtime": "2024-03-07T16:44:43"
    },
    "AddOnData": {},
    "CheckOutData": {
      "1": {
        "RoundOff": 0,
        "CashAmount": 177,
        "CardAmount": 0,
        "UPIAmount": 0,
        "DiscountPer": 0,
        "GstData": {
          "DiscountAmount": 0,
          "CGST": 13.5,
          "SGST": 13.5
        }
      }
    },
    "UuId": 7,
    "pk": 7,
    "DateTime": "2024-03-07T11:13:14.586Z"
  },
  {
    "ItemsInOrder": {
      "1": {
        "ItemSerial": 1,
        "Category": "Men",
        "ItemName": "M Shart",
        "ItemNamePk": "1",
        "WashType": "DryWash",
        "WashTypePk": "1",
        "locationPk": "Vizag",
        "location": "Vizag",
        "Pcs": 5,
        "Rate": 60,
        "DisPer": 0,
        "AddOn": "0-0",
        "DeliveryDateTime": "2024-03-15T12:51:57",
        "Total": 300
      }
    },
    "CustomerData": {
      "CustomerName": "G.Ravikumar",
      "CustomerMobile": "9848173149"
    },
    "OrderData": {
      "BranchName": "SteelPlant",
      "Currentdateandtime": "2024-03-08T12:51:57"
    },
    "AddOnData": {
      "1": {
        "AddOnService": "m str",
        "AddOnRate": 0,
        "AddOnItemSerial": 1,
        "AddOnImageSerial": ""
      }
    },
    "CheckOutData": {
      "1": {
        "RoundOff": 0,
        "CashAmount": 354,
        "CardAmount": 0,
        "UPIAmount": 0,
        "DiscountPer": 0,
        "GstData": {
          "DiscountAmount": 0,
          "CGST": 27,
          "SGST": 27
        }
      }
    },
    "UuId": 8,
    "pk": 8,
    "DateTime": "2024-03-08T07:20:29.704Z"
  },
  {
    "ItemsInOrder": {
      "1": {
        "ItemSerial": 1,
        "Category": "Women",
        "ItemName": "W Saree",
        "ItemNamePk": "5",
        "WashType": "DryWash",
        "WashTypePk": "5",
        "locationPk": "Vizag",
        "location": "Vizag",
        "Pcs": 1,
        "Rate": 150,
        "DisPer": 0,
        "AddOn": "0-0",
        "DeliveryDateTime": "2024-03-15T13:03:04",
        "Total": 150
      },
      "2": {
        "ItemSerial": 2,
        "Category": "Women",
        "ItemName": "BLOUSE",
        "ItemNamePk": "64",
        "WashType": "DryWash",
        "WashTypePk": "64",
        "locationPk": "Vizag",
        "location": "Vizag",
        "Pcs": 1,
        "Rate": 30,
        "DisPer": 0,
        "AddOn": "0-0",
        "DeliveryDateTime": "2024-03-15T13:03:40",
        "Total": 30
      }
    },
    "CustomerData": {
      "CustomerName": "Sarswathi",
      "CustomerMobile": "9885150097"
    },
    "OrderData": {
      "BranchName": "SteelPlant",
      "Currentdateandtime": "2024-03-08T13:03:04"
    },
    "AddOnData": {
      "1": {
        "AddOnService": "stains",
        "AddOnRate": 10,
        "AddOnItemSerial": 1,
        "AddOnImageSerial": ""
      }
    },
    "CheckOutData": {
      "1": {
        "RoundOff": 0,
        "CashAmount": 213,
        "CardAmount": 0,
        "UPIAmount": 0,
        "DiscountPer": 5,
        "GstData": {
          "DiscountAmount": 9.5,
          "CGST": 16.25,
          "SGST": 16.25
        }
      }
    },
    "UuId": 9,
    "pk": 9,
    "DateTime": "2024-03-08T07:31:22.175Z"
  },
  {
    "ItemsInOrder": {
      "1": {
        "ItemSerial": 1,
        "Category": "Women",
        "ItemName": "LONG FROCK",
        "ItemNamePk": "11",
        "WashType": "DryWash",
        "WashTypePk": "11",
        "locationPk": "Vizag",
        "location": "Vizag",
        "Pcs": 1,
        "Rate": 350,
        "DisPer": 0,
        "AddOn": "0-0",
        "DeliveryDateTime": "2024-03-15T13:15:35",
        "Total": 350
      },
      "2": {
        "ItemSerial": 2,
        "Category": "Men",
        "ItemName": "TROUSER",
        "ItemNamePk": "12",
        "WashType": "DryWash",
        "WashTypePk": "12",
        "locationPk": "Vizag",
        "location": "Vizag",
        "Pcs": 4,
        "Rate": 60,
        "DisPer": 0,
        "AddOn": "0-0",
        "DeliveryDateTime": "2024-03-15T13:16:35",
        "Total": 240
      },
      "3": {
        "ItemSerial": 3,
        "Category": "Men",
        "ItemName": "TRACK PANT",
        "ItemNamePk": "29",
        "WashType": "DryWash",
        "WashTypePk": "29",
        "locationPk": "Vizag",
        "location": "Vizag",
        "Pcs": 2,
        "Rate": 60,
        "DisPer": 0,
        "AddOn": "0-0",
        "DeliveryDateTime": "2024-03-15T13:17:09",
        "Total": 120
      },
      "4": {
        "ItemSerial": 4,
        "Category": "Men",
        "ItemName": "T SHIRT",
        "ItemNamePk": "13",
        "WashType": "DryWash",
        "WashTypePk": "13",
        "locationPk": "Vizag",
        "location": "Vizag",
        "Pcs": 1,
        "Rate": 60,
        "DisPer": 0,
        "AddOn": "0-0",
        "DeliveryDateTime": "2024-03-15T13:18:09",
        "Total": 60
      },
      "5": {
        "ItemSerial": 5,
        "Category": "Men",
        "ItemName": "M Shart",
        "ItemNamePk": "1",
        "WashType": "DryWash",
        "WashTypePk": "1",
        "locationPk": "Vizag",
        "location": "Vizag",
        "Pcs": 2,
        "Rate": 60,
        "DisPer": 0,
        "AddOn": "0-0",
        "DeliveryDateTime": "2024-03-15T13:18:33",
        "Total": 120
      },
      "6": {
        "ItemSerial": 6,
        "Category": "Men",
        "ItemName": "PYJAMA",
        "ItemNamePk": "17",
        "WashType": "DryWash",
        "WashTypePk": "17",
        "locationPk": "Vizag",
        "location": "Vizag",
        "Pcs": 2,
        "Rate": 60,
        "DisPer": 0,
        "AddOn": "0-0",
        "DeliveryDateTime": "2024-03-15T13:21:09",
        "Total": 120
      },
      "7": {
        "ItemSerial": 7,
        "Category": "Men",
        "ItemName": "KURTHA(NORMAL)",
        "ItemNamePk": "14",
        "WashType": "DryWash",
        "WashTypePk": "14",
        "locationPk": "Vizag",
        "location": "Vizag",
        "Pcs": 1,
        "Rate": 150,
        "DisPer": 0,
        "AddOn": "0-0",
        "DeliveryDateTime": "2024-03-15T13:23:18",
        "Total": 150
      }
    },
    "CustomerData": {
      "CustomerName": "Anuradha",
      "CustomerMobile": "9866673039"
    },
    "OrderData": {
      "BranchName": "SteelPlant",
      "Currentdateandtime": "2024-03-08T13:15:35"
    },
    "AddOnData": {
      "1": {
        "AddOnService": "stains",
        "AddOnRate": 10,
        "AddOnItemSerial": 3,
        "AddOnImageSerial": ""
      },
      "2": {
        "AddOnService": "m str",
        "AddOnRate": 0,
        "AddOnItemSerial": 5,
        "AddOnImageSerial": ""
      },
      "3": {
        "AddOnService": "m str",
        "AddOnRate": 0,
        "AddOnItemSerial": 6,
        "AddOnImageSerial": ""
      },
      "4": {
        "AddOnService": "m str",
        "AddOnRate": 0,
        "AddOnItemSerial": 7,
        "AddOnImageSerial": ""
      }
    },
    "CheckOutData": {
      "1": {
        "RoundOff": 0.4,
        "CashAmount": 1381,
        "CardAmount": 0,
        "UPIAmount": 0,
        "DiscountPer": 0,
        "GstData": {
          "DiscountAmount": 0,
          "CGST": 105.3,
          "SGST": 105.3
        }
      }
    },
    "UuId": 10,
    "pk": 10,
    "DateTime": "2024-03-08T07:44:38.793Z"
  },
  {
    "ItemsInOrder": {
      "1": {
        "ItemSerial": 1,
        "Category": "Men",
        "ItemName": "M Jean",
        "ItemNamePk": "7",
        "WashType": "DryWash",
        "WashTypePk": "7",
        "locationPk": "Vizag",
        "location": "Vizag",
        "Pcs": 1,
        "Rate": 50,
        "DisPer": 0,
        "AddOn": "0-0",
        "DeliveryDateTime": "2024-03-18T15:16:30",
        "Total": 50
      },
      "2": {
        "ItemSerial": 2,
        "Category": "Women",
        "ItemName": "SKIRT(SMALL)",
        "ItemNamePk": "56",
        "WashType": "DryWash",
        "WashTypePk": "56",
        "locationPk": "Vizag",
        "location": "Vizag",
        "Pcs": 1,
        "Rate": 80,
        "DisPer": 0,
        "AddOn": "0-0",
        "DeliveryDateTime": "2024-03-18T15:16:36",
        "Total": 80
      },
      "3": {
        "ItemSerial": 3,
        "Category": "Others",
        "ItemName": "NAPKIN",
        "ItemNamePk": "101",
        "WashType": "DryWash",
        "WashTypePk": "101",
        "locationPk": "Vizag",
        "location": "Vizag",
        "Pcs": 1,
        "Rate": 20,
        "DisPer": 0,
        "AddOn": "0-0",
        "DeliveryDateTime": "2024-03-18T15:17:03",
        "Total": 20
      }
    },
    "CustomerData": {
      "CustomerName": "reddy@",
      "CustomerMobile": "8297218556"
    },
    "OrderData": {
      "BranchName": "SteelPlant",
      "Currentdateandtime": "2024-03-11T15:16:30"
    },
    "AddOnData": {
      "1": {
        "AddOnService": "stains",
        "AddOnRate": 50,
        "AddOnItemSerial": 2,
        "AddOnImageSerial": ""
      }
    },
    "CheckOutData": {
      "1": {
        "RoundOff": 0,
        "CashAmount": 200,
        "CardAmount": 36,
        "UPIAmount": 0,
        "DiscountPer": 0,
        "GstData": {
          "DiscountAmount": 0,
          "CGST": 18,
          "SGST": 18
        }
      }
    },
    "UuId": 11,
    "pk": 11,
    "DateTime": "2024-03-11T09:46:52.577Z"
  },
  {
    "ItemsInOrder": {
      "1": {
        "ItemSerial": 1,
        "Category": "Men",
        "ItemName": "M Shart",
        "ItemNamePk": "1",
        "WashType": "DryWash",
        "WashTypePk": "1",
        "locationPk": "Vizag",
        "location": "Vizag",
        "Pcs": 5,
        "Rate": 60,
        "DisPer": 0,
        "AddOn": "0-0",
        "DeliveryDateTime": "2024-03-18T15:22:30",
        "Total": 300
      },
      "2": {
        "ItemSerial": 2,
        "Category": "Men",
        "ItemName": "M Pant",
        "ItemNamePk": "2",
        "WashType": "DryWash",
        "WashTypePk": "2",
        "locationPk": "Vizag",
        "location": "Vizag",
        "Pcs": 5,
        "Rate": 60,
        "DisPer": 0,
        "AddOn": "0-0",
        "DeliveryDateTime": "2024-03-18T15:22:48",
        "Total": 300
      }
    },
    "CustomerData": {
      "CustomerName": "RVV.Nagesh",
      "CustomerMobile": "9618698889"
    },
    "OrderData": {
      "BranchName": "SteelPlant",
      "Currentdateandtime": "2024-03-11T15:22:30"
    },
    "AddOnData": {
      "1": {
        "AddOnService": "m str",
        "AddOnRate": 0,
        "AddOnItemSerial": 1,
        "AddOnImageSerial": ""
      },
      "2": {
        "AddOnService": "m str",
        "AddOnRate": 0,
        "AddOnItemSerial": 2,
        "AddOnImageSerial": ""
      }
    },
    "CheckOutData": {
      "1": {
        "RoundOff": 0,
        "CashAmount": 708,
        "CardAmount": 0,
        "UPIAmount": 0,
        "DiscountPer": 0,
        "GstData": {
          "DiscountAmount": 0,
          "CGST": 54,
          "SGST": 54
        }
      }
    },
    "UuId": 12,
    "pk": 12,
    "DateTime": "2024-03-11T09:53:05.367Z"
  },
  {
    "ItemsInOrder": {
      "1": {
        "ItemSerial": 1,
        "Category": "Others",
        "ItemName": "BLANKET(SINGLE)",
        "ItemNamePk": "96",
        "WashType": "DryWash",
        "WashTypePk": "96",
        "locationPk": "Vizag",
        "location": "Vizag",
        "Pcs": 1,
        "Rate": 400,
        "DisPer": 0,
        "AddOn": "0-0",
        "DeliveryDateTime": "2024-03-20T14:04:41",
        "Total": 400
      }
    },
    "CustomerData": {
      "CustomerName": "K.Veena",
      "CustomerMobile": "9989940411"
    },
    "OrderData": {
      "BranchName": "SteelPlant",
      "Currentdateandtime": "2024-03-13T14:04:41"
    },
    "AddOnData": {},
    "CheckOutData": {
      "1": {
        "RoundOff": 0,
        "CashAmount": 472,
        "CardAmount": 0,
        "UPIAmount": 0,
        "DiscountPer": 0,
        "GstData": {
          "DiscountAmount": 0,
          "CGST": 36,
          "SGST": 36
        }
      }
    },
    "UuId": 13,
    "pk": 13,
    "DateTime": "2024-03-13T08:35:33.593Z"
  },
  {
    "ItemsInOrder": {
      "1": {
        "ItemSerial": 1,
        "Category": "Men",
        "ItemName": "M Shart",
        "ItemNamePk": "1",
        "WashType": "DryWash",
        "WashTypePk": "1",
        "locationPk": "Vizag",
        "location": "Vizag",
        "Pcs": 2,
        "Rate": 60,
        "DisPer": 0,
        "AddOn": "0-0",
        "DeliveryDateTime": "2024-03-20T15:12:18",
        "Total": 120
      },
      "2": {
        "ItemSerial": 2,
        "Category": "Men",
        "ItemName": "TROUSER",
        "ItemNamePk": "12",
        "WashType": "DryWash",
        "WashTypePk": "12",
        "locationPk": "Vizag",
        "location": "Vizag",
        "Pcs": 3,
        "Rate": 60,
        "DisPer": 0,
        "AddOn": "0-0",
        "DeliveryDateTime": "2024-03-20T15:13:41",
        "Total": 60
      },
      "3": {
        "ItemSerial": 3,
        "Category": "Men",
        "ItemName": "KURTHA(NORMAL)",
        "ItemNamePk": "14",
        "WashType": "DryWash",
        "WashTypePk": "14",
        "locationPk": "Vizag",
        "location": "Vizag",
        "Pcs": 1,
        "Rate": 100,
        "DisPer": 0,
        "AddOn": "0-0",
        "DeliveryDateTime": "2024-03-20T15:14:02",
        "Total": 100
      }
    },
    "CustomerData": {
      "CustomerName": "Shadev",
      "CustomerMobile": "9908017889"
    },
    "OrderData": {
      "BranchName": "SteelPlant",
      "Currentdateandtime": "2024-03-13T15:12:18"
    },
    "AddOnData": {
      "1": {
        "AddOnService": "m str",
        "AddOnRate": 0,
        "AddOnItemSerial": 2,
        "AddOnImageSerial": ""
      },
      "2": {
        "AddOnService": "m str",
        "AddOnRate": 0,
        "AddOnItemSerial": 1,
        "AddOnImageSerial": ""
      }
    },
    "CheckOutData": {
      "1": {
        "RoundOff": 0,
        "CashAmount": 472,
        "CardAmount": 0,
        "UPIAmount": 0,
        "DiscountPer": 0,
        "GstData": {
          "DiscountAmount": 0,
          "CGST": 36,
          "SGST": 36
        }
      }
    },
    "UuId": 14,
    "pk": 14,
    "DateTime": "2024-03-13T09:43:15.658Z"
  },
  {
    "ItemsInOrder": {
      "1": {
        "ItemSerial": 1,
        "Category": "Women",
        "ItemName": "W Saree",
        "ItemNamePk": "5",
        "WashType": "DryWash",
        "WashTypePk": "5",
        "locationPk": "Vizag",
        "location": "Vizag",
        "Pcs": 1,
        "Rate": 150,
        "DisPer": 0,
        "AddOn": "0-0",
        "DeliveryDateTime": "2024-03-20T15:21:02",
        "Total": 150
      },
      "2": {
        "ItemSerial": 2,
        "Category": "Men",
        "ItemName": "M Shart",
        "ItemNamePk": "1",
        "WashType": "DryWash",
        "WashTypePk": "1",
        "locationPk": "Vizag",
        "location": "Vizag",
        "Pcs": 1,
        "Rate": 45,
        "DisPer": 0,
        "AddOn": "0-0",
        "DeliveryDateTime": "2024-03-20T15:21:33",
        "Total": 45
      },
      "3": {
        "ItemSerial": 3,
        "Category": "Women",
        "ItemName": "TOP(NORMAL)",
        "ItemNamePk": "43",
        "WashTypePk": "43",
        "locationPk": "Vizag",
        "location": "Vizag",
        "Pcs": 1,
        "Rate": 130,
        "DisPer": 0,
        "AddOn": "0-0",
        "DeliveryDateTime": "2024-03-20T15:21:40",
        "Total": 130
      }
    },
    "CustomerData": {
      "CustomerName": "D.Sumitha",
      "CustomerMobile": "7702496804"
    },
    "OrderData": {
      "BranchName": "SteelPlant",
      "Currentdateandtime": "2024-03-13T15:21:02"
    },
    "AddOnData": {
      "1": {
        "AddOnService": "DW",
        "AddOnRate": 60,
        "AddOnItemSerial": 3,
        "AddOnImageSerial": ""
      }
    },
    "CheckOutData": {
      "1": {
        "RoundOff": -0.3,
        "CashAmount": 0,
        "CardAmount": 454,
        "UPIAmount": 0,
        "DiscountPer": 0,
        "GstData": {
          "DiscountAmount": 0,
          "CGST": 34.65,
          "SGST": 34.65
        }
      }
    },
    "UuId": 15,
    "pk": 15,
    "DateTime": "2024-03-13T09:51:49.211Z"
  },
  {
    "ItemsInOrder": {
      "1": {
        "ItemSerial": 1,
        "Category": "Women",
        "ItemName": "PATTU SAREE",
        "ItemNamePk": "59",
        "WashType": "DryWash",
        "WashTypePk": "59",
        "locationPk": "Vizag",
        "location": "Vizag",
        "Pcs": 3,
        "Rate": 150,
        "DisPer": 0,
        "AddOn": "0-0",
        "DeliveryDateTime": "2024-03-20T15:32:31",
        "Total": 450
      },
      "2": {
        "ItemSerial": 2,
        "Category": "Women",
        "ItemName": "BLOUSE",
        "ItemNamePk": "64",
        "WashType": "DryWash",
        "WashTypePk": "64",
        "locationPk": "Vizag",
        "location": "Vizag",
        "Pcs": 1,
        "Rate": 30,
        "DisPer": 0,
        "AddOn": "0-0",
        "DeliveryDateTime": "2024-03-20T15:34:44",
        "Total": 30
      },
      "3": {
        "ItemSerial": 3,
        "Category": "Men",
        "ItemName": "M Shart",
        "ItemNamePk": "1",
        "WashType": "DryWash",
        "WashTypePk": "1",
        "locationPk": "Vizag",
        "location": "Vizag",
        "Pcs": 1,
        "Rate": 60,
        "DisPer": 0,
        "AddOn": "0-0",
        "DeliveryDateTime": "2024-03-20T15:38:56",
        "Total": 60
      },
      "4": {
        "ItemSerial": 4,
        "Category": "Men",
        "ItemName": "TROUSER",
        "ItemNamePk": "12",
        "WashType": "DryWash",
        "WashTypePk": "12",
        "locationPk": "Vizag",
        "location": "Vizag",
        "Pcs": 1,
        "Rate": 60,
        "DisPer": 0,
        "AddOn": "0-0",
        "DeliveryDateTime": "2024-03-20T15:42:26",
        "Total": 60
      }
    },
    "CustomerData": {
      "CustomerName": "B.Naidu",
      "CustomerMobile": "9676658668"
    },
    "OrderData": {
      "BranchName": "SteelPlant",
      "Currentdateandtime": "2024-03-13T15:32:31"
    },
    "AddOnData": {
      "1": {
        "AddOnService": "m str",
        "AddOnRate": 0,
        "AddOnItemSerial": 1,
        "AddOnImageSerial": ""
      },
      "2": {
        "AddOnService": "stains",
        "AddOnRate": 10,
        "AddOnItemSerial": 1,
        "AddOnImageSerial": ""
      },
      "3": {
        "AddOnService": "m str",
        "AddOnRate": 0,
        "AddOnItemSerial": 1,
        "AddOnImageSerial": ""
      }
    },
    "CheckOutData": {
      "1": {
        "RoundOff": 0.2,
        "CashAmount": 720,
        "CardAmount": 0,
        "UPIAmount": 0,
        "DiscountPer": 0,
        "GstData": {
          "DiscountAmount": 0,
          "CGST": 54.9,
          "SGST": 54.9
        }
      }
    },
    "UuId": 16,
    "pk": 16,
    "DateTime": "2024-03-13T10:03:30.220Z"
  }
]