[
  {
    "ItemsInOrder": {
      "1": {
        "ItemSerial": 1,
        "Category": "Men",
        "ItemName": "M Jean",
        "ItemNamePk": "7",
        "WashType": "DryWash",
        "WashTypePk": "7",
        "locationPk": "Vizag",
        "location": "Vizag",
        "Pcs": 1,
        "Rate": 50,
        "DisPer": 0,
        "AddOn": "0-0",
        "DeliveryDateTime": "2024-03-13T12:29:15",
        "Total": 50
      },
      "2": {
        "ItemSerial": 2,
        "Category": "Women",
        "ItemName": "W Jean",
        "ItemNamePk": "6",
        "WashType": "DryWash",
        "WashTypePk": "6",
        "locationPk": "Vizag",
        "location": "Vizag",
        "Pcs": 1,
        "Rate": 65,
        "DisPer": 0,
        "AddOn": "0-0",
        "DeliveryDateTime": "2024-03-13T12:29:18",
        "Total": 65
      }
    },
    "CustomerData": {
      "CustomerName": "REDDY",
      "CustomerMobile": "1236549800"
    },
    "OrderData": {
      "BranchName": "Vepagunta",
      "Currentdateandtime": "2024-03-06T12:29:15"
    },
    "AddOnData": {
      "1": {
        "AddOnService": "Starch",
        "AddOnRate": 30,
        "AddOnItemSerial": 2,
        "AddOnImageSerial": ""
      }
    },
    "CheckOutData": {
      "1": {
        "RoundOff": -0.1,
        "CashAmount": 171,
        "CardAmount": 0,
        "UPIAmount": 0,
        "DiscountPer": 0,
        "GstData": {
          "DiscountAmount": 0,
          "CGST": 13.05,
          "SGST": 13.05
        }
      }
    },
    "UuId": 1,
    "pk": 1,
    "DateTime": "2024-03-06T06:45:07.030Z"
  },
  {
    "ItemsInOrder": {
      "1": {
        "ItemSerial": 1,
        "Category": "Women",
        "ItemName": "W Saree",
        "ItemNamePk": "5",
        "WashType": "DryWash",
        "WashTypePk": "5",
        "locationPk": "Vizag",
        "location": "Vizag",
        "Pcs": 1,
        "Rate": 60,
        "DisPer": 0,
        "AddOn": "0-0",
        "DeliveryDateTime": "2024-03-14T00:18",
        "Total": 60
      }
    },
    "CustomerData": {
      "CustomerName": "satya",
      "CustomerMobile": "9866716633"
    },
    "OrderData": {
      "BranchName": "Vepagunta",
      "Currentdateandtime": "2024-03-07T00:18"
    },
    "AddOnData": {},
    "CheckOutData": {
      "1": {
        "RoundOff": 0.2,
        "CashAmount": 71,
        "CardAmount": 0,
        "UPIAmount": 0,
        "DiscountPer": 0,
        "GstData": {
          "DiscountAmount": 0,
          "CGST": 5.4,
          "SGST": 5.4
        }
      }
    },
    "UuId": 2,
    "pk": 2,
    "DateTime": "2024-03-07T08:25:12.662Z"
  },
  {
    "ItemsInOrder": {
      "1": {
        "ItemSerial": 1,
        "Category": "Men",
        "ItemName": "M Shart",
        "ItemNamePk": "1",
        "WashType": "DryWash",
        "WashTypePk": "1",
        "locationPk": "Vizag",
        "location": "Vizag",
        "Pcs": 1,
        "Rate": 45,
        "DisPer": 0,
        "AddOn": "0-0",
        "DeliveryDateTime": "2024-03-14T02:16:17",
        "Total": 45
      },
      "2": {
        "ItemSerial": 2,
        "Category": "Men",
        "ItemName": "M Shart",
        "ItemNamePk": "1",
        "WashType": "DryWash",
        "WashTypePk": "1",
        "locationPk": "Vizag",
        "location": "Vizag",
        "Pcs": 6,
        "Rate": 60,
        "DisPer": 0,
        "AddOn": "0-0",
        "DeliveryDateTime": "2024-03-14T02:16:39",
        "Total": 360
      }
    },
    "CustomerData": {
      "CustomerName": "prasad",
      "CustomerMobile": "9951796301"
    },
    "OrderData": {
      "BranchName": "Vepagunta",
      "Currentdateandtime": "2024-03-07T02:16:17"
    },
    "AddOnData": {},
    "CheckOutData": {
      "1": {
        "RoundOff": 0.1,
        "CashAmount": 478,
        "CardAmount": 0,
        "UPIAmount": 0,
        "DiscountPer": 0,
        "GstData": {
          "DiscountAmount": 0,
          "CGST": 36.45,
          "SGST": 36.45
        }
      }
    },
    "UuId": 3,
    "pk": 3,
    "DateTime": "2024-03-07T10:16:24.952Z"
  },
  {
    "ItemsInOrder": {
      "1": {
        "ItemSerial": 1,
        "Category": "Men",
        "ItemName": "M Shart",
        "ItemNamePk": "1",
        "WashType": "DryWash",
        "WashTypePk": "1",
        "locationPk": "Vizag",
        "location": "Vizag",
        "Pcs": 1,
        "Rate": 60,
        "DisPer": 0,
        "AddOn": "0-0",
        "DeliveryDateTime": "2024-03-14T02:20:16",
        "Total": 60
      }
    },
    "CustomerData": {
      "CustomerName": "saiL",
      "CustomerMobile": "9912306025"
    },
    "OrderData": {
      "BranchName": "Vepagunta",
      "Currentdateandtime": "2024-03-07T02:20:16"
    },
    "AddOnData": {},
    "CheckOutData": {
      "1": {
        "RoundOff": 0.2,
        "CashAmount": 71,
        "CardAmount": 0,
        "UPIAmount": 0,
        "DiscountPer": 0,
        "GstData": {
          "DiscountAmount": 0,
          "CGST": 5.4,
          "SGST": 5.4
        }
      }
    },
    "UuId": 4,
    "pk": 4,
    "DateTime": "2024-03-07T10:22:21.051Z"
  },
  {
    "ItemsInOrder": {
      "1": {
        "ItemSerial": 1,
        "Category": "Women",
        "ItemName": "W Saree",
        "ItemNamePk": "5",
        "WashType": "DryWash",
        "WashTypePk": "5",
        "locationPk": "Vizag",
        "location": "Vizag",
        "Pcs": 2,
        "Rate": 120,
        "DisPer": 0,
        "AddOn": "0-0",
        "DeliveryDateTime": "2024-03-14T02:28:45",
        "Total": 240
      },
      "2": {
        "ItemSerial": 2,
        "Category": "Men",
        "ItemName": "M Pant",
        "ItemNamePk": "2",
        "WashType": "DryWash",
        "WashTypePk": "2",
        "locationPk": "Vizag",
        "location": "Vizag",
        "Pcs": 3,
        "Rate": 50,
        "DisPer": 0,
        "AddOn": "0-0",
        "DeliveryDateTime": "2024-03-14T02:30:12",
        "Total": 150
      },
      "3": {
        "ItemSerial": 3,
        "Category": "Men",
        "ItemName": "M Pant",
        "ItemNamePk": "2",
        "WashType": "DryWash",
        "WashTypePk": "2",
        "locationPk": "Vizag",
        "location": "Vizag",
        "Pcs": 3,
        "Rate": 50,
        "DisPer": 0,
        "AddOn": "0-0",
        "DeliveryDateTime": "2024-03-14T02:30:58",
        "Total": 150
      }
    },
    "CustomerData": {
      "CustomerName": "prasad",
      "CustomerMobile": "9951796301"
    },
    "OrderData": {
      "BranchName": "Vepagunta",
      "Currentdateandtime": "2024-03-07T02:28:45"
    },
    "AddOnData": {},
    "CheckOutData": {
      "1": {
        "RoundOff": -0.2,
        "CashAmount": 637,
        "CardAmount": 0,
        "UPIAmount": 0,
        "DiscountPer": 0,
        "GstData": {
          "DiscountAmount": 0,
          "CGST": 48.6,
          "SGST": 48.6
        }
      }
    },
    "UuId": 5,
    "pk": 5,
    "DateTime": "2024-03-07T10:29:58.162Z"
  },
  {
    "ItemsInOrder": {
      "1": {
        "ItemSerial": 1,
        "Category": "Men",
        "ItemName": "M Shart",
        "ItemNamePk": "1",
        "WashType": "DryWash",
        "WashTypePk": "1",
        "locationPk": "Vizag",
        "location": "Vizag",
        "Pcs": 1,
        "Rate": 45,
        "DisPer": 0,
        "AddOn": "0-0",
        "DeliveryDateTime": "2024-03-14T02:38:12",
        "Total": 45
      }
    },
    "CustomerData": {
      "CustomerName": ",ramu",
      "CustomerMobile": "9063895999"
    },
    "OrderData": {
      "BranchName": "Vepagunta",
      "Currentdateandtime": "2024-03-07T02:38:12"
    },
    "AddOnData": {
      "1": {
        "AddOnService": "H STR",
        "AddOnRate": 0,
        "AddOnItemSerial": 1,
        "AddOnImageSerial": ""
      }
    },
    "CheckOutData": {
      "1": {
        "RoundOff": -0.1,
        "CashAmount": 53,
        "CardAmount": 0,
        "UPIAmount": 0,
        "DiscountPer": 0,
        "GstData": {
          "DiscountAmount": 0,
          "CGST": 4.05,
          "SGST": 4.05
        }
      }
    },
    "UuId": 6,
    "pk": 6,
    "DateTime": "2024-03-07T10:40:41.380Z"
  },
  {
    "ItemsInOrder": {
      "1": {
        "ItemSerial": 1,
        "Category": "Women",
        "ItemName": "W Saree",
        "ItemNamePk": "5",
        "WashType": "DryWash",
        "WashTypePk": "5",
        "locationPk": "Vizag",
        "location": "Vizag",
        "Pcs": 4,
        "Rate": 60,
        "DisPer": 0,
        "AddOn": "0-0",
        "DeliveryDateTime": "2024-03-16T23:36:47",
        "Total": 240
      }
    },
    "CustomerData": {
      "CustomerName": "sailaja",
      "CustomerMobile": "9701754026"
    },
    "OrderData": {
      "BranchName": "Vepagunta",
      "Currentdateandtime": "2024-03-07T23:36:47"
    },
    "AddOnData": {},
    "CheckOutData": {
      "1": {
        "RoundOff": -0.2,
        "CashAmount": 283,
        "CardAmount": 0,
        "UPIAmount": 0,
        "DiscountPer": 0,
        "GstData": {
          "DiscountAmount": 0,
          "CGST": 21.6,
          "SGST": 21.6
        }
      }
    },
    "UuId": 7,
    "pk": 7,
    "DateTime": "2024-03-08T07:38:16.284Z"
  },
  {
    "ItemsInOrder": {
      "1": {
        "ItemSerial": 1,
        "Category": "Women",
        "ItemName": "NET TOP",
        "ItemNamePk": "44",
        "WashType": "DryWash",
        "WashTypePk": "44",
        "locationPk": "Vizag",
        "location": "Vizag",
        "Pcs": 2,
        "Rate": 200,
        "DisPer": 0,
        "AddOn": "0-0",
        "DeliveryDateTime": "2024-03-16T23:46:22",
        "Total": 400
      },
      "2": {
        "ItemSerial": 2,
        "Category": "Women",
        "ItemName": "W Saree",
        "ItemNamePk": "5",
        "WashType": "DryWash",
        "WashTypePk": "5",
        "locationPk": "Vizag",
        "location": "Vizag",
        "Pcs": 2,
        "Rate": 60,
        "DisPer": 0,
        "AddOn": "0-0",
        "DeliveryDateTime": "2024-03-14T23:50:24",
        "Total": 120
      },
      "3": {
        "ItemSerial": 2,
        "Category": "Women",
        "ItemName": "W Saree",
        "ItemNamePk": "5",
        "WashType": "DryWash",
        "WashTypePk": "5",
        "locationPk": "Vizag",
        "location": "Vizag",
        "Pcs": 2,
        "Rate": 60,
        "DisPer": 0,
        "AddOn": "0-0",
        "DeliveryDateTime": "2024-03-14T23:50:24",
        "Total": 120
      }
    },
    "CustomerData": {
      "CustomerName": "swaroop",
      "CustomerMobile": "8106984290"
    },
    "OrderData": {
      "BranchName": "Vepagunta",
      "Currentdateandtime": "2024-03-07T23:46:22"
    },
    "AddOnData": {
      "1": {
        "AddOnService": "stains",
        "AddOnRate": 1,
        "AddOnItemSerial": 1,
        "AddOnImageSerial": ""
      },
      "2": {
        "AddOnService": "stains",
        "AddOnRate": 10,
        "AddOnItemSerial": 1,
        "AddOnImageSerial": ""
      },
      "3": {
        "AddOnService": "m str",
        "AddOnRate": 0,
        "AddOnItemSerial": 3,
        "AddOnImageSerial": ""
      }
    },
    "CheckOutData": {
      "1": {
        "RoundOff": -0.18,
        "CashAmount": 768,
        "CardAmount": 0,
        "UPIAmount": 0,
        "DiscountPer": 0,
        "GstData": {
          "DiscountAmount": 0,
          "CGST": 58.59,
          "SGST": 58.59
        }
      }
    },
    "UuId": 8,
    "pk": 8,
    "DateTime": "2024-03-08T07:50:07.377Z"
  },
  {
    "ItemsInOrder": {
      "1": {
        "ItemSerial": 1,
        "Category": "Women",
        "ItemName": "W Saree",
        "ItemNamePk": "5",
        "WashType": "DryWash",
        "WashTypePk": "5",
        "locationPk": "Vizag",
        "location": "Vizag",
        "Pcs": 2,
        "Rate": 120,
        "DisPer": 0,
        "AddOn": "0-0",
        "DeliveryDateTime": "2024-03-08T17:21:28",
        "Total": 240
      }
    },
    "CustomerData": {
      "CustomerName": "suryanarayana",
      "CustomerMobile": "9000830211"
    },
    "OrderData": {
      "BranchName": "Vepagunta",
      "Currentdateandtime": "2024-03-08T17:21:28"
    },
    "AddOnData": {},
    "CheckOutData": {
      "1": {
        "RoundOff": -0.2,
        "CashAmount": 283,
        "CardAmount": 0,
        "UPIAmount": 0,
        "DiscountPer": 0,
        "GstData": {
          "DiscountAmount": 0,
          "CGST": 21.6,
          "SGST": 21.6
        }
      }
    },
    "UuId": 9,
    "pk": 9,
    "DateTime": "2024-03-08T11:54:00.286Z"
  },
  {
    "ItemsInOrder": {
      "2": {
        "ItemSerial": 2,
        "Category": "Men",
        "ItemName": "M Shart",
        "ItemNamePk": "1",
        "WashType": "DryWash",
        "WashTypePk": "1",
        "locationPk": "Vizag",
        "location": "Vizag",
        "Pcs": 2,
        "Rate": 60,
        "DisPer": 0,
        "AddOn": "0-0",
        "DeliveryDateTime": "2024-03-15T17:30:38",
        "Total": 120
      },
      "3": {
        "ItemSerial": 2,
        "Category": "Women",
        "ItemName": "PATTU SAREE",
        "ItemNamePk": "59",
        "WashType": "DryWash",
        "WashTypePk": "59",
        "locationPk": "Vizag",
        "location": "Vizag",
        "Pcs": 3,
        "Rate": 150,
        "DisPer": 0,
        "AddOn": "0-0",
        "DeliveryDateTime": "2024-03-16T17:32:10",
        "Total": 450
      },
      "4": {
        "ItemSerial": 3,
        "Category": "Men",
        "ItemName": "TROUSER",
        "ItemNamePk": "12",
        "WashType": "DryWash",
        "WashTypePk": "12",
        "locationPk": "Vizag",
        "location": "Vizag",
        "Pcs": 3,
        "Rate": 50,
        "DisPer": 0,
        "AddOn": "0-0",
        "DeliveryDateTime": "2024-03-15T17:33:38",
        "Total": 150
      }
    },
    "CustomerData": {
      "CustomerName": "kishor",
      "CustomerMobile": "9968864489"
    },
    "OrderData": {
      "BranchName": "Vepagunta",
      "Currentdateandtime": "2024-03-08T17:30:23"
    },
    "AddOnData": {
      "1": {
        "AddOnService": "m str",
        "AddOnRate": 0,
        "AddOnItemSerial": 2,
        "AddOnImageSerial": ""
      },
      "2": {
        "AddOnService": "stains",
        "AddOnRate": 0,
        "AddOnItemSerial": 3,
        "AddOnImageSerial": ""
      },
      "3": {
        "AddOnService": "m str",
        "AddOnRate": 0,
        "AddOnItemSerial": 4,
        "AddOnImageSerial": ""
      }
    },
    "CheckOutData": {
      "1": {
        "RoundOff": 0.4,
        "CashAmount": 0,
        "CardAmount": 0,
        "UPIAmount": 850,
        "DiscountPer": 0,
        "GstData": {
          "DiscountAmount": 0,
          "CGST": 64.8,
          "SGST": 64.8
        }
      }
    },
    "UuId": 10,
    "pk": 10,
    "DateTime": "2024-03-08T11:59:27.770Z"
  },
  {
    "ItemsInOrder": {
      "1": {
        "ItemSerial": 1,
        "Category": "Men",
        "ItemName": "M Shart",
        "ItemNamePk": "1",
        "WashType": "DryWash",
        "WashTypePk": "1",
        "locationPk": "Vizag",
        "location": "Vizag",
        "Pcs": 4,
        "Rate": 60,
        "DisPer": 0,
        "AddOn": "0-0",
        "DeliveryDateTime": "2024-03-16T14:21:47",
        "Total": 240
      }
    },
    "CustomerData": {
      "CustomerName": "appalanaidu",
      "CustomerMobile": "9000711938"
    },
    "OrderData": {
      "BranchName": "Vepagunta",
      "Currentdateandtime": "2024-03-09T14:21:47"
    },
    "AddOnData": {},
    "CheckOutData": {},
    "UuId": 11,
    "pk": 11,
    "DateTime": "2024-03-09T08:51:03.041Z"
  },
  {
    "ItemsInOrder": {
      "1": {
        "ItemSerial": 1,
        "Category": "Men",
        "ItemName": "M Shart",
        "ItemNamePk": "1",
        "WashType": "DryWash",
        "WashTypePk": "1",
        "locationPk": "Vizag",
        "location": "Vizag",
        "Pcs": 4,
        "Rate": 60,
        "DisPer": 0,
        "AddOn": "0-0",
        "DeliveryDateTime": "2024-03-19T14:30:56",
        "Total": 240
      },
      "2": {
        "ItemSerial": 2,
        "Category": "Men",
        "ItemName": "M Jean",
        "ItemNamePk": "7",
        "WashType": "DryWash",
        "WashTypePk": "7",
        "locationPk": "Vizag",
        "location": "Vizag",
        "Pcs": 2,
        "Rate": 50,
        "DisPer": 0,
        "AddOn": "0-0",
        "DeliveryDateTime": "2024-03-16T14:32:04",
        "Total": 100
      }
    },
    "CustomerData": {
      "CustomerName": "appalanaidu",
      "CustomerMobile": "9000711938"
    },
    "OrderData": {
      "BranchName": "Vepagunta",
      "Currentdateandtime": "2024-03-09T14:30:56"
    },
    "AddOnData": {
      "1": {
        "AddOnService": "m str",
        "AddOnRate": 0,
        "AddOnItemSerial": 1,
        "AddOnImageSerial": ""
      },
      "2": {
        "AddOnService": "stains",
        "AddOnRate": 0,
        "AddOnItemSerial": 2,
        "AddOnImageSerial": ""
      }
    },
    "CheckOutData": {
      "1": {
        "RoundOff": -0.2,
        "CashAmount": 401,
        "CardAmount": 0,
        "UPIAmount": 0,
        "DiscountPer": 0,
        "GstData": {
          "DiscountAmount": 0,
          "CGST": 30.6,
          "SGST": 30.6
        }
      }
    },
    "UuId": 12,
    "pk": 12,
    "DateTime": "2024-03-09T09:00:24.092Z"
  },
  {
    "ItemsInOrder": {
      "1": {
        "ItemSerial": 1,
        "Category": "Women",
        "ItemName": "PATTU SAREE",
        "ItemNamePk": "59",
        "WashType": "DryWash",
        "WashTypePk": "59",
        "locationPk": "Vizag",
        "location": "Vizag",
        "Pcs": 1,
        "Rate": 150,
        "DisPer": 0,
        "AddOn": "0-0",
        "DeliveryDateTime": "2024-03-19T14:36:56",
        "Total": 150
      },
      "2": {
        "ItemSerial": 2,
        "Category": "Women",
        "ItemName": "BLOUSE",
        "ItemNamePk": "64",
        "WashType": "DryWash",
        "WashTypePk": "64",
        "locationPk": "Vizag",
        "location": "Vizag",
        "Pcs": 1,
        "Rate": 30,
        "DisPer": 0,
        "AddOn": "0-0",
        "DeliveryDateTime": "2024-03-16T14:37:22",
        "Total": 30
      }
    },
    "CustomerData": {
      "CustomerName": "lakshmi",
      "CustomerMobile": ""
    },
    "OrderData": {
      "BranchName": "Vepagunta",
      "Currentdateandtime": "2024-03-09T14:36:56"
    },
    "AddOnData": {
      "1": {
        "AddOnService": "stains",
        "AddOnRate": 0,
        "AddOnItemSerial": 1,
        "AddOnImageSerial": ""
      }
    },
    "CheckOutData": {
      "1": {
        "RoundOff": -0.4,
        "CashAmount": 0,
        "CardAmount": 0,
        "UPIAmount": 212,
        "DiscountPer": 0,
        "GstData": {
          "DiscountAmount": 0,
          "CGST": 16.2,
          "SGST": 16.2
        }
      }
    },
    "UuId": 13,
    "pk": 13,
    "DateTime": "2024-03-09T09:06:09.350Z"
  },
  {
    "ItemsInOrder": {
      "1": {
        "ItemSerial": 1,
        "Category": "Women",
        "ItemName": "W Saree",
        "ItemNamePk": "5",
        "WashType": "DryWash",
        "WashTypePk": "5",
        "locationPk": "Vizag",
        "location": "Vizag",
        "Pcs": 1,
        "Rate": 60,
        "DisPer": 0,
        "AddOn": "0-0",
        "DeliveryDateTime": "2024-03-19T14:41:15",
        "Total": 60
      }
    },
    "CustomerData": {
      "CustomerName": "naidu",
      "CustomerMobile": "832837432"
    },
    "OrderData": {
      "BranchName": "Vepagunta",
      "Currentdateandtime": "2024-03-09T14:41:15"
    },
    "AddOnData": {
      "1": {
        "AddOnService": "Rolling",
        "AddOnRate": 0,
        "AddOnItemSerial": 1,
        "AddOnImageSerial": ""
      }
    },
    "CheckOutData": {
      "1": {
        "RoundOff": 0.2,
        "CashAmount": 71,
        "CardAmount": 0,
        "UPIAmount": 0,
        "DiscountPer": 0,
        "GstData": {
          "DiscountAmount": 0,
          "CGST": 5.4,
          "SGST": 5.4
        }
      }
    },
    "UuId": 14,
    "pk": 14,
    "DateTime": "2024-03-09T09:10:25.088Z"
  },
  {
    "ItemsInOrder": {
      "1": {
        "ItemSerial": 1,
        "Category": "Women",
        "ItemName": "PATTU SAREE",
        "ItemNamePk": "59",
        "WashType": "DryWash",
        "WashTypePk": "59",
        "locationPk": "Vizag",
        "location": "Vizag",
        "Pcs": 4,
        "Rate": 150,
        "DisPer": 0,
        "AddOn": "0-0",
        "DeliveryDateTime": "2024-03-20T02:40:11",
        "Total": 600
      },
      "2": {
        "ItemSerial": 2,
        "Category": "Women",
        "ItemName": "BLOUSE",
        "ItemNamePk": "64",
        "WashType": "DryWash",
        "WashTypePk": "64",
        "locationPk": "Vizag",
        "location": "Vizag",
        "Pcs": 4,
        "Rate": 30,
        "DisPer": 0,
        "AddOn": "0-0",
        "DeliveryDateTime": "2024-03-18T02:41",
        "Total": 120
      },
      "3": {
        "ItemSerial": 3,
        "Category": "Kids",
        "ItemName": "K Shart",
        "ItemNamePk": "3",
        "WashType": "DryWash",
        "WashTypePk": "3",
        "locationPk": "Vizag",
        "location": "Vizag",
        "Pcs": 1,
        "Rate": 40,
        "DisPer": 0,
        "AddOn": "0-0",
        "DeliveryDateTime": "2024-03-18T02:41:45",
        "Total": 40
      },
      "4": {
        "ItemSerial": 4,
        "Category": "Kids",
        "ItemName": "K Pant",
        "ItemNamePk": "4",
        "WashType": "DryWash",
        "WashTypePk": "4",
        "locationPk": "Vizag",
        "location": "Vizag",
        "Pcs": 1,
        "Rate": 30,
        "DisPer": 0,
        "AddOn": "0-0",
        "DeliveryDateTime": "2024-03-18T02:42:32",
        "Total": 30
      },
      "5": {
        "ItemSerial": 5,
        "Category": "Kids",
        "ItemName": "PATTU LANGA",
        "ItemNamePk": "90",
        "WashType": "DryWash",
        "WashTypePk": "90",
        "locationPk": "Vizag",
        "location": "Vizag",
        "Pcs": 1,
        "Rate": 100,
        "DisPer": 0,
        "AddOn": "0-0",
        "DeliveryDateTime": "2024-03-18T02:43:18",
        "Total": 100
      },
      "6": {
        "ItemSerial": 6,
        "Category": "Kids",
        "ItemName": "LONG BLOUSE",
        "ItemNamePk": "91",
        "WashType": "DryWash",
        "WashTypePk": "91",
        "locationPk": "Vizag",
        "location": "Vizag",
        "Pcs": 1,
        "Rate": 50,
        "DisPer": 0,
        "AddOn": "0-0",
        "DeliveryDateTime": "2024-03-18T02:43:57",
        "Total": 50
      },
      "7": {
        "ItemSerial": 7,
        "Category": "Others",
        "ItemName": "CAPS",
        "ItemNamePk": "121",
        "WashType": "DryWash",
        "WashTypePk": "121",
        "locationPk": "Vizag",
        "location": "Vizag",
        "Pcs": 1,
        "Rate": 30,
        "DisPer": 0,
        "AddOn": "0-0",
        "DeliveryDateTime": "2024-03-18T02:44:37",
        "Total": 30
      }
    },
    "CustomerData": {
      "CustomerName": "chaudhari",
      "CustomerMobile": "8341912341"
    },
    "OrderData": {
      "BranchName": "Vepagunta",
      "Currentdateandtime": "2024-03-11T02:40:11"
    },
    "AddOnData": {
      "1": {
        "AddOnService": "stains",
        "AddOnRate": 0,
        "AddOnItemSerial": 1,
        "AddOnImageSerial": ""
      },
      "2": {
        "AddOnService": "stains",
        "AddOnRate": 0,
        "AddOnItemSerial": 2,
        "AddOnImageSerial": ""
      },
      "3": {
        "AddOnService": "stains",
        "AddOnRate": 0,
        "AddOnItemSerial": 3,
        "AddOnImageSerial": ""
      },
      "4": {
        "AddOnService": "stains",
        "AddOnRate": 0,
        "AddOnItemSerial": 4,
        "AddOnImageSerial": ""
      },
      "5": {
        "AddOnService": "stains",
        "AddOnRate": 0,
        "AddOnItemSerial": 5,
        "AddOnImageSerial": ""
      },
      "6": {
        "AddOnService": "stains",
        "AddOnRate": 0,
        "AddOnItemSerial": 6,
        "AddOnImageSerial": ""
      }
    },
    "CheckOutData": {
      "1": {
        "RoundOff": 0.4,
        "CashAmount": 0,
        "CardAmount": 0,
        "UPIAmount": 1145,
        "DiscountPer": 0,
        "GstData": {
          "DiscountAmount": 0,
          "CGST": 87.3,
          "SGST": 87.3
        }
      }
    },
    "UuId": 15,
    "pk": 15,
    "DateTime": "2024-03-11T09:40:39.621Z"
  },
  {
    "ItemsInOrder": {
      "1": {
        "ItemSerial": 1,
        "Category": "Women",
        "ItemName": "PATTU SAREE",
        "ItemNamePk": "59",
        "WashType": "DryWash",
        "WashTypePk": "59",
        "locationPk": "Vizag",
        "location": "Vizag",
        "Pcs": 2,
        "Rate": 150,
        "DisPer": 0,
        "AddOn": "0-0",
        "DeliveryDateTime": "2024-03-20T02:50:47",
        "Total": 300
      }
    },
    "CustomerData": {
      "CustomerName": "navya",
      "CustomerMobile": "9553154320"
    },
    "OrderData": {
      "BranchName": "Vepagunta",
      "Currentdateandtime": "2024-03-11T02:50:47"
    },
    "AddOnData": {
      "1": {
        "AddOnService": "m str",
        "AddOnRate": 0,
        "AddOnItemSerial": 1,
        "AddOnImageSerial": ""
      }
    },
    "CheckOutData": {
      "1": {
        "RoundOff": 0,
        "CashAmount": 0,
        "CardAmount": 0,
        "UPIAmount": 354,
        "DiscountPer": 0,
        "GstData": {
          "DiscountAmount": 0,
          "CGST": 27,
          "SGST": 27
        }
      }
    },
    "UuId": 16,
    "pk": 16,
    "DateTime": "2024-03-11T09:51:21.112Z"
  },
  {
    "ItemsInOrder": {
      "1": {
        "ItemSerial": 1,
        "Category": "Women",
        "ItemName": "PATTU SAREE",
        "ItemNamePk": "59",
        "WashType": "DryWash",
        "WashTypePk": "59",
        "locationPk": "Vizag",
        "location": "Vizag",
        "Pcs": 2,
        "Rate": 70,
        "DisPer": 0,
        "AddOn": "0-0",
        "DeliveryDateTime": "2024-03-18T02:55:24",
        "Total": 140
      },
      "2": {
        "ItemSerial": 2,
        "Category": "Women",
        "ItemName": "BLOUSE",
        "ItemNamePk": "64",
        "WashType": "DryWash",
        "WashTypePk": "64",
        "locationPk": "Vizag",
        "location": "Vizag",
        "Pcs": 2,
        "Rate": 30,
        "DisPer": 0,
        "AddOn": "0-0",
        "DeliveryDateTime": "2024-03-18T02:56:11",
        "Total": 60
      }
    },
    "CustomerData": {
      "CustomerName": "sunitha",
      "CustomerMobile": ""
    },
    "OrderData": {
      "BranchName": "Vepagunta",
      "Currentdateandtime": "2024-03-11T02:55:24"
    },
    "AddOnData": {
      "1": {
        "AddOnService": "Rolling",
        "AddOnRate": 0,
        "AddOnItemSerial": 1,
        "AddOnImageSerial": ""
      },
      "2": {
        "AddOnService": "PRS",
        "AddOnRate": 0,
        "AddOnItemSerial": 2,
        "AddOnImageSerial": ""
      }
    },
    "CheckOutData": {
      "1": {
        "RoundOff": 0,
        "CashAmount": 236,
        "CardAmount": 0,
        "UPIAmount": 0,
        "DiscountPer": 0,
        "GstData": {
          "DiscountAmount": 0,
          "CGST": 18,
          "SGST": 18
        }
      }
    },
    "UuId": 17,
    "pk": 17,
    "DateTime": "2024-03-11T09:55:51.870Z"
  },
  {
    "ItemsInOrder": {
      "1": {
        "ItemSerial": 1,
        "Category": "Men",
        "ItemName": "M Shart",
        "ItemNamePk": "1",
        "WashType": "DryWash",
        "WashTypePk": "1",
        "locationPk": "Vizag",
        "location": "Vizag",
        "Pcs": 1,
        "Rate": 40,
        "DisPer": 0,
        "AddOn": "0-0",
        "DeliveryDateTime": "2024-03-18T03:01:34",
        "Total": 40
      }
    },
    "CustomerData": {
      "CustomerName": "satya",
      "CustomerMobile": "9866716633"
    },
    "OrderData": {
      "BranchName": "Vepagunta",
      "Currentdateandtime": "2024-03-11T03:01:34"
    },
    "AddOnData": {
      "1": {
        "AddOnService": "PRS",
        "AddOnRate": 0,
        "AddOnItemSerial": 1,
        "AddOnImageSerial": ""
      }
    },
    "CheckOutData": {
      "1": {
        "RoundOff": -0.2,
        "CashAmount": 0,
        "CardAmount": 47,
        "UPIAmount": 0,
        "DiscountPer": 0,
        "GstData": {
          "DiscountAmount": 0,
          "CGST": 3.6,
          "SGST": 3.6
        }
      }
    },
    "UuId": 18,
    "pk": 18,
    "DateTime": "2024-03-11T10:02:33.381Z"
  },
  {
    "ItemsInOrder": {
      "1": {
        "ItemSerial": 1,
        "Category": "Women",
        "ItemName": "PATTU SAREE",
        "ItemNamePk": "59",
        "WashType": "DryWash",
        "WashTypePk": "59",
        "locationPk": "Vizag",
        "location": "Vizag",
        "Pcs": 1,
        "Rate": 150,
        "DisPer": 0,
        "AddOn": "0-0",
        "DeliveryDateTime": "2024-03-20T01:42:44",
        "Total": 150
      },
      "2": {
        "ItemSerial": 2,
        "Category": "Women",
        "ItemName": "BLOUSE",
        "ItemNamePk": "64",
        "WashType": "DryWash",
        "WashTypePk": "64",
        "locationPk": "Vizag",
        "location": "Vizag",
        "Pcs": 1,
        "Rate": 30,
        "DisPer": 0,
        "AddOn": "0-0",
        "DeliveryDateTime": "2024-03-20T01:43:28",
        "Total": 30
      }
    },
    "CustomerData": {
      "CustomerName": "siva",
      "CustomerMobile": "9966726577"
    },
    "OrderData": {
      "BranchName": "Vepagunta",
      "Currentdateandtime": "2024-03-13T01:42:44"
    },
    "AddOnData": {
      "1": {
        "AddOnService": "L Str",
        "AddOnRate": 0,
        "AddOnItemSerial": 1,
        "AddOnImageSerial": ""
      },
      "2": {
        "AddOnService": "stains",
        "AddOnRate": 0,
        "AddOnItemSerial": 2,
        "AddOnImageSerial": ""
      }
    },
    "CheckOutData": {
      "1": {
        "RoundOff": -0.4,
        "CashAmount": 212,
        "CardAmount": 0,
        "UPIAmount": 0,
        "DiscountPer": 0,
        "GstData": {
          "DiscountAmount": 0,
          "CGST": 16.2,
          "SGST": 16.2
        }
      }
    },
    "UuId": 19,
    "pk": 19,
    "DateTime": "2024-03-13T08:42:51.834Z"
  },
  {
    "ItemsInOrder": {
      "1": {
        "ItemSerial": 1,
        "Category": "Men",
        "ItemName": "BLZER",
        "ItemNamePk": "25",
        "WashType": "DryWash",
        "WashTypePk": "25",
        "locationPk": "Vizag",
        "location": "Vizag",
        "Pcs": 1,
        "Rate": 250,
        "DisPer": 0,
        "AddOn": "0-0",
        "DeliveryDateTime": "2024-03-23T01:46:55",
        "Total": 250
      },
      "2": {
        "ItemSerial": 2,
        "Category": "Women",
        "ItemName": "SAREE",
        "ItemNamePk": "58",
        "WashType": "DryWash",
        "WashTypePk": "58",
        "locationPk": "Vizag",
        "location": "Vizag",
        "Pcs": 6,
        "Rate": 120,
        "DisPer": 0,
        "AddOn": "0-0",
        "DeliveryDateTime": "2024-03-23T01:47:58",
        "Total": 720
      },
      "3": {
        "ItemSerial": 3,
        "Category": "Women",
        "ItemName": "BLOUSE",
        "ItemNamePk": "64",
        "WashType": "DryWash",
        "WashTypePk": "64",
        "locationPk": "Vizag",
        "location": "Vizag",
        "Pcs": 4,
        "Rate": 30,
        "DisPer": 0,
        "AddOn": "0-0",
        "DeliveryDateTime": "2024-03-23T01:49:01",
        "Total": 120
      }
    },
    "CustomerData": {
      "CustomerName": "varma",
      "CustomerMobile": "9885710888"
    },
    "OrderData": {
      "BranchName": "Vepagunta",
      "Currentdateandtime": "2024-03-13T01:46:55"
    },
    "AddOnData": {
      "1": {
        "AddOnService": "stains",
        "AddOnRate": 0,
        "AddOnItemSerial": 1,
        "AddOnImageSerial": ""
      },
      "2": {
        "AddOnService": "L Str",
        "AddOnRate": 0,
        "AddOnItemSerial": 2,
        "AddOnImageSerial": ""
      }
    },
    "CheckOutData": {
      "1": {
        "RoundOff": -0.2,
        "CashAmount": 1286,
        "CardAmount": 0,
        "UPIAmount": 0,
        "DiscountPer": 0,
        "GstData": {
          "DiscountAmount": 0,
          "CGST": 98.1,
          "SGST": 98.1
        }
      }
    },
    "UuId": 20,
    "pk": 20,
    "DateTime": "2024-03-13T08:47:33.428Z"
  },
  {
    "ItemsInOrder": {
      "1": {
        "ItemSerial": 1,
        "Category": "Men",
        "ItemName": "M Shart",
        "ItemNamePk": "1",
        "WashType": "DryWash",
        "WashTypePk": "1",
        "locationPk": "Vizag",
        "location": "Vizag",
        "Pcs": 3,
        "Rate": 60,
        "DisPer": 0,
        "AddOn": "0-0",
        "DeliveryDateTime": "2024-03-23T01:51:59",
        "Total": 180
      }
    },
    "CustomerData": {
      "CustomerName": "ramesh",
      "CustomerMobile": "9866224812"
    },
    "OrderData": {
      "BranchName": "Vepagunta",
      "Currentdateandtime": "2024-03-13T01:51:59"
    },
    "AddOnData": {
      "1": {
        "AddOnService": "m str",
        "AddOnRate": 0,
        "AddOnItemSerial": 1,
        "AddOnImageSerial": ""
      }
    },
    "CheckOutData": {
      "1": {
        "RoundOff": -0.4,
        "CashAmount": 0,
        "CardAmount": 0,
        "UPIAmount": 212,
        "DiscountPer": 0,
        "GstData": {
          "DiscountAmount": 0,
          "CGST": 16.2,
          "SGST": 16.2
        }
      }
    },
    "UuId": 21,
    "pk": 21,
    "DateTime": "2024-03-13T08:52:25.624Z"
  },
  {
    "ItemsInOrder": {
      "1": {
        "ItemSerial": 1,
        "Category": "Men",
        "ItemName": "M Shart",
        "ItemNamePk": "1",
        "WashType": "DryWash",
        "WashTypePk": "1",
        "locationPk": "Vizag",
        "location": "Vizag",
        "Pcs": 25,
        "Rate": 60,
        "DisPer": 0,
        "AddOn": "0-0",
        "DeliveryDateTime": "2024-03-23T01:56:21",
        "Total": 1500
      },
      "2": {
        "ItemSerial": 2,
        "Category": "Men",
        "ItemName": "TROUSER",
        "ItemNamePk": "12",
        "WashType": "DryWash",
        "WashTypePk": "12",
        "locationPk": "Vizag",
        "location": "Vizag",
        "Pcs": 10,
        "Rate": 50,
        "DisPer": 0,
        "AddOn": "0-0",
        "DeliveryDateTime": "2024-03-23T01:57:31",
        "Total": 500
      },
      "3": {
        "ItemSerial": 3,
        "Category": "Men",
        "ItemName": "T SHIRT",
        "ItemNamePk": "13",
        "WashType": "DryWash",
        "WashTypePk": "13",
        "locationPk": "Vizag",
        "location": "Vizag",
        "Pcs": 2,
        "Rate": 60,
        "DisPer": 0,
        "AddOn": "0-0",
        "DeliveryDateTime": "2024-03-23T01:58:09",
        "Total": 120
      },
      "4": {
        "ItemSerial": 4,
        "Category": "Men",
        "ItemName": "WAIST COAT",
        "ItemNamePk": "31",
        "WashType": "DryWash",
        "WashTypePk": "31",
        "locationPk": "Vizag",
        "location": "Vizag",
        "Pcs": 4,
        "Rate": 60,
        "DisPer": 0,
        "AddOn": "0-0",
        "DeliveryDateTime": "2024-03-20T01:58:51",
        "Total": 240
      }
    },
    "CustomerData": {
      "CustomerName": "ravikumar",
      "CustomerMobile": "8919707730"
    },
    "OrderData": {
      "BranchName": "Vepagunta",
      "Currentdateandtime": "2024-03-13T01:56:21"
    },
    "AddOnData": {
      "1": {
        "AddOnService": "m str",
        "AddOnRate": 0,
        "AddOnItemSerial": 1,
        "AddOnImageSerial": ""
      },
      "2": {
        "AddOnService": "stains",
        "AddOnRate": 0,
        "AddOnItemSerial": 2,
        "AddOnImageSerial": ""
      },
      "3": {
        "AddOnService": "stains",
        "AddOnRate": 0,
        "AddOnItemSerial": 3,
        "AddOnImageSerial": ""
      },
      "4": {
        "AddOnService": "stains",
        "AddOnRate": 0,
        "AddOnItemSerial": 4,
        "AddOnImageSerial": ""
      }
    },
    "CheckOutData": {
      "1": {
        "RoundOff": 0.2,
        "CashAmount": 0,
        "CardAmount": 0,
        "UPIAmount": 2785,
        "DiscountPer": 0,
        "GstData": {
          "DiscountAmount": 0,
          "CGST": 212.4,
          "SGST": 212.4
        }
      }
    },
    "UuId": 22,
    "pk": 22,
    "DateTime": "2024-03-13T08:56:51.871Z"
  },
  {
    "ItemsInOrder": {
      "1": {
        "ItemSerial": 1,
        "Category": "Women",
        "ItemName": "SAREE",
        "ItemNamePk": "58",
        "WashType": "DryWash",
        "WashTypePk": "58",
        "locationPk": "Vizag",
        "location": "Vizag",
        "Pcs": 10,
        "Rate": 60,
        "DisPer": 0,
        "AddOn": "0-0",
        "DeliveryDateTime": "2024-03-23T02:05:12",
        "Total": 600
      }
    },
    "CustomerData": {
      "CustomerName": "sujatha",
      "CustomerMobile": "9248378766"
    },
    "OrderData": {
      "BranchName": "Vepagunta",
      "Currentdateandtime": "2024-03-13T02:05:12"
    },
    "AddOnData": {
      "1": {
        "AddOnService": "Rolling",
        "AddOnRate": 0,
        "AddOnItemSerial": 1,
        "AddOnImageSerial": ""
      }
    },
    "CheckOutData": {
      "1": {
        "RoundOff": 0,
        "CashAmount": 708,
        "CardAmount": 0,
        "UPIAmount": 0,
        "DiscountPer": 0,
        "GstData": {
          "DiscountAmount": 0,
          "CGST": 54,
          "SGST": 54
        }
      }
    },
    "UuId": 23,
    "pk": 23,
    "DateTime": "2024-03-13T09:05:39.029Z"
  },
  {
    "ItemsInOrder": {
      "1": {
        "ItemSerial": 1,
        "Category": "Men",
        "ItemName": "M Shart",
        "ItemNamePk": "1",
        "WashType": "DryWash",
        "WashTypePk": "1",
        "locationPk": "Vizag",
        "location": "Vizag",
        "Pcs": 1,
        "Rate": 45,
        "DisPer": 0,
        "AddOn": "0-0",
        "DeliveryDateTime": "2024-03-20T05:15:36",
        "Total": 45
      },
      "2": {
        "ItemSerial": 2,
        "Category": "Women",
        "ItemName": "LONG TOP",
        "ItemNamePk": "45",
        "WashType": "DryWash",
        "WashTypePk": "45",
        "locationPk": "Vizag",
        "location": "Vizag",
        "Pcs": 1,
        "Rate": 200,
        "DisPer": 0,
        "AddOn": "0-0",
        "DeliveryDateTime": "2024-03-20T05:15:48",
        "Total": 200
      },
      "3": {
        "ItemSerial": 3,
        "Category": "Men",
        "ItemName": "SILK SHIRT",
        "ItemNamePk": "9",
        "WashType": "DryWash",
        "WashTypePk": "9",
        "locationPk": "Vizag",
        "location": "Vizag",
        "Pcs": 1,
        "Rate": 80,
        "DisPer": 0,
        "AddOn": "0-0",
        "DeliveryDateTime": "2024-03-20T05:15:59",
        "Total": 80
      },
      "4": {
        "ItemSerial": 4,
        "Category": "Men",
        "ItemName": "KURTHA(NORMAL)",
        "ItemNamePk": "14",
        "WashType": "DryWash",
        "WashTypePk": "14",
        "locationPk": "Vizag",
        "location": "Vizag",
        "Pcs": 1,
        "Rate": 150,
        "DisPer": 0,
        "AddOn": "0-0",
        "DeliveryDateTime": "2024-03-20T05:16:12",
        "Total": 150
      }
    },
    "CustomerData": {
      "CustomerName": "reddy lllll",
      "CustomerMobile": "1010101010"
    },
    "OrderData": {
      "BranchName": "Vepagunta",
      "Currentdateandtime": "2024-03-13T05:15:36"
    },
    "AddOnData": {
      "1": {
        "AddOnService": "Starch",
        "AddOnRate": 50,
        "AddOnItemSerial": 1,
        "AddOnImageSerial": ""
      },
      "2": {
        "AddOnService": "H STR",
        "AddOnRate": 70,
        "AddOnItemSerial": 4,
        "AddOnImageSerial": ""
      }
    },
    "CheckOutData": {
      "1": {
        "RoundOff": 0.01,
        "CashAmount": 600,
        "CardAmount": 67,
        "UPIAmount": 0,
        "DiscountPer": 5,
        "GstData": {
          "DiscountAmount": 29.75,
          "CGST": 50.87,
          "SGST": 50.87
        }
      }
    },
    "UuId": 24,
    "pk": 24,
    "DateTime": "2024-03-13T12:15:37.386Z"
  },
  {
    "ItemsInOrder": {
      "1": {
        "ItemSerial": 1,
        "Category": "Men",
        "ItemName": "M Pant",
        "ItemNamePk": "2",
        "WashType": "DryWash",
        "WashTypePk": "2",
        "locationPk": "Vizag",
        "location": "Vizag",
        "Pcs": 1,
        "Rate": 50,
        "DisPer": 0,
        "AddOn": "0-0",
        "DeliveryDateTime": "2024-03-23T05:35:12",
        "Total": 50
      }
    },
    "CustomerData": {
      "CustomerName": "reddy uuu",
      "CustomerMobile": "9999887877"
    },
    "OrderData": {
      "BranchName": "Vepagunta",
      "Currentdateandtime": "2024-03-13T05:35:13"
    },
    "AddOnData": {
      "1": {
        "AddOnService": "m str",
        "AddOnRate": 30,
        "AddOnItemSerial": 1,
        "AddOnImageSerial": ""
      },
      "2": {
        "AddOnService": "polishing",
        "AddOnRate": 80,
        "AddOnItemSerial": 1,
        "AddOnImageSerial": ""
      }
    },
    "CheckOutData": {
      "1": {
        "RoundOff": 0.2,
        "CashAmount": 189,
        "CardAmount": 0,
        "UPIAmount": 0,
        "DiscountPer": 0,
        "GstData": {
          "DiscountAmount": 0,
          "CGST": 14.4,
          "SGST": 14.4
        }
      }
    },
    "UuId": 25,
    "pk": 25,
    "DateTime": "2024-03-13T12:35:33.366Z"
  },
  {
    "ItemsInOrder": {
      "1": {
        "ItemSerial": 1,
        "Category": "Women",
        "ItemName": "PATTU SAREE",
        "ItemNamePk": "59",
        "WashType": "DryWash",
        "WashTypePk": "59",
        "locationPk": "Vizag",
        "location": "Vizag",
        "Pcs": 2,
        "Rate": 150,
        "DisPer": 0,
        "AddOn": "0-0",
        "DeliveryDateTime": "2024-03-23T05:51:14",
        "Total": 300
      },
      "2": {
        "ItemSerial": 2,
        "Category": "Women",
        "ItemName": "NET TOP",
        "ItemNamePk": "44",
        "WashType": "DryWash",
        "WashTypePk": "44",
        "locationPk": "Vizag",
        "location": "Vizag",
        "Pcs": 2,
        "Rate": 200,
        "DisPer": 0,
        "AddOn": "0-0",
        "DeliveryDateTime": "2024-03-20T05:51:40",
        "Total": 400
      },
      "3": {
        "ItemSerial": 3,
        "Category": "Women",
        "ItemName": "BOTTOM",
        "ItemNamePk": "49",
        "WashType": "DryWash",
        "WashTypePk": "49",
        "locationPk": "Vizag",
        "location": "Vizag",
        "Pcs": 6,
        "Rate": 50,
        "DisPer": 0,
        "AddOn": "0-0",
        "DeliveryDateTime": "2024-03-20T05:52:28",
        "Total": 300
      }
    },
    "CustomerData": {
      "CustomerName": "shanti",
      "CustomerMobile": "9963853964"
    },
    "OrderData": {
      "BranchName": "Vepagunta",
      "Currentdateandtime": "2024-03-13T05:51:14"
    },
    "AddOnData": {
      "1": {
        "AddOnService": "stains",
        "AddOnRate": 0,
        "AddOnItemSerial": 1,
        "AddOnImageSerial": ""
      },
      "2": {
        "AddOnService": "stains",
        "AddOnRate": 0,
        "AddOnItemSerial": 2,
        "AddOnImageSerial": ""
      },
      "3": {
        "AddOnService": "stains",
        "AddOnRate": 0,
        "AddOnItemSerial": 3,
        "AddOnImageSerial": ""
      }
    },
    "CheckOutData": {
      "1": {
        "RoundOff": 0,
        "CashAmount": 1121,
        "CardAmount": 0,
        "UPIAmount": 0,
        "DiscountPer": 5,
        "GstData": {
          "DiscountAmount": 50,
          "CGST": 85.5,
          "SGST": 85.5
        }
      }
    },
    "UuId": 26,
    "pk": 26,
    "DateTime": "2024-03-13T12:51:31.456Z"
  }
]