[
  {
    "ItemsInOrder": {
      "1": {
        "ItemSerial": 1,
        "Category": "Men",
        "ItemName": "T SHIRT",
        "ItemNamePk": "13",
        "WashType": "DryWash",
        "WashTypePk": "13",
        "locationPk": "Vizag",
        "location": "Vizag",
        "Pcs": 2,
        "Rate": 60,
        "DisPer": 0,
        "AddOn": "0-0",
        "DeliveryDateTime": "2024-03-15T12:30:23",
        "Total": 120
      },
      "2": {
        "ItemSerial": 2,
        "Category": "Women",
        "ItemName": "JERY SAREE",
        "ItemNamePk": "61",
        "WashType": "DryWash",
        "WashTypePk": "61",
        "locationPk": "Vizag",
        "location": "Vizag",
        "Pcs": 1,
        "Rate": 200,
        "DisPer": 0,
        "AddOn": "0-0",
        "DeliveryDateTime": "2024-03-15T12:30:54",
        "Total": 200
      }
    },
    "CustomerData": {
      "CustomerName": "bharathi",
      "CustomerMobile": "9044499399"
    },
    "OrderData": {
      "BranchName": "VudaComplex",
      "Currentdateandtime": "2024-03-08T12:30:23"
    },
    "AddOnData": {
      "1": {
        "AddOnService": "stains",
        "AddOnRate": 0,
        "AddOnItemSerial": 1,
        "AddOnImageSerial": ""
      },
      "2": {
        "AddOnService": "m str",
        "AddOnRate": 0,
        "AddOnItemSerial": 2,
        "AddOnImageSerial": ""
      }
    },
    "CheckOutData": {
      "1": {
        "RoundOff": 0.4,
        "CashAmount": 378,
        "CardAmount": 0,
        "UPIAmount": 0,
        "DiscountPer": 0,
        "GstData": {
          "DiscountAmount": 0,
          "CGST": 28.8,
          "SGST": 28.8
        }
      }
    },
    "UuId": 1,
    "pk": 1,
    "DateTime": "2024-03-08T07:00:35.651Z"
  },
  {
    "ItemsInOrder": {
      "1": {
        "ItemSerial": 1,
        "Category": "Men",
        "ItemName": "M Pant",
        "ItemNamePk": "2",
        "WashType": "DryWash",
        "WashTypePk": "2",
        "locationPk": "Vizag",
        "location": "Vizag",
        "Pcs": 5,
        "Rate": 51,
        "DisPer": 0,
        "AddOn": "0-0",
        "DeliveryDateTime": "2024-03-15T12:33:12",
        "Total": 255
      },
      "2": {
        "ItemSerial": 2,
        "Category": "Women",
        "ItemName": "W Saree",
        "ItemNamePk": "5",
        "WashType": "DryWash",
        "WashTypePk": "5",
        "locationPk": "Vizag",
        "location": "Vizag",
        "Pcs": 1,
        "Rate": 60,
        "DisPer": 0,
        "AddOn": "0-0",
        "DeliveryDateTime": "2024-03-15T12:35:05",
        "Total": 60
      }
    },
    "CustomerData": {
      "CustomerName": "bharathi",
      "CustomerMobile": "9044499399"
    },
    "OrderData": {
      "BranchName": "VudaComplex",
      "Currentdateandtime": "2024-03-08T12:33:12"
    },
    "AddOnData": {
      "1": {
        "AddOnService": "m str",
        "AddOnRate": 0,
        "AddOnItemSerial": 1,
        "AddOnImageSerial": ""
      }
    },
    "CheckOutData": {
      "1": {
        "RoundOff": 0.3,
        "CashAmount": 372,
        "CardAmount": 0,
        "UPIAmount": 0,
        "DiscountPer": 0,
        "GstData": {
          "DiscountAmount": 0,
          "CGST": 28.35,
          "SGST": 28.35
        }
      }
    },
    "UuId": 2,
    "pk": 2,
    "DateTime": "2024-03-08T07:03:28.604Z"
  },
  {
    "ItemsInOrder": {
      "1": {
        "ItemSerial": 1,
        "Category": "Men",
        "ItemName": "LUNGI",
        "ItemNamePk": "33",
        "WashType": "DryWash",
        "WashTypePk": "33",
        "locationPk": "Vizag",
        "location": "Vizag",
        "Pcs": 1,
        "Rate": 50,
        "DisPer": 0,
        "AddOn": "0-0",
        "DeliveryDateTime": "2024-03-15T17:23:33",
        "Total": 50
      },
      "2": {
        "ItemSerial": 2,
        "Category": "Women",
        "ItemName": "TOP(NORMAL)",
        "ItemNamePk": "43",
        "WashType": "DryWash",
        "WashTypePk": "43",
        "locationPk": "Vizag",
        "location": "Vizag",
        "Pcs": 1,
        "Rate": 130,
        "DisPer": 0,
        "AddOn": "0-0",
        "DeliveryDateTime": "2024-03-15T17:23:45",
        "Total": 130
      },
      "3": {
        "ItemSerial": 3,
        "Category": "Kids",
        "ItemName": "K VEST",
        "ItemNamePk": "82",
        "WashType": "DryWash",
        "WashTypePk": "82",
        "locationPk": "Vizag",
        "location": "Vizag",
        "Pcs": 1,
        "Rate": 30,
        "DisPer": 0,
        "AddOn": "0-0",
        "DeliveryDateTime": "2024-03-15T17:24:12",
        "Total": 30
      }
    },
    "CustomerData": {
      "CustomerName": "reddy kk",
      "CustomerMobile": "9703827111"
    },
    "OrderData": {
      "BranchName": "VudaComplex",
      "Currentdateandtime": "2024-03-08T17:23:33"
    },
    "AddOnData": {
      "1": {
        "AddOnService": "Starch",
        "AddOnRate": 30,
        "AddOnItemSerial": 1,
        "AddOnImageSerial": ""
      },
      "2": {
        "AddOnService": "PW",
        "AddOnRate": 800,
        "AddOnItemSerial": 2,
        "AddOnImageSerial": ""
      }
    },
    "CheckOutData": {
      "1": {
        "RoundOff": -0.48,
        "CashAmount": 1000,
        "CardAmount": 104,
        "UPIAmount": 0,
        "DiscountPer": 10,
        "GstData": {
          "DiscountAmount": 104,
          "CGST": 84.24,
          "SGST": 84.24
        }
      }
    },
    "UuId": 3,
    "pk": 3,
    "DateTime": "2024-03-08T11:53:52.469Z"
  },
  {
    "ItemsInOrder": {
      "1": {
        "ItemSerial": 1,
        "Category": "Men",
        "ItemName": "M Pant",
        "ItemNamePk": "2",
        "WashType": "DryWash",
        "WashTypePk": "2",
        "locationPk": "Vizag",
        "location": "Vizag",
        "Pcs": 5,
        "Rate": 50,
        "DisPer": 0,
        "AddOn": "0-0",
        "DeliveryDateTime": "2024-03-15T17:41:04",
        "Total": 250
      },
      "2": {
        "ItemSerial": 2,
        "Category": "Women",
        "ItemName": "NET SAREE",
        "ItemNamePk": "62",
        "WashType": "DryWash",
        "WashTypePk": "62",
        "locationPk": "Vizag",
        "location": "Vizag",
        "Pcs": 1,
        "Rate": 200,
        "DisPer": 0,
        "AddOn": "0-0",
        "DeliveryDateTime": "2024-03-15T17:41:25",
        "Total": 200
      },
      "3": {
        "ItemSerial": 3,
        "Category": "Men",
        "ItemName": "M Shart",
        "ItemNamePk": "1",
        "WashType": "DryWash",
        "WashTypePk": "1",
        "locationPk": "Vizag",
        "location": "Vizag",
        "Pcs": 1,
        "Rate": 45,
        "DisPer": 0,
        "AddOn": "0-0",
        "DeliveryDateTime": "2024-03-15T17:42:32",
        "Total": 45
      }
    },
    "CustomerData": {
      "CustomerName": "reddy kk",
      "CustomerMobile": "9703827111"
    },
    "OrderData": {
      "BranchName": "VudaComplex",
      "Currentdateandtime": "2024-03-08T17:41:04"
    },
    "AddOnData": {
      "1": {
        "AddOnService": "stains",
        "AddOnRate": 10,
        "AddOnItemSerial": 1,
        "AddOnImageSerial": ""
      },
      "2": {
        "AddOnService": "stains",
        "AddOnRate": 10,
        "AddOnItemSerial": 3,
        "AddOnImageSerial": ""
      }
    },
    "CheckOutData": {
      "1": {
        "RoundOff": -0.31,
        "CashAmount": 500,
        "CardAmount": 0,
        "UPIAmount": 77,
        "DiscountPer": 5,
        "GstData": {
          "DiscountAmount": 25.75,
          "CGST": 44.03,
          "SGST": 44.03
        }
      }
    },
    "UuId": 4,
    "pk": 4,
    "DateTime": "2024-03-08T12:11:31.555Z"
  },
  {
    "ItemsInOrder": {
      "2": {
        "ItemSerial": 2,
        "Category": "Men",
        "ItemName": "M Shart",
        "ItemNamePk": "1",
        "WashType": "DryWash",
        "WashTypePk": "1",
        "locationPk": "Vizag",
        "location": "Vizag",
        "Pcs": 2,
        "Rate": 60,
        "DisPer": 0,
        "AddOn": "0-0",
        "DeliveryDateTime": "2024-03-20T14:28:48",
        "Total": 120
      },
      "3": {
        "ItemSerial": 2,
        "Category": "Men",
        "ItemName": "T SHIRT",
        "ItemNamePk": "13",
        "WashType": "DryWash",
        "WashTypePk": "13",
        "locationPk": "Vizag",
        "location": "Vizag",
        "Pcs": 1,
        "Rate": 60,
        "DisPer": 0,
        "AddOn": "0-0",
        "DeliveryDateTime": "2024-03-20T14:29:45",
        "Total": 60
      }
    },
    "CustomerData": {
      "CustomerName": "sai taja",
      "CustomerMobile": "7670995891"
    },
    "OrderData": {
      "BranchName": "VudaComplex",
      "Currentdateandtime": "2024-03-09T14:28:32"
    },
    "AddOnData": {
      "1": {
        "AddOnService": "m str",
        "AddOnRate": 0,
        "AddOnItemSerial": 2,
        "AddOnImageSerial": ""
      }
    },
    "CheckOutData": {
      "1": {
        "RoundOff": -0.4,
        "CashAmount": 212,
        "CardAmount": 0,
        "UPIAmount": 0,
        "DiscountPer": 0,
        "GstData": {
          "DiscountAmount": 0,
          "CGST": 16.2,
          "SGST": 16.2
        }
      }
    },
    "UuId": 5,
    "pk": 5,
    "DateTime": "2024-03-09T08:58:55.260Z"
  },
  {
    "ItemsInOrder": {
      "1": {
        "ItemSerial": 1,
        "Category": "Women",
        "ItemName": "W Saree",
        "ItemNamePk": "5",
        "WashType": "DryWash",
        "WashTypePk": "5",
        "locationPk": "Vizag",
        "location": "Vizag",
        "Pcs": 1,
        "Rate": 60,
        "DisPer": 0,
        "AddOn": "0-0",
        "DeliveryDateTime": "2024-03-16T14:31:47",
        "Total": 60
      }
    },
    "CustomerData": {
      "CustomerName": "dharma",
      "CustomerMobile": "9059346364"
    },
    "OrderData": {
      "BranchName": "VudaComplex",
      "Currentdateandtime": "2024-03-09T14:31:47"
    },
    "AddOnData": {
      "1": {
        "AddOnService": "RL",
        "AddOnRate": 90,
        "AddOnItemSerial": 1,
        "AddOnImageSerial": ""
      }
    },
    "CheckOutData": {},
    "UuId": 6,
    "pk": 6,
    "DateTime": "2024-03-09T09:02:29.571Z"
  },
  {
    "ItemsInOrder": {
      "1": {
        "ItemSerial": 1,
        "Category": "Women",
        "ItemName": "W Saree",
        "ItemNamePk": "5",
        "WashType": "DryWash",
        "WashTypePk": "5",
        "locationPk": "Vizag",
        "location": "Vizag",
        "Pcs": 1,
        "Rate": 90,
        "DisPer": 0,
        "AddOn": "0-0",
        "DeliveryDateTime": "2024-03-14T14:33:49",
        "Total": 90
      }
    },
    "CustomerData": {
      "CustomerName": "dharma",
      "CustomerMobile": "9059346364"
    },
    "OrderData": {
      "BranchName": "VudaComplex",
      "Currentdateandtime": "2024-03-09T14:33:49"
    },
    "AddOnData": {
      "1": {
        "AddOnService": "RL",
        "AddOnRate": 90,
        "AddOnItemSerial": 1,
        "AddOnImageSerial": ""
      }
    },
    "CheckOutData": {},
    "UuId": 7,
    "pk": 7,
    "DateTime": "2024-03-09T09:04:18.042Z"
  },
  {
    "ItemsInOrder": {},
    "CustomerData": {
      "CustomerName": "m lakshmi",
      "CustomerMobile": "9866339299"
    },
    "OrderData": {
      "BranchName": "VudaComplex",
      "Currentdateandtime": "2024-03-09T14:37:17"
    },
    "AddOnData": {
      "1": {
        "AddOnService": "RL",
        "AddOnRate": 90,
        "AddOnItemSerial": 3,
        "AddOnImageSerial": ""
      }
    },
    "CheckOutData": {},
    "UuId": 8,
    "pk": 8,
    "DateTime": "2024-03-09T09:07:31.212Z"
  },
  {
    "ItemsInOrder": {
      "1": {
        "ItemSerial": 1,
        "Category": "Men",
        "ItemName": "M Shart",
        "ItemNamePk": "1",
        "WashType": "DryWash",
        "WashTypePk": "1",
        "locationPk": "Vizag",
        "location": "Vizag",
        "Pcs": 11,
        "Rate": 60,
        "DisPer": 0,
        "AddOn": "0-0",
        "DeliveryDateTime": "2024-03-18T18:49:41",
        "Total": 660
      },
      "2": {
        "ItemSerial": 2,
        "Category": "Women",
        "ItemName": "BLOUSE",
        "ItemNamePk": "64",
        "WashType": "DryWash",
        "WashTypePk": "64",
        "locationPk": "Vizag",
        "location": "Vizag",
        "Pcs": 1,
        "Rate": 40,
        "DisPer": 0,
        "AddOn": "0-0",
        "DeliveryDateTime": "2024-03-18T18:50:02",
        "Total": 40
      },
      "3": {
        "ItemSerial": 3,
        "Category": "Women",
        "ItemName": "TOP(NORMAL)",
        "ItemNamePk": "43",
        "WashType": "DryWash",
        "WashTypePk": "43",
        "locationPk": "Vizag",
        "location": "Vizag",
        "Pcs": 2,
        "Rate": 100,
        "DisPer": 0,
        "AddOn": "0-0",
        "DeliveryDateTime": "2024-03-18T18:50:43",
        "Total": 200
      }
    },
    "CustomerData": {
      "CustomerName": "t anusha",
      "CustomerMobile": "7396288666"
    },
    "OrderData": {
      "BranchName": "VudaComplex",
      "Currentdateandtime": "2024-03-11T18:48:25"
    },
    "AddOnData": {},
    "CheckOutData": {},
    "UuId": 9,
    "pk": 9,
    "DateTime": "2024-03-11T13:19:02.120Z"
  },
  {
    "ItemsInOrder": {
      "1": {
        "ItemSerial": 1,
        "Category": "Men",
        "ItemName": "M Shart",
        "ItemNamePk": "1",
        "WashType": "DryWash",
        "WashTypePk": "1",
        "locationPk": "Vizag",
        "location": "Vizag",
        "Pcs": 10,
        "Rate": 60,
        "DisPer": 0,
        "AddOn": "0-0",
        "DeliveryDateTime": "2024-03-18T18:52:21",
        "Total": 600
      },
      "2": {
        "ItemSerial": 2,
        "Category": "Women",
        "ItemName": "BLOUSE",
        "ItemNamePk": "64",
        "WashType": "DryWash",
        "WashTypePk": "64",
        "locationPk": "Vizag",
        "location": "Vizag",
        "Pcs": 1,
        "Rate": 40,
        "DisPer": 0,
        "AddOn": "0-0",
        "DeliveryDateTime": "2024-03-18T18:52:33",
        "Total": 40
      },
      "3": {
        "ItemSerial": 3,
        "Category": "Women",
        "ItemName": "TOP(NORMAL)",
        "ItemNamePk": "43",
        "WashType": "DryWash",
        "WashTypePk": "43",
        "locationPk": "Vizag",
        "location": "Vizag",
        "Pcs": 2,
        "Rate": 100,
        "DisPer": 0,
        "AddOn": "0-0",
        "DeliveryDateTime": "2024-03-18T18:52:47",
        "Total": 200
      }
    },
    "CustomerData": {
      "CustomerName": "t anusha",
      "CustomerMobile": "7396288666"
    },
    "OrderData": {
      "BranchName": "VudaComplex",
      "Currentdateandtime": "2024-03-11T18:52:21"
    },
    "AddOnData": {},
    "CheckOutData": {
      "1": {
        "RoundOff": -0.2,
        "CashAmount": 991,
        "CardAmount": 0,
        "UPIAmount": 0,
        "DiscountPer": 0,
        "GstData": {
          "DiscountAmount": 0,
          "CGST": 75.6,
          "SGST": 75.6
        }
      }
    },
    "UuId": 10,
    "pk": 10,
    "DateTime": "2024-03-11T13:22:32.494Z"
  },
  {
    "ItemsInOrder": {
      "1": {
        "ItemSerial": 1,
        "Category": "Others",
        "ItemName": "QULIT(DOUBLE)",
        "ItemNamePk": "99",
        "WashType": "DryWash",
        "WashTypePk": "99",
        "locationPk": "Vizag",
        "location": "Vizag",
        "Pcs": 1,
        "Rate": 450,
        "DisPer": 0,
        "AddOn": "0-0",
        "DeliveryDateTime": "2024-03-18T18:54:22",
        "Total": 450
      }
    },
    "CustomerData": {
      "CustomerName": "vijaya kumar",
      "CustomerMobile": "9440195108"
    },
    "OrderData": {
      "BranchName": "VudaComplex",
      "Currentdateandtime": "2024-03-11T18:54:22"
    },
    "AddOnData": {},
    "CheckOutData": {
      "1": {
        "RoundOff": 0,
        "CashAmount": 531,
        "CardAmount": 0,
        "UPIAmount": 0,
        "DiscountPer": 0,
        "GstData": {
          "DiscountAmount": 0,
          "CGST": 40.5,
          "SGST": 40.5
        }
      }
    },
    "UuId": 11,
    "pk": 11,
    "DateTime": "2024-03-11T13:24:48.884Z"
  },
  {
    "ItemsInOrder": {
      "1": {
        "ItemSerial": 1,
        "Category": "Men",
        "ItemName": "M Shart",
        "ItemNamePk": "1",
        "WashType": "DryWash",
        "WashTypePk": "1",
        "locationPk": "Vizag",
        "location": "Vizag",
        "Pcs": 2,
        "Rate": 65,
        "DisPer": 0,
        "AddOn": "0-0",
        "DeliveryDateTime": "2024-03-18T18:55:20",
        "Total": 130
      }
    },
    "CustomerData": {
      "CustomerName": "R SIRISHA",
      "CustomerMobile": "9989013301"
    },
    "OrderData": {
      "BranchName": "VudaComplex",
      "Currentdateandtime": "2024-03-11T18:55:20"
    },
    "AddOnData": {},
    "CheckOutData": {
      "1": {
        "RoundOff": -0.4,
        "CashAmount": 153,
        "CardAmount": 0,
        "UPIAmount": 0,
        "DiscountPer": 0,
        "GstData": {
          "DiscountAmount": 0,
          "CGST": 11.7,
          "SGST": 11.7
        }
      }
    },
    "UuId": 12,
    "pk": 12,
    "DateTime": "2024-03-11T13:25:40.789Z"
  },
  {
    "ItemsInOrder": {
      "1": {
        "ItemSerial": 1,
        "Category": "Men",
        "ItemName": "M Shart",
        "ItemNamePk": "1",
        "WashType": "DryWash",
        "WashTypePk": "1",
        "locationPk": "Vizag",
        "location": "Vizag",
        "Pcs": 3,
        "Rate": 65,
        "DisPer": 0,
        "AddOn": "0-0",
        "DeliveryDateTime": "2024-03-18T18:56:15",
        "Total": 195
      },
      "2": {
        "ItemSerial": 2,
        "Category": "Men",
        "ItemName": "M Pant",
        "ItemNamePk": "2",
        "WashType": "DryWash",
        "WashTypePk": "2",
        "locationPk": "Vizag",
        "location": "Vizag",
        "Pcs": 1,
        "Rate": 65,
        "DisPer": 0,
        "AddOn": "0-0",
        "DeliveryDateTime": "2024-03-18T18:56:33",
        "Total": 65
      }
    },
    "CustomerData": {
      "CustomerName": "G govindha raju",
      "CustomerMobile": "9912215999"
    },
    "OrderData": {
      "BranchName": "VudaComplex",
      "Currentdateandtime": "2024-03-11T18:56:15"
    },
    "AddOnData": {},
    "CheckOutData": {
      "1": {
        "RoundOff": -0.12,
        "CashAmount": 276,
        "CardAmount": 0,
        "UPIAmount": 0,
        "DiscountPer": 10,
        "GstData": {
          "DiscountAmount": 26,
          "CGST": 21.06,
          "SGST": 21.06
        }
      }
    },
    "UuId": 13,
    "pk": 13,
    "DateTime": "2024-03-11T13:26:32.291Z"
  },
  {
    "ItemsInOrder": {
      "1": {
        "ItemSerial": 1,
        "Category": "Women",
        "ItemName": "W Saree",
        "ItemNamePk": "5",
        "WashType": "DryWash",
        "WashTypePk": "5",
        "locationPk": "Vizag",
        "location": "Vizag",
        "Pcs": 3,
        "Rate": 140,
        "DisPer": 0,
        "AddOn": "0-0",
        "DeliveryDateTime": "2024-03-18T18:58:44",
        "Total": 420
      },
      "2": {
        "ItemSerial": 2,
        "Category": "Women",
        "ItemName": "BLOUSE",
        "ItemNamePk": "64",
        "WashType": "DryWash",
        "WashTypePk": "64",
        "locationPk": "Vizag",
        "location": "Vizag",
        "Pcs": 2,
        "Rate": 40,
        "DisPer": 0,
        "AddOn": "0-0",
        "DeliveryDateTime": "2024-03-18T18:59:05",
        "Total": 80
      },
      "3": {
        "ItemSerial": 3,
        "Category": "Men",
        "ItemName": "M Pant",
        "ItemNamePk": "2",
        "WashType": "DryWash",
        "WashTypePk": "2",
        "locationPk": "Vizag",
        "location": "Vizag",
        "Pcs": 1,
        "Rate": 65,
        "DisPer": 0,
        "AddOn": "0-0",
        "DeliveryDateTime": "2024-03-18T18:59:23",
        "Total": 65
      },
      "4": {
        "ItemSerial": 4,
        "Category": "Men",
        "ItemName": "TRACK PANT",
        "ItemNamePk": "29",
        "WashType": "DryWash",
        "WashTypePk": "29",
        "locationPk": "Vizag",
        "location": "Vizag",
        "Pcs": 1,
        "Rate": 65,
        "DisPer": 0,
        "AddOn": "0-0",
        "DeliveryDateTime": "2024-03-18T18:59:39",
        "Total": 65
      },
      "5": {
        "ItemSerial": 5,
        "Category": "Men",
        "ItemName": "M Shart",
        "ItemNamePk": "1",
        "WashType": "DryWash",
        "WashTypePk": "1",
        "locationPk": "Vizag",
        "location": "Vizag",
        "Pcs": 1,
        "Rate": 65,
        "DisPer": 0,
        "AddOn": "0-0",
        "DeliveryDateTime": "2024-03-18T19:00:23",
        "Total": 65
      }
    },
    "CustomerData": {
      "CustomerName": "radha mani",
      "CustomerMobile": "9951451818"
    },
    "OrderData": {
      "BranchName": "VudaComplex",
      "Currentdateandtime": "2024-03-11T18:58:44"
    },
    "AddOnData": {},
    "CheckOutData": {},
    "UuId": 14,
    "pk": 14,
    "DateTime": "2024-03-11T13:29:04.106Z"
  },
  {
    "ItemsInOrder": {
      "1": {
        "ItemSerial": 1,
        "Category": "Men",
        "ItemName": "M Shart",
        "ItemNamePk": "1",
        "WashType": "DryWash",
        "WashTypePk": "1",
        "locationPk": "Vizag",
        "location": "Vizag",
        "Pcs": 7,
        "Rate": 65,
        "DisPer": 0,
        "AddOn": "0-0",
        "DeliveryDateTime": "2024-03-18T19:01:22",
        "Total": 455
      },
      "2": {
        "ItemSerial": 2,
        "Category": "Men",
        "ItemName": "TRACK PANT",
        "ItemNamePk": "29",
        "WashType": "DryWash",
        "WashTypePk": "29",
        "locationPk": "Vizag",
        "location": "Vizag",
        "Pcs": 1,
        "Rate": 65,
        "DisPer": 0,
        "AddOn": "0-0",
        "DeliveryDateTime": "2024-03-18T19:01:34",
        "Total": 65
      },
      "3": {
        "ItemSerial": 3,
        "Category": "Men",
        "ItemName": "TROUSER",
        "ItemNamePk": "12",
        "WashType": "DryWash",
        "WashTypePk": "12",
        "locationPk": "Vizag",
        "location": "Vizag",
        "Pcs": 1,
        "Rate": 65,
        "DisPer": 0,
        "AddOn": "0-0",
        "DeliveryDateTime": "2024-03-18T19:01:57",
        "Total": 65
      },
      "4": {
        "ItemSerial": 4,
        "Category": "Women",
        "ItemName": "BLOUSE",
        "ItemNamePk": "64",
        "WashType": "DryWash",
        "WashTypePk": "64",
        "locationPk": "Vizag",
        "location": "Vizag",
        "Pcs": 2,
        "Rate": 40,
        "DisPer": 0,
        "AddOn": "0-0",
        "DeliveryDateTime": "2024-03-18T19:02:08",
        "Total": 80
      },
      "5": {
        "ItemSerial": 5,
        "Category": "Women",
        "ItemName": "W Saree",
        "ItemNamePk": "5",
        "WashType": "DryWash",
        "WashTypePk": "5",
        "locationPk": "Vizag",
        "location": "Vizag",
        "Pcs": 3,
        "Rate": 140,
        "DisPer": 0,
        "AddOn": "0-0",
        "DeliveryDateTime": "2024-03-18T19:02:29",
        "Total": 420
      }
    },
    "CustomerData": {
      "CustomerName": "radha mani",
      "CustomerMobile": "9951451818"
    },
    "OrderData": {
      "BranchName": "VudaComplex",
      "Currentdateandtime": "2024-03-11T19:01:22"
    },
    "AddOnData": {},
    "CheckOutData": {
      "1": {
        "RoundOff": -0.3,
        "CashAmount": 1280,
        "CardAmount": 0,
        "UPIAmount": 0,
        "DiscountPer": 0,
        "GstData": {
          "DiscountAmount": 0,
          "CGST": 97.65,
          "SGST": 97.65
        }
      }
    },
    "UuId": 15,
    "pk": 15,
    "DateTime": "2024-03-11T13:31:33.442Z"
  },
  {
    "ItemsInOrder": {
      "1": {
        "ItemSerial": 1,
        "Category": "Men",
        "ItemName": "M Shart",
        "ItemNamePk": "1",
        "WashType": "DryWash",
        "WashTypePk": "1",
        "locationPk": "Vizag",
        "location": "Vizag",
        "Pcs": 3,
        "Rate": 60,
        "DisPer": 0,
        "AddOn": "0-0",
        "DeliveryDateTime": "2024-03-20T16:53:44",
        "Total": 180
      },
      "2": {
        "ItemSerial": 2,
        "Category": "Men",
        "ItemName": "TROUSER",
        "ItemNamePk": "12",
        "WashType": "DryWash",
        "WashTypePk": "12",
        "locationPk": "Vizag",
        "location": "Vizag",
        "Pcs": 3,
        "Rate": 60,
        "DisPer": 3,
        "AddOn": "0-0",
        "DeliveryDateTime": "2024-03-20T16:54:07",
        "Total": 180
      }
    },
    "CustomerData": {
      "CustomerName": "k ramakoti",
      "CustomerMobile": "9985568228"
    },
    "OrderData": {
      "BranchName": "VudaComplex",
      "Currentdateandtime": "2024-03-13T16:53:44"
    },
    "AddOnData": {},
    "CheckOutData": {},
    "UuId": 16,
    "pk": 16,
    "DateTime": "2024-03-13T11:24:10.147Z"
  }
]