[
  {
    "ItemsInOrder": {
      "1": {
        "ItemSerial": 1,
        "Category": "Women",
        "ItemName": "W Saree",
        "ItemNamePk": "5",
        "WashType": "DryWash",
        "WashTypePk": "5",
        "locationPk": "Vizag",
        "location": "Vizag",
        "Pcs": 3,
        "Rate": 60,
        "DisPer": 0,
        "AddOn": "0-0",
        "DeliveryDateTime": "2024-03-13T12:24:43",
        "Total": 180
      },
      "2": {
        "ItemSerial": 2,
        "Category": "Men",
        "ItemName": "M Pant",
        "ItemNamePk": "2",
        "WashType": "DryWash",
        "WashTypePk": "2",
        "locationPk": "Vizag",
        "location": "Vizag",
        "Pcs": 1,
        "Rate": 50,
        "DisPer": 0,
        "AddOn": "0-0",
        "DeliveryDateTime": "2024-03-13T12:25:13",
        "Total": 50
      },
      "3": {
        "ItemSerial": 3,
        "Category": "Kids",
        "ItemName": "K Pant",
        "ItemNamePk": "4",
        "WashType": "DryWash",
        "WashTypePk": "4",
        "locationPk": "Vizag",
        "location": "Vizag",
        "Pcs": 1,
        "Rate": 45,
        "DisPer": 0,
        "AddOn": "0-0",
        "DeliveryDateTime": "2024-03-13T12:25:19",
        "Total": 45
      }
    },
    "CustomerData": {
      "CustomerName": "",
      "CustomerMobile": ""
    },
    "OrderData": {
      "BranchName": "VZM",
      "Currentdateandtime": "2024-03-06T12:24:43"
    },
    "AddOnData": {
      "1": {
        "AddOnService": "Petrol Wash High",
        "AddOnRate": 25,
        "AddOnItemSerial": 2,
        "AddOnImageSerial": ""
      }
    },
    "CheckOutData": {
      "1": {
        "RoundOff": 0.4,
        "CashAmount": 319,
        "CardAmount": 0,
        "UPIAmount": 0,
        "DiscountPer": 10,
        "GstData": {
          "DiscountAmount": 30,
          "CGST": 24.3,
          "SGST": 24.3
        }
      }
    },
    "UuId": 1,
    "pk": 1,
    "DateTime": "2024-03-06T06:41:00.882Z"
  },
  {
    "ItemsInOrder": {
      "1": {
        "ItemSerial": 1,
        "Category": "Men",
        "ItemName": "TROUSER",
        "ItemNamePk": "12",
        "WashType": "DryWash",
        "WashTypePk": "12",
        "locationPk": "Vizag",
        "location": "Vizag",
        "Pcs": 1,
        "Rate": 50,
        "DisPer": 0,
        "AddOn": "0-0",
        "DeliveryDateTime": "2024-03-14T18:28:17",
        "Total": 50
      },
      "2": {
        "ItemSerial": 2,
        "Category": "Women",
        "ItemName": "LONG FROCK",
        "ItemNamePk": "11",
        "WashType": "DryWash",
        "WashTypePk": "11",
        "locationPk": "Vizag",
        "location": "Vizag",
        "Pcs": 1,
        "Rate": 350,
        "DisPer": 0,
        "AddOn": "0-0",
        "DeliveryDateTime": "2024-03-14T18:48:15",
        "Total": 350
      }
    },
    "CustomerData": {
      "CustomerName": "Keshav",
      "CustomerMobile": "9848163021"
    },
    "OrderData": {
      "BranchName": "VZM",
      "Currentdateandtime": "2024-03-07T18:28:17"
    },
    "AddOnData": {
      "1": {
        "AddOnService": "Petrol Wash High",
        "AddOnRate": 50,
        "AddOnItemSerial": 2,
        "AddOnImageSerial": ""
      }
    },
    "CheckOutData": {},
    "UuId": 2,
    "pk": 2,
    "DateTime": "2024-03-07T13:04:00.368Z"
  },
  {
    "ItemsInOrder": {
      "1": {
        "ItemSerial": 1,
        "Category": "Men",
        "ItemName": "TROUSER",
        "ItemNamePk": "12",
        "WashType": "DryWash",
        "WashTypePk": "12",
        "locationPk": "Vizag",
        "location": "Vizag",
        "Pcs": 1,
        "Rate": 50,
        "DisPer": 0,
        "AddOn": "0-0",
        "DeliveryDateTime": "2024-03-14T18:28:17",
        "Total": 50
      }
    },
    "CustomerData": {
      "CustomerName": "Keshav",
      "CustomerMobile": "9848163021"
    },
    "OrderData": {
      "BranchName": "VZM",
      "Currentdateandtime": "2024-03-07T18:28:17"
    },
    "AddOnData": {},
    "CheckOutData": {},
    "UuId": 3,
    "pk": 3,
    "DateTime": "2024-03-07T13:08:36.618Z"
  }
]