[
  {
    "ItemsInOrder": {
      "1": {
        "ItemSerial": 1,
        "Category": "Women",
        "ItemName": "W Saree",
        "ItemNamePk": "5",
        "WashType": "DryWash",
        "WashTypePk": "5",
        "locationPk": "Vizag",
        "location": "Vizag",
        "Pcs": 1,
        "Rate": 60,
        "DisPer": 0,
        "AddOn": "0-0",
        "DeliveryDateTime": "2024-03-14T15:21:51",
        "Total": 60
      },
      "2": {
        "ItemSerial": 2,
        "Category": "Kids",
        "ItemName": "K Shart",
        "ItemNamePk": "3",
        "WashType": "DryWash",
        "WashTypePk": "3",
        "locationPk": "Vizag",
        "location": "Vizag",
        "Pcs": 1,
        "Rate": 40,
        "DisPer": 0,
        "AddOn": "0-0",
        "DeliveryDateTime": "2024-03-14T15:22:05",
        "Total": 40
      }
    },
    "CustomerData": {
      "CustomerName": "REDDYYY",
      "CustomerMobile": "3210321032"
    },
    "OrderData": {
      "BranchName": "Yandada",
      "Currentdateandtime": "2024-03-07T15:21:51"
    },
    "AddOnData": {
      "1": {
        "AddOnService": "Rolling",
        "AddOnRate": 50,
        "AddOnItemSerial": 2,
        "AddOnImageSerial": ""
      }
    },
    "CheckOutData": {
      "1": {
        "RoundOff": -0.3,
        "CashAmount": 159,
        "CardAmount": 0,
        "UPIAmount": 0,
        "DiscountPer": 10,
        "GstData": {
          "DiscountAmount": 15,
          "CGST": 12.15,
          "SGST": 12.15
        }
      }
    },
    "UuId": 1,
    "pk": 1,
    "DateTime": "2024-03-07T09:37:50.924Z"
  },
  {
    "ItemsInOrder": {
      "1": {
        "ItemSerial": 1,
        "Category": "Women",
        "ItemName": "W Saree",
        "ItemNamePk": "5",
        "WashType": "DryWash",
        "WashTypePk": "5",
        "locationPk": "Vizag",
        "location": "Vizag",
        "Pcs": 1,
        "Rate": 60,
        "DisPer": 0,
        "AddOn": "0-0",
        "DeliveryDateTime": "2024-03-14T15:24:36",
        "Total": 60
      },
      "2": {
        "ItemSerial": 2,
        "Category": "Men",
        "ItemName": "M Shart",
        "ItemNamePk": "1",
        "WashType": "DryWash",
        "WashTypePk": "1",
        "locationPk": "Vizag",
        "location": "Vizag",
        "Pcs": 1,
        "Rate": 45,
        "DisPer": 0,
        "AddOn": "0-0",
        "DeliveryDateTime": "2024-03-14T15:24:49",
        "Total": 45
      }
    },
    "CustomerData": {
      "CustomerName": "MANOZNA",
      "CustomerMobile": "8886678811"
    },
    "OrderData": {
      "BranchName": "Yandada",
      "Currentdateandtime": "2024-03-07T15:24:36"
    },
    "AddOnData": {
      "1": {
        "AddOnService": "Petrol Wash Medium",
        "AddOnRate": 20,
        "AddOnItemSerial": 1,
        "AddOnImageSerial": ""
      }
    },
    "CheckOutData": {
      "1": {
        "RoundOff": 0.24,
        "CashAmount": 133,
        "CardAmount": 0,
        "UPIAmount": 0,
        "DiscountPer": 10,
        "GstData": {
          "DiscountAmount": 12.5,
          "CGST": 10.13,
          "SGST": 10.13
        }
      }
    },
    "UuId": 2,
    "pk": 2,
    "DateTime": "2024-03-07T09:40:34.443Z"
  },
  {
    "ItemsInOrder": {
      "1": {
        "ItemSerial": 1,
        "Category": "Women",
        "ItemName": "FROCK(SMALL)",
        "ItemNamePk": "53",
        "WashType": "DryWash",
        "WashTypePk": "53",
        "locationPk": "Vizag",
        "location": "Vizag",
        "Pcs": 1,
        "Rate": 100,
        "DisPer": 0,
        "AddOn": "0-0",
        "DeliveryDateTime": "2024-03-15T12:53:58",
        "Total": 100
      },
      "2": {
        "ItemSerial": 2,
        "Category": "Others",
        "ItemName": "TEDDY BEAR(BIG)",
        "ItemNamePk": "124",
        "WashType": "DryWash",
        "WashTypePk": "124",
        "locationPk": "Vizag",
        "location": "Vizag",
        "Pcs": 1,
        "Rate": 450,
        "DisPer": 0,
        "AddOn": "0-0",
        "DeliveryDateTime": "2024-03-15T12:54:12",
        "Total": 450
      }
    },
    "CustomerData": {
      "CustomerName": "reddy k",
      "CustomerMobile": "7896541230"
    },
    "OrderData": {
      "BranchName": "Yandada",
      "Currentdateandtime": "2024-03-08T12:53:58"
    },
    "AddOnData": {
      "1": {
        "AddOnService": "DR",
        "AddOnRate": 150,
        "AddOnItemSerial": 1,
        "AddOnImageSerial": ""
      }
    },
    "CheckOutData": {
      "1": {
        "RoundOff": 0,
        "CashAmount": 826,
        "CardAmount": 0,
        "UPIAmount": 0,
        "DiscountPer": 0,
        "GstData": {
          "DiscountAmount": 0,
          "CGST": 63,
          "SGST": 63
        }
      }
    },
    "UuId": 3,
    "pk": 3,
    "DateTime": "2024-03-08T07:09:56.139Z"
  },
  {
    "ItemsInOrder": {
      "1": {
        "ItemSerial": 1,
        "Category": "Men",
        "ItemName": "M H JEANS",
        "ItemNamePk": "8",
        "WashType": "DryWash",
        "WashTypePk": "8",
        "locationPk": "Vzm",
        "location": "Vzm",
        "Pcs": 1,
        "Rate": 80,
        "DisPer": 1,
        "AddOn": "0-0",
        "DeliveryDateTime": "2024-03-16T17:22:03",
        "Total": 80
      },
      "2": {
        "ItemSerial": 2,
        "Category": "Women",
        "ItemName": "WEEDING FROCK",
        "ItemNamePk": "55",
        "WashType": "DryWash",
        "WashTypePk": "55",
        "locationPk": "Vizag",
        "location": "Vizag",
        "Pcs": 1,
        "Rate": 650,
        "DisPer": 0,
        "AddOn": "0-0",
        "DeliveryDateTime": "2024-03-16T17:22:33",
        "Total": 650
      }
    },
    "CustomerData": {
      "CustomerName": "reddy yy",
      "CustomerMobile": "3210650981"
    },
    "OrderData": {
      "BranchName": "Yandada",
      "Currentdateandtime": "2024-03-09T17:22:03"
    },
    "AddOnData": {
      "1": {
        "AddOnService": "Rolling",
        "AddOnRate": 400,
        "AddOnItemSerial": 2,
        "AddOnImageSerial": ""
      }
    },
    "CheckOutData": {
      "1": {
        "RoundOff": -0.46,
        "CashAmount": 1000,
        "CardAmount": 332,
        "UPIAmount": 0,
        "DiscountPer": 0,
        "GstData": {
          "DiscountAmount": 0,
          "CGST": 101.63,
          "SGST": 101.63
        }
      }
    },
    "UuId": 4,
    "pk": 4,
    "DateTime": "2024-03-09T11:52:31.263Z"
  },
  {
    "ItemsInOrder": {
      "1": {
        "ItemSerial": 1,
        "Category": "Men",
        "ItemName": "M Shart",
        "ItemNamePk": "1",
        "WashType": "DryWash",
        "WashTypePk": "1",
        "locationPk": "Vizag",
        "location": "Vizag",
        "Pcs": 1,
        "Rate": 45,
        "DisPer": 0,
        "AddOn": "0-0",
        "DeliveryDateTime": "2024-03-16T17:45:32",
        "Total": 45
      },
      "2": {
        "ItemSerial": 2,
        "Category": "Men",
        "ItemName": "M Shart",
        "ItemNamePk": "1",
        "WashType": "DryWash",
        "WashTypePk": "1",
        "locationPk": "Vizag",
        "location": "Vizag",
        "Pcs": 1,
        "Rate": 45,
        "DisPer": 0,
        "AddOn": "0-0",
        "DeliveryDateTime": "2024-03-16T17:49:08",
        "Total": 45
      },
      "3": {
        "ItemSerial": 3,
        "Category": "Others",
        "ItemName": "DOOR MAT",
        "ItemNamePk": "108",
        "WashType": "DryWash",
        "WashTypePk": "108",
        "locationPk": "Vizag",
        "location": "Vizag",
        "Pcs": 1,
        "Rate": 80,
        "DisPer": 0,
        "AddOn": "0-0",
        "DeliveryDateTime": "2024-03-16T17:49:55",
        "Total": 80
      }
    },
    "CustomerData": {
      "CustomerName": "reddy yend",
      "CustomerMobile": "8977636429"
    },
    "OrderData": {
      "BranchName": "Yandada",
      "Currentdateandtime": "2024-03-09T17:45:32"
    },
    "AddOnData": {
      "1": {
        "AddOnService": "PW",
        "AddOnRate": 400,
        "AddOnItemSerial": 1,
        "AddOnImageSerial": ""
      },
      "2": {
        "AddOnService": "Rolling",
        "AddOnRate": 60,
        "AddOnItemSerial": 1,
        "AddOnImageSerial": ""
      },
      "3": {
        "AddOnService": "DW",
        "AddOnRate": 60,
        "AddOnItemSerial": 2,
        "AddOnImageSerial": ""
      },
      "4": {
        "AddOnService": "PW",
        "AddOnRate": 400,
        "AddOnItemSerial": 3,
        "AddOnImageSerial": ""
      }
    },
    "CheckOutData": {
      "1": {
        "RoundOff": -0.2,
        "CashAmount": 1286,
        "CardAmount": 0,
        "UPIAmount": 0,
        "DiscountPer": 0,
        "GstData": {
          "DiscountAmount": 0,
          "CGST": 98.1,
          "SGST": 98.1
        }
      }
    },
    "UuId": 5,
    "pk": 5,
    "DateTime": "2024-03-09T12:16:00.837Z"
  },
  {
    "ItemsInOrder": {
      "1": {
        "ItemSerial": 1,
        "Category": "Men",
        "ItemName": "M Shart",
        "ItemNamePk": "1",
        "WashType": "DryWash",
        "WashTypePk": "1",
        "locationPk": "Vizag",
        "location": "Vizag",
        "Pcs": 1,
        "Rate": 45,
        "DisPer": 0,
        "AddOn": "0-0",
        "DeliveryDateTime": "2024-03-18T17:55:11",
        "Total": 45
      }
    },
    "CustomerData": {
      "CustomerName": "k. sri laxmi",
      "CustomerMobile": "8008844399"
    },
    "OrderData": {
      "BranchName": "Yandada",
      "Currentdateandtime": "2024-03-11T17:55:11"
    },
    "AddOnData": {},
    "CheckOutData": {},
    "UuId": 6,
    "pk": 6,
    "DateTime": "2024-03-11T12:25:29.120Z"
  },
  {
    "ItemsInOrder": {
      "1": {
        "ItemSerial": 1,
        "Category": "Women",
        "ItemName": "W Saree",
        "ItemNamePk": "5",
        "WashType": "DryWash",
        "WashTypePk": "5",
        "locationPk": "Vizag",
        "location": "Vizag",
        "Pcs": 1,
        "Rate": 60,
        "DisPer": 0,
        "AddOn": "0-0",
        "DeliveryDateTime": "2024-03-18T17:57:06",
        "Total": 60
      },
      "2": {
        "ItemSerial": 2,
        "Category": "Women",
        "ItemName": "W Saree",
        "ItemNamePk": "5",
        "WashType": "DryWash",
        "WashTypePk": "5",
        "locationPk": "Vizag",
        "location": "Vizag",
        "Pcs": 1,
        "Rate": 60,
        "DisPer": 0,
        "AddOn": "0-0",
        "DeliveryDateTime": "2024-03-18T17:57:53",
        "Total": 60
      }
    },
    "CustomerData": {
      "CustomerName": "k. sri laxmi",
      "CustomerMobile": "8008844399"
    },
    "OrderData": {
      "BranchName": "Yandada",
      "Currentdateandtime": "2024-03-11T17:57:06"
    },
    "AddOnData": {
      "1": {
        "AddOnService": "DW",
        "AddOnRate": 130,
        "AddOnItemSerial": 1,
        "AddOnImageSerial": "2"
      }
    },
    "CheckOutData": {},
    "UuId": 7,
    "pk": 7,
    "DateTime": "2024-03-11T12:27:50.293Z"
  },
  {
    "ItemsInOrder": {
      "1": {
        "ItemSerial": 1,
        "Category": "Men",
        "ItemName": "M Shart",
        "ItemNamePk": "1",
        "WashType": "DryWash",
        "WashTypePk": "1",
        "locationPk": "Vizag",
        "location": "Vizag",
        "Pcs": 1,
        "Rate": 45,
        "DisPer": 0,
        "AddOn": "0-0",
        "DeliveryDateTime": "2024-03-18T18:00:52",
        "Total": 45
      },
      "2": {
        "ItemSerial": 2,
        "Category": "Men",
        "ItemName": "M Shart",
        "ItemNamePk": "1",
        "WashType": "DryWash",
        "WashTypePk": "1",
        "locationPk": "Vizag",
        "location": "Vizag",
        "Pcs": 1,
        "Rate": 45,
        "DisPer": 0,
        "AddOn": "0-0",
        "DeliveryDateTime": "2024-03-18T18:01:32",
        "Total": 45
      }
    },
    "CustomerData": {
      "CustomerName": "k. sri laxmi",
      "CustomerMobile": "8008844399"
    },
    "OrderData": {
      "BranchName": "Yandada",
      "Currentdateandtime": "2024-03-11T18:00:52"
    },
    "AddOnData": {},
    "CheckOutData": {
      "1": {
        "RoundOff": -0.2,
        "CashAmount": 106,
        "CardAmount": 0,
        "UPIAmount": 0,
        "DiscountPer": 0,
        "GstData": {
          "DiscountAmount": 0,
          "CGST": 8.1,
          "SGST": 8.1
        }
      }
    },
    "UuId": 8,
    "pk": 8,
    "DateTime": "2024-03-11T12:31:30.808Z"
  },
  {
    "ItemsInOrder": {
      "1": {
        "ItemSerial": 1,
        "Category": "Women",
        "ItemName": "W Saree",
        "ItemNamePk": "5",
        "WashType": "DryWash",
        "WashTypePk": "5",
        "locationPk": "Vizag",
        "location": "Vizag",
        "Pcs": 1,
        "Rate": 60,
        "DisPer": 0,
        "AddOn": "0-0",
        "DeliveryDateTime": "2024-03-18T18:04:40",
        "Total": 60
      },
      "2": {
        "ItemSerial": 2,
        "Category": "Men",
        "ItemName": "M Shart",
        "ItemNamePk": "1",
        "WashType": "DryWash",
        "WashTypePk": "1",
        "locationPk": "Vizag",
        "location": "Vizag",
        "Pcs": 1,
        "Rate": 45,
        "DisPer": 0,
        "AddOn": "0-0",
        "DeliveryDateTime": "2024-03-18T18:06:36",
        "Total": 45
      }
    },
    "CustomerData": {
      "CustomerName": "sri ramulu",
      "CustomerMobile": "7013151324"
    },
    "OrderData": {
      "BranchName": "Yandada",
      "Currentdateandtime": "2024-03-11T18:04:40"
    },
    "AddOnData": {
      "1": {
        "AddOnService": "DW",
        "AddOnRate": 200,
        "AddOnItemSerial": 2,
        "AddOnImageSerial": ""
      }
    },
    "CheckOutData": {},
    "UuId": 9,
    "pk": 9,
    "DateTime": "2024-03-11T12:35:55.950Z"
  },
  {
    "ItemsInOrder": {
      "1": {
        "ItemSerial": 1,
        "Category": "Men",
        "ItemName": "M Shart",
        "ItemNamePk": "1",
        "WashType": "DryWash",
        "WashTypePk": "1",
        "locationPk": "Vizag",
        "location": "Vizag",
        "Pcs": 1,
        "Rate": 45,
        "DisPer": 0,
        "AddOn": "0-0",
        "DeliveryDateTime": "2024-03-19T15:29:41",
        "Total": 45
      }
    },
    "CustomerData": {
      "CustomerName": "j s n raju",
      "CustomerMobile": "9866399646"
    },
    "OrderData": {
      "BranchName": "Yandada",
      "Currentdateandtime": "2024-03-12T15:29:41"
    },
    "AddOnData": {},
    "CheckOutData": {},
    "UuId": 10,
    "pk": 10,
    "DateTime": "2024-03-12T10:03:59.254Z"
  },
  {
    "ItemsInOrder": {
      "1": {
        "ItemSerial": 1,
        "Category": "Men",
        "ItemName": "M Shart",
        "ItemNamePk": "1",
        "WashType": "DryWash",
        "WashTypePk": "1",
        "locationPk": "Vizag",
        "location": "Vizag",
        "Pcs": 1,
        "Rate": 45,
        "DisPer": 0,
        "AddOn": "0-0",
        "DeliveryDateTime": "2024-03-19T15:35:11",
        "Total": 45
      },
      "2": {
        "ItemSerial": 2,
        "Category": "Men",
        "ItemName": "M Pant",
        "ItemNamePk": "2",
        "WashType": "DryWash",
        "WashTypePk": "2",
        "locationPk": "Vizag",
        "location": "Vizag",
        "Pcs": 1,
        "Rate": 50,
        "DisPer": 0,
        "AddOn": "0-0",
        "DeliveryDateTime": "2024-03-19T15:36:13",
        "Total": 50
      },
      "3": {
        "ItemSerial": 3,
        "Category": "Men",
        "ItemName": "M Pant",
        "ItemNamePk": "2",
        "WashType": "DryWash",
        "WashTypePk": "2",
        "locationPk": "Vizag",
        "location": "Vizag",
        "Pcs": 1,
        "Rate": 50,
        "DisPer": 0,
        "AddOn": "0-0",
        "DeliveryDateTime": "2024-03-19T15:36:32",
        "Total": 50
      },
      "4": {
        "ItemSerial": 4,
        "Category": "Men",
        "ItemName": "M Jean",
        "ItemNamePk": "7",
        "WashType": "DryWash",
        "WashTypePk": "7",
        "locationPk": "Vizag",
        "location": "Vizag",
        "Pcs": 1,
        "Rate": 50,
        "DisPer": 0,
        "AddOn": "0-0",
        "DeliveryDateTime": "2024-03-19T15:37:06",
        "Total": 50
      },
      "5": {
        "ItemSerial": 5,
        "Category": "Kids",
        "ItemName": "TROUSEER",
        "ItemNamePk": "76",
        "WashType": "DryWash",
        "WashTypePk": "76",
        "locationPk": "Vizag",
        "location": "Vizag",
        "Pcs": 1,
        "Rate": 40,
        "DisPer": 0,
        "AddOn": "0-0",
        "DeliveryDateTime": "2024-03-19T15:38:31",
        "Total": 40
      }
    },
    "CustomerData": {
      "CustomerName": "j s n raju",
      "CustomerMobile": "9866399646"
    },
    "OrderData": {
      "BranchName": "Yandada",
      "Currentdateandtime": "2024-03-12T15:35:11"
    },
    "AddOnData": {
      "1": {
        "AddOnService": "DW",
        "AddOnRate": 60,
        "AddOnItemSerial": 3,
        "AddOnImageSerial": ""
      },
      "2": {
        "AddOnService": "DW",
        "AddOnRate": 60,
        "AddOnItemSerial": 1,
        "AddOnImageSerial": ""
      },
      "3": {
        "AddOnService": "t shirt",
        "AddOnRate": 60,
        "AddOnItemSerial": 2,
        "AddOnImageSerial": ""
      },
      "4": {
        "AddOnService": "PW",
        "AddOnRate": 400,
        "AddOnItemSerial": 5,
        "AddOnImageSerial": ""
      }
    },
    "CheckOutData": {},
    "UuId": 11,
    "pk": 11,
    "DateTime": "2024-03-12T10:05:23.550Z"
  },
  {
    "ItemsInOrder": {
      "1": {
        "ItemSerial": 1,
        "Category": "Women",
        "ItemName": "LONG FROCK",
        "ItemNamePk": "11",
        "WashType": "DryWash",
        "WashTypePk": "11",
        "locationPk": "Vizag",
        "location": "Vizag",
        "Pcs": 1,
        "Rate": 350,
        "DisPer": 0,
        "AddOn": "0-0",
        "DeliveryDateTime": "2024-03-19T15:48:41",
        "Total": 350
      },
      "2": {
        "ItemSerial": 2,
        "Category": "Kids",
        "ItemName": "BLAZER",
        "ItemNamePk": "83",
        "WashType": "DryWash",
        "WashTypePk": "83",
        "locationPk": "Vizag",
        "location": "Vizag",
        "Pcs": 3,
        "Rate": 50,
        "DisPer": 0,
        "AddOn": "0-0",
        "DeliveryDateTime": "2024-03-23T15:51:10",
        "Total": 150
      },
      "3": {
        "ItemSerial": 3,
        "Category": "Men",
        "ItemName": "M Shart",
        "ItemNamePk": "1",
        "WashType": "DryWash",
        "WashTypePk": "1",
        "locationPk": "Vizag",
        "location": "Vizag",
        "Pcs": 1,
        "Rate": 45,
        "DisPer": 0,
        "AddOn": "0-0",
        "DeliveryDateTime": "2024-03-24T15:52",
        "Total": 45
      }
    },
    "CustomerData": {
      "CustomerName": "sri ramulu",
      "CustomerMobile": "7013151324"
    },
    "OrderData": {
      "BranchName": "Yandada",
      "Currentdateandtime": "2024-03-12T15:48:41"
    },
    "AddOnData": {
      "1": {
        "AddOnService": "DW",
        "AddOnRate": 60,
        "AddOnItemSerial": 3,
        "AddOnImageSerial": ""
      }
    },
    "CheckOutData": {},
    "UuId": 12,
    "pk": 12,
    "DateTime": "2024-03-12T10:18:53.616Z"
  },
  {
    "ItemsInOrder": {
      "1": {
        "ItemSerial": 1,
        "Category": "Others",
        "ItemName": "BATH TOWEL",
        "ItemNamePk": "93",
        "WashType": "DryWash",
        "WashTypePk": "93",
        "locationPk": "Vizag",
        "location": "Vizag",
        "Pcs": 1,
        "Rate": 50,
        "DisPer": 0,
        "AddOn": "0-0",
        "DeliveryDateTime": "2024-03-19T15:48:41",
        "Total": 50
      }
    },
    "CustomerData": {
      "CustomerName": "sri ramulu",
      "CustomerMobile": "7013151324"
    },
    "OrderData": {
      "BranchName": "Yandada",
      "Currentdateandtime": "2024-03-12T15:48:41"
    },
    "AddOnData": {
      "1": {
        "AddOnService": "DW",
        "AddOnRate": 60,
        "AddOnItemSerial": 1,
        "AddOnImageSerial": ""
      }
    },
    "CheckOutData": {},
    "UuId": 13,
    "pk": 13,
    "DateTime": "2024-03-12T10:23:57.672Z"
  },
  {
    "ItemsInOrder": {
      "1": {
        "ItemSerial": 1,
        "Category": "Women",
        "ItemName": "W Saree",
        "ItemNamePk": "5",
        "WashType": "DryWash",
        "WashTypePk": "5",
        "locationPk": "Vizag",
        "location": "Vizag",
        "Pcs": 1,
        "Rate": 60,
        "DisPer": 0,
        "AddOn": "0-0",
        "DeliveryDateTime": "2024-03-20T14:15:44",
        "Total": 60
      }
    },
    "CustomerData": {
      "CustomerName": "prasad",
      "CustomerMobile": "9948844542"
    },
    "OrderData": {
      "BranchName": "Yandada",
      "Currentdateandtime": "2024-03-13T14:15:44"
    },
    "AddOnData": {
      "1": {
        "AddOnService": "DW",
        "AddOnRate": 130,
        "AddOnItemSerial": 1,
        "AddOnImageSerial": ""
      },
      "2": {
        "AddOnService": "DW",
        "AddOnRate": 30,
        "AddOnItemSerial": 1,
        "AddOnImageSerial": ""
      }
    },
    "CheckOutData": {
      "1": {
        "RoundOff": 0.4,
        "CashAmount": 260,
        "CardAmount": 0,
        "UPIAmount": 0,
        "DiscountPer": 0,
        "GstData": {
          "DiscountAmount": 0,
          "CGST": 19.8,
          "SGST": 19.8
        }
      }
    },
    "UuId": 14,
    "pk": 14,
    "DateTime": "2024-03-13T08:47:14.653Z"
  },
  {
    "ItemsInOrder": {
      "1": {
        "ItemSerial": 1,
        "Category": "Men",
        "ItemName": "M Shart",
        "ItemNamePk": "1",
        "WashType": "DryWash",
        "WashTypePk": "1",
        "locationPk": "Vizag",
        "location": "Vizag",
        "Pcs": 1,
        "Rate": 45,
        "DisPer": 0,
        "AddOn": "0-0",
        "DeliveryDateTime": "2024-03-20T14:23:03",
        "Total": 45
      }
    },
    "CustomerData": {
      "CustomerName": "p r kumar",
      "CustomerMobile": "8328006280"
    },
    "OrderData": {
      "BranchName": "Yandada",
      "Currentdateandtime": "2024-03-13T14:23:03"
    },
    "AddOnData": {
      "1": {
        "AddOnService": "DW",
        "AddOnRate": 60,
        "AddOnItemSerial": 3,
        "AddOnImageSerial": ""
      },
      "2": {
        "AddOnService": "DW",
        "AddOnRate": 60,
        "AddOnItemSerial": 3,
        "AddOnImageSerial": ""
      }
    },
    "CheckOutData": {
      "1": {
        "RoundOff": -0.1,
        "CashAmount": 53,
        "CardAmount": 0,
        "UPIAmount": 0,
        "DiscountPer": 0,
        "GstData": {
          "DiscountAmount": 0,
          "CGST": 4.05,
          "SGST": 4.05
        }
      }
    },
    "UuId": 15,
    "pk": 15,
    "DateTime": "2024-03-13T08:53:12.213Z"
  },
  {
    "ItemsInOrder": {
      "1": {
        "ItemSerial": 1,
        "Category": "Men",
        "ItemName": "T SHIRT",
        "ItemNamePk": "13",
        "WashType": "DryWash",
        "WashTypePk": "13",
        "locationPk": "Vizag",
        "location": "Vizag",
        "Pcs": 3,
        "Rate": 60,
        "DisPer": 0,
        "AddOn": "0-0",
        "DeliveryDateTime": "2024-03-20T14:25:20",
        "Total": 180
      }
    },
    "CustomerData": {
      "CustomerName": "p r kumar",
      "CustomerMobile": "8328006280"
    },
    "OrderData": {
      "BranchName": "Yandada",
      "Currentdateandtime": "2024-03-13T14:25:20"
    },
    "AddOnData": {},
    "CheckOutData": {
      "1": {
        "RoundOff": -0.4,
        "CashAmount": 212,
        "CardAmount": 0,
        "UPIAmount": 0,
        "DiscountPer": 0,
        "GstData": {
          "DiscountAmount": 0,
          "CGST": 16.2,
          "SGST": 16.2
        }
      }
    },
    "UuId": 16,
    "pk": 16,
    "DateTime": "2024-03-13T08:55:52.161Z"
  },
  {
    "ItemsInOrder": {
      "1": {
        "ItemSerial": 1,
        "Category": "Women",
        "ItemName": "W Saree",
        "ItemNamePk": "5",
        "WashType": "DryWash",
        "WashTypePk": "5",
        "locationPk": "Vizag",
        "location": "Vizag",
        "Pcs": 1,
        "Rate": 130,
        "DisPer": 0,
        "AddOn": "0-0",
        "DeliveryDateTime": "2024-03-20T14:27:59",
        "Total": 130
      }
    },
    "CustomerData": {
      "CustomerName": "prasad",
      "CustomerMobile": "9948844542"
    },
    "OrderData": {
      "BranchName": "Yandada",
      "Currentdateandtime": "2024-03-13T14:27:59"
    },
    "AddOnData": {
      "1": {
        "AddOnService": "DW",
        "AddOnRate": 130,
        "AddOnItemSerial": 1,
        "AddOnImageSerial": ""
      },
      "2": {
        "AddOnService": "DW",
        "AddOnRate": 130,
        "AddOnItemSerial": 1,
        "AddOnImageSerial": ""
      }
    },
    "CheckOutData": {},
    "UuId": 17,
    "pk": 17,
    "DateTime": "2024-03-13T08:58:21.679Z"
  },
  {
    "ItemsInOrder": {
      "1": {
        "ItemSerial": 1,
        "Category": "Men",
        "ItemName": "M Shart",
        "ItemNamePk": "1",
        "WashType": "DryWash",
        "WashTypePk": "1",
        "locationPk": "Vizag",
        "location": "Vizag",
        "Pcs": 3,
        "Rate": 60,
        "DisPer": 0,
        "AddOn": "0-0",
        "DeliveryDateTime": "2024-03-23T15:10:04",
        "Total": 180
      },
      "2": {
        "ItemSerial": 2,
        "Category": "Men",
        "ItemName": "T SHIRT",
        "ItemNamePk": "13",
        "WashType": "DryWash",
        "WashTypePk": "13",
        "locationPk": "Vizag",
        "location": "Vizag",
        "Pcs": 3,
        "Rate": 60,
        "DisPer": 0,
        "AddOn": "0-0",
        "DeliveryDateTime": "2024-03-20T15:10:23",
        "Total": 180
      }
    },
    "CustomerData": {
      "CustomerName": "p r kumar",
      "CustomerMobile": "8328006280"
    },
    "OrderData": {
      "BranchName": "Yandada",
      "Currentdateandtime": "2024-03-13T15:10:04"
    },
    "AddOnData": {
      "1": {
        "AddOnService": "H STR",
        "AddOnRate": 0,
        "AddOnItemSerial": 1,
        "AddOnImageSerial": ""
      }
    },
    "CheckOutData": {
      "1": {
        "RoundOff": 0.2,
        "CashAmount": 425,
        "CardAmount": 0,
        "UPIAmount": 0,
        "DiscountPer": 0,
        "GstData": {
          "DiscountAmount": 0,
          "CGST": 32.4,
          "SGST": 32.4
        }
      }
    },
    "UuId": 18,
    "pk": 18,
    "DateTime": "2024-03-13T09:40:22.475Z"
  },
  {
    "ItemsInOrder": {
      "1": {
        "ItemSerial": 1,
        "Category": "Men",
        "ItemName": "M Shart",
        "ItemNamePk": "1",
        "WashType": "DryWash",
        "WashTypePk": "1",
        "locationPk": "Vizag",
        "location": "Vizag",
        "Pcs": 1,
        "Rate": 60,
        "DisPer": 0,
        "AddOn": "0-0",
        "DeliveryDateTime": "2024-03-20T15:11:09",
        "Total": 60
      }
    },
    "CustomerData": {
      "CustomerName": "AC REDDY",
      "CustomerMobile": "9391587829"
    },
    "OrderData": {
      "BranchName": "Yandada",
      "Currentdateandtime": "2024-03-13T15:11:09"
    },
    "AddOnData": {
      "1": {
        "AddOnService": "stains",
        "AddOnRate": 0,
        "AddOnItemSerial": 1,
        "AddOnImageSerial": ""
      }
    },
    "CheckOutData": {
      "1": {
        "RoundOff": 0.2,
        "CashAmount": 71,
        "CardAmount": 0,
        "UPIAmount": 0,
        "DiscountPer": 0,
        "GstData": {
          "DiscountAmount": 0,
          "CGST": 5.4,
          "SGST": 5.4
        }
      }
    },
    "UuId": 19,
    "pk": 19,
    "DateTime": "2024-03-13T09:41:15.487Z"
  },
  {
    "ItemsInOrder": {
      "1": {
        "ItemSerial": 1,
        "Category": "Women",
        "ItemName": "W Saree",
        "ItemNamePk": "5",
        "WashType": "DryWash",
        "WashTypePk": "5",
        "locationPk": "Vizag",
        "location": "Vizag",
        "Pcs": 1,
        "Rate": 130,
        "DisPer": 0,
        "AddOn": "0-0",
        "DeliveryDateTime": "2024-03-23T15:17:54",
        "Total": 130
      },
      "2": {
        "ItemSerial": 2,
        "Category": "Women",
        "ItemName": "BLOUSE",
        "ItemNamePk": "64",
        "WashType": "DryWash",
        "WashTypePk": "64",
        "locationPk": "Vizag",
        "location": "Vizag",
        "Pcs": 1,
        "Rate": 30,
        "DisPer": 0,
        "AddOn": "0-0",
        "DeliveryDateTime": "2024-03-20T15:19:07",
        "Total": 30
      }
    },
    "CustomerData": {
      "CustomerName": "prasad",
      "CustomerMobile": "9948844542"
    },
    "OrderData": {
      "BranchName": "Yandada",
      "Currentdateandtime": "2024-03-13T15:17:54"
    },
    "AddOnData": {},
    "CheckOutData": {
      "1": {
        "RoundOff": 0.2,
        "CashAmount": 0,
        "CardAmount": 0,
        "UPIAmount": 189,
        "DiscountPer": 0,
        "GstData": {
          "DiscountAmount": 0,
          "CGST": 14.4,
          "SGST": 14.4
        }
      }
    },
    "UuId": 20,
    "pk": 20,
    "DateTime": "2024-03-13T09:48:31.346Z"
  },
  {
    "ItemsInOrder": {
      "1": {
        "ItemSerial": 1,
        "Category": "Men",
        "ItemName": "M Shart",
        "ItemNamePk": "1",
        "WashType": "DryWash",
        "WashTypePk": "1",
        "locationPk": "Vizag",
        "location": "Vizag",
        "Pcs": 1,
        "Rate": 60,
        "DisPer": 0,
        "AddOn": "0-0",
        "DeliveryDateTime": "2024-03-20T15:39:12",
        "Total": 60
      }
    },
    "CustomerData": {
      "CustomerName": "bhanaji rao",
      "CustomerMobile": "9949863333"
    },
    "OrderData": {
      "BranchName": "Yandada",
      "Currentdateandtime": "2024-03-13T15:39:12"
    },
    "AddOnData": {},
    "CheckOutData": {
      "1": {
        "RoundOff": 0.2,
        "CashAmount": 0,
        "CardAmount": 0,
        "UPIAmount": 71,
        "DiscountPer": 0,
        "GstData": {
          "DiscountAmount": 0,
          "CGST": 5.4,
          "SGST": 5.4
        }
      }
    },
    "UuId": 21,
    "pk": 21,
    "DateTime": "2024-03-13T10:09:30.627Z"
  },
  {
    "ItemsInOrder": {
      "1": {
        "ItemSerial": 1,
        "Category": "Women",
        "ItemName": "W Saree",
        "ItemNamePk": "5",
        "WashType": "DryWash",
        "WashTypePk": "5",
        "locationPk": "Vizag",
        "location": "Vizag",
        "Pcs": 1,
        "Rate": 130,
        "DisPer": 0,
        "AddOn": "0-0",
        "DeliveryDateTime": "2024-03-23T15:40:22",
        "Total": 130
      },
      "2": {
        "ItemSerial": 2,
        "Category": "Women",
        "ItemName": "BLOUSE",
        "ItemNamePk": "64",
        "WashType": "DryWash",
        "WashTypePk": "64",
        "locationPk": "Vizag",
        "location": "Vizag",
        "Pcs": 1,
        "Rate": 30,
        "DisPer": 0,
        "AddOn": "0-0",
        "DeliveryDateTime": "2024-03-20T15:41:16",
        "Total": 30
      }
    },
    "CustomerData": {
      "CustomerName": "d s raju",
      "CustomerMobile": "9949241078"
    },
    "OrderData": {
      "BranchName": "Yandada",
      "Currentdateandtime": "2024-03-13T15:40:22"
    },
    "AddOnData": {
      "1": {
        "AddOnService": "m str",
        "AddOnRate": 0,
        "AddOnItemSerial": 1,
        "AddOnImageSerial": ""
      },
      "2": {
        "AddOnService": "stains",
        "AddOnRate": 0,
        "AddOnItemSerial": 2,
        "AddOnImageSerial": ""
      }
    },
    "CheckOutData": {
      "1": {
        "RoundOff": 0.2,
        "CashAmount": 189,
        "CardAmount": 0,
        "UPIAmount": 0,
        "DiscountPer": 0,
        "GstData": {
          "DiscountAmount": 0,
          "CGST": 14.4,
          "SGST": 14.4
        }
      }
    },
    "UuId": 22,
    "pk": 22,
    "DateTime": "2024-03-13T10:10:55.369Z"
  },
  {
    "ItemsInOrder": {
      "1": {
        "ItemSerial": 1,
        "Category": "Men",
        "ItemName": "M Shart",
        "ItemNamePk": "1",
        "WashType": "DryWash",
        "WashTypePk": "1",
        "locationPk": "Vizag",
        "location": "Vizag",
        "Pcs": 3,
        "Rate": 60,
        "DisPer": 0,
        "AddOn": "0-0",
        "DeliveryDateTime": "2024-03-20T15:43:19",
        "Total": 180
      },
      "2": {
        "ItemSerial": 2,
        "Category": "Men",
        "ItemName": "M Pant",
        "ItemNamePk": "2",
        "WashType": "DryWash",
        "WashTypePk": "2",
        "locationPk": "Vizag",
        "location": "Vizag",
        "Pcs": 3,
        "Rate": 60,
        "DisPer": 0,
        "AddOn": "0-0",
        "DeliveryDateTime": "2024-03-20T15:44:07",
        "Total": 180
      }
    },
    "CustomerData": {
      "CustomerName": "sri ramulu",
      "CustomerMobile": "7013151324"
    },
    "OrderData": {
      "BranchName": "Yandada",
      "Currentdateandtime": "2024-03-13T15:43:19"
    },
    "AddOnData": {
      "1": {
        "AddOnService": "m str",
        "AddOnRate": 0,
        "AddOnItemSerial": 1,
        "AddOnImageSerial": ""
      },
      "2": {
        "AddOnService": "ink stains",
        "AddOnRate": 0,
        "AddOnItemSerial": 1,
        "AddOnImageSerial": ""
      }
    },
    "CheckOutData": {
      "1": {
        "RoundOff": 0.2,
        "CashAmount": 0,
        "CardAmount": 425,
        "UPIAmount": 0,
        "DiscountPer": 0,
        "GstData": {
          "DiscountAmount": 0,
          "CGST": 32.4,
          "SGST": 32.4
        }
      }
    },
    "UuId": 23,
    "pk": 23,
    "DateTime": "2024-03-13T10:13:33.109Z"
  },
  {
    "ItemsInOrder": {
      "1": {
        "ItemSerial": 1,
        "Category": "Men",
        "ItemName": "M Shart",
        "ItemNamePk": "1",
        "WashType": "DryWash",
        "WashTypePk": "1",
        "locationPk": "Vizag",
        "location": "Vizag",
        "Pcs": 1,
        "Rate": 60,
        "DisPer": 0,
        "AddOn": "0-0",
        "DeliveryDateTime": "2024-03-23T15:46:25",
        "Total": 60
      }
    },
    "CustomerData": {
      "CustomerName": "bhanaji rao",
      "CustomerMobile": "9949863333"
    },
    "OrderData": {
      "BranchName": "Yandada",
      "Currentdateandtime": "2024-03-13T15:46:25"
    },
    "AddOnData": {
      "1": {
        "AddOnService": "H STR",
        "AddOnRate": 0,
        "AddOnItemSerial": 1,
        "AddOnImageSerial": ""
      },
      "2": {
        "AddOnService": "H STR",
        "AddOnRate": 10,
        "AddOnItemSerial": 1,
        "AddOnImageSerial": ""
      }
    },
    "CheckOutData": {
      "1": {
        "RoundOff": 0.4,
        "CashAmount": 83,
        "CardAmount": 0,
        "UPIAmount": 0,
        "DiscountPer": 0,
        "GstData": {
          "DiscountAmount": 0,
          "CGST": 6.3,
          "SGST": 6.3
        }
      }
    },
    "UuId": 24,
    "pk": 24,
    "DateTime": "2024-03-13T10:17:14.605Z"
  },
  {
    "ItemsInOrder": {
      "1": {
        "ItemSerial": 1,
        "Category": "Men",
        "ItemName": "M Shart",
        "ItemNamePk": "1",
        "WashType": "DryWash",
        "WashTypePk": "1",
        "locationPk": "Vizag",
        "location": "Vizag",
        "Pcs": 1,
        "Rate": 60,
        "DisPer": 0,
        "AddOn": "0-0",
        "DeliveryDateTime": "2024-03-20T15:49:13",
        "Total": 60
      }
    },
    "CustomerData": {
      "CustomerName": "somaraju",
      "CustomerMobile": "9705751511"
    },
    "OrderData": {
      "BranchName": "Yandada",
      "Currentdateandtime": "2024-03-13T15:49:13"
    },
    "AddOnData": {
      "1": {
        "AddOnService": "H STR",
        "AddOnRate": 0,
        "AddOnItemSerial": 1,
        "AddOnImageSerial": ""
      }
    },
    "CheckOutData": {
      "1": {
        "RoundOff": 0.2,
        "CashAmount": 71,
        "CardAmount": 0,
        "UPIAmount": 0,
        "DiscountPer": 0,
        "GstData": {
          "DiscountAmount": 0,
          "CGST": 5.4,
          "SGST": 5.4
        }
      }
    },
    "UuId": 25,
    "pk": 25,
    "DateTime": "2024-03-13T10:19:39.026Z"
  },
  {
    "ItemsInOrder": {
      "1": {
        "ItemSerial": 1,
        "Category": "Women",
        "ItemName": "W Saree",
        "ItemNamePk": "5",
        "WashType": "DryWash",
        "WashTypePk": "5",
        "locationPk": "Vizag",
        "location": "Vizag",
        "Pcs": 1,
        "Rate": 130,
        "DisPer": 0,
        "AddOn": "0-0",
        "DeliveryDateTime": "2024-03-20T15:51:42",
        "Total": 130
      }
    },
    "CustomerData": {
      "CustomerName": "SREENIVAS",
      "CustomerMobile": "8341177771"
    },
    "OrderData": {
      "BranchName": "Yandada",
      "Currentdateandtime": "2024-03-13T15:51:42"
    },
    "AddOnData": {
      "1": {
        "AddOnService": "stains",
        "AddOnRate": 10,
        "AddOnItemSerial": 1,
        "AddOnImageSerial": ""
      }
    },
    "CheckOutData": {
      "1": {
        "RoundOff": -0.2,
        "CashAmount": 165,
        "CardAmount": 0,
        "UPIAmount": 0,
        "DiscountPer": 0,
        "GstData": {
          "DiscountAmount": 0,
          "CGST": 12.6,
          "SGST": 12.6
        }
      }
    },
    "UuId": 26,
    "pk": 26,
    "DateTime": "2024-03-13T10:22:05.458Z"
  },
  {
    "ItemsInOrder": {
      "1": {
        "ItemSerial": 1,
        "Category": "Men",
        "ItemName": "M Shart",
        "ItemNamePk": "1",
        "WashType": "DryWash",
        "WashTypePk": "1",
        "locationPk": "Vizag",
        "location": "Vizag",
        "Pcs": 2,
        "Rate": 60,
        "DisPer": 0,
        "AddOn": "0-0",
        "DeliveryDateTime": "2024-03-20T15:55:22",
        "Total": 120
      },
      "2": {
        "ItemSerial": 2,
        "Category": "Men",
        "ItemName": "M Pant",
        "ItemNamePk": "2",
        "WashType": "DryWash",
        "WashTypePk": "2",
        "locationPk": "Vizag",
        "location": "Vizag",
        "Pcs": 2,
        "Rate": 60,
        "DisPer": 0,
        "AddOn": "0-0",
        "DeliveryDateTime": "2024-03-20T15:56:01",
        "Total": 120
      }
    },
    "CustomerData": {
      "CustomerName": "ch v laxmi",
      "CustomerMobile": "8374036399"
    },
    "OrderData": {
      "BranchName": "Yandada",
      "Currentdateandtime": "2024-03-13T15:55:22"
    },
    "AddOnData": {
      "1": {
        "AddOnService": "stains",
        "AddOnRate": 1,
        "AddOnItemSerial": 1,
        "AddOnImageSerial": ""
      }
    },
    "CheckOutData": {},
    "UuId": 27,
    "pk": 27,
    "DateTime": "2024-03-13T10:25:36.332Z"
  },
  {
    "ItemsInOrder": {
      "1": {
        "ItemSerial": 1,
        "Category": "Men",
        "ItemName": "M Shart",
        "ItemNamePk": "1",
        "WashType": "DryWash",
        "WashTypePk": "1",
        "locationPk": "Vizag",
        "location": "Vizag",
        "Pcs": 2,
        "Rate": 60,
        "DisPer": 0,
        "AddOn": "0-0",
        "DeliveryDateTime": "2024-03-20T15:58:44",
        "Total": 120
      },
      "2": {
        "ItemSerial": 2,
        "Category": "Men",
        "ItemName": "M Pant",
        "ItemNamePk": "2",
        "WashType": "DryWash",
        "WashTypePk": "2",
        "locationPk": "Vizag",
        "location": "Vizag",
        "Pcs": 2,
        "Rate": 60,
        "DisPer": 0,
        "AddOn": "0-0",
        "DeliveryDateTime": "2024-03-20T15:59:30",
        "Total": 120
      },
      "3": {
        "ItemSerial": 3,
        "Category": "Men",
        "ItemName": "M Shart",
        "ItemNamePk": "1",
        "WashTypePk": "1",
        "locationPk": "Vizag",
        "location": "Vizag",
        "Pcs": 1,
        "Rate": 45,
        "DisPer": 0,
        "AddOn": "0-0",
        "DeliveryDateTime": "2024-03-20T15:59:54",
        "Total": 45
      }
    },
    "CustomerData": {
      "CustomerName": "ch v laxmi",
      "CustomerMobile": "8374036399"
    },
    "OrderData": {
      "BranchName": "Yandada",
      "Currentdateandtime": "2024-03-13T15:55:22"
    },
    "AddOnData": {
      "1": {
        "AddOnService": "m str",
        "AddOnRate": 0,
        "AddOnItemSerial": 1,
        "AddOnImageSerial": ""
      }
    },
    "CheckOutData": {
      "1": {
        "RoundOff": -0.2,
        "CashAmount": 283,
        "CardAmount": 0,
        "UPIAmount": 0,
        "DiscountPer": 0,
        "GstData": {
          "DiscountAmount": 0,
          "CGST": 21.6,
          "SGST": 21.6
        }
      }
    },
    "UuId": 28,
    "pk": 28,
    "DateTime": "2024-03-13T10:27:35.518Z"
  },
  {
    "ItemsInOrder": {
      "1": {
        "ItemSerial": 1,
        "Category": "Women",
        "ItemName": "LONG FROCK",
        "ItemNamePk": "11",
        "WashType": "DryWash",
        "WashTypePk": "11",
        "locationPk": "Vizag",
        "location": "Vizag",
        "Pcs": 3,
        "Rate": 350,
        "DisPer": 0,
        "AddOn": "0-0",
        "DeliveryDateTime": "2024-03-20T16:02:25",
        "Total": 1050
      },
      "2": {
        "ItemSerial": 2,
        "Category": "Kids",
        "ItemName": "K Shart",
        "ItemNamePk": "3",
        "WashTypePk": "3",
        "locationPk": "Vizag",
        "location": "Vizag",
        "Pcs": 1,
        "Rate": 40,
        "DisPer": 0,
        "AddOn": "0-0",
        "DeliveryDateTime": "2024-03-20T16:02:43",
        "Total": 40
      },
      "3": {
        "ItemSerial": 3,
        "Category": "Women",
        "ItemName": "BOTTOM",
        "ItemNamePk": "49",
        "WashType": "DryWash",
        "WashTypePk": "49",
        "locationPk": "Vizag",
        "location": "Vizag",
        "Pcs": 1,
        "Rate": 50,
        "DisPer": 0,
        "AddOn": "0-0",
        "DeliveryDateTime": "2024-03-20T16:03:19",
        "Total": 50
      },
      "4": {
        "ItemSerial": 4,
        "Category": "Others",
        "ItemName": "NAPKIN",
        "ItemNamePk": "101",
        "WashType": "DryWash",
        "WashTypePk": "101",
        "locationPk": "Vizag",
        "location": "Vizag",
        "Pcs": 1,
        "Rate": 20,
        "DisPer": 0,
        "AddOn": "0-0",
        "DeliveryDateTime": "2024-03-20T16:03:56",
        "Total": 20
      },
      "5": {
        "ItemSerial": 5,
        "Category": "Kids",
        "ItemName": "PYZAMA",
        "ItemNamePk": "80",
        "WashType": "DryWash",
        "WashTypePk": "80",
        "locationPk": "Vizag",
        "location": "Vizag",
        "Pcs": 1,
        "Rate": 40,
        "DisPer": 0,
        "AddOn": "0-0",
        "DeliveryDateTime": "2024-03-20T16:05",
        "Total": 40
      }
    },
    "CustomerData": {
      "CustomerName": "d s raju",
      "CustomerMobile": "9949241078"
    },
    "OrderData": {
      "BranchName": "Yandada",
      "Currentdateandtime": "2024-03-13T16:02:25"
    },
    "AddOnData": {
      "1": {
        "AddOnService": "m str",
        "AddOnRate": 0,
        "AddOnItemSerial": 3,
        "AddOnImageSerial": ""
      }
    },
    "CheckOutData": {
      "1": {
        "RoundOff": 0,
        "CashAmount": 1416,
        "CardAmount": 0,
        "UPIAmount": 0,
        "DiscountPer": 0,
        "GstData": {
          "DiscountAmount": 0,
          "CGST": 108,
          "SGST": 108
        }
      }
    },
    "UuId": 29,
    "pk": 29,
    "DateTime": "2024-03-13T10:32:41.315Z"
  },
  {
    "ItemsInOrder": {
      "1": {
        "ItemSerial": 1,
        "Category": "Men",
        "ItemName": "SILK DOTHI",
        "ItemNamePk": "18",
        "WashType": "DryWash",
        "WashTypePk": "18",
        "locationPk": "Vizag",
        "location": "Vizag",
        "Pcs": 1,
        "Rate": 100,
        "DisPer": 0,
        "AddOn": "0-0",
        "DeliveryDateTime": "2024-03-20T17:17:23",
        "Total": 100
      },
      "3": {
        "ItemSerial": 3,
        "Category": "Men",
        "ItemName": "M Shart",
        "ItemNamePk": "1",
        "WashType": "DryWash",
        "WashTypePk": "1",
        "locationPk": "Vizag",
        "location": "Vizag",
        "Pcs": 2,
        "Rate": 60,
        "DisPer": 0,
        "AddOn": "0-0",
        "DeliveryDateTime": "2024-03-20T17:18:27",
        "Total": 120
      },
      "4": {
        "ItemSerial": 3,
        "Category": "Men",
        "ItemName": "KANDUVA",
        "ItemNamePk": "22",
        "WashType": "DryWash",
        "WashTypePk": "22",
        "locationPk": "Vizag",
        "location": "Vizag",
        "Pcs": 1,
        "Rate": 60,
        "DisPer": 0,
        "AddOn": "0-0",
        "DeliveryDateTime": "2024-03-20T17:19:20",
        "Total": 60
      },
      "5": {
        "ItemSerial": 4,
        "Category": "Women",
        "ItemName": "W Saree",
        "ItemNamePk": "5",
        "WashTypePk": "5",
        "locationPk": "Vizag",
        "location": "Vizag",
        "Pcs": 1,
        "Rate": 60,
        "DisPer": 0,
        "AddOn": "0-0",
        "DeliveryDateTime": "2024-03-20T17:19:57",
        "Total": 60
      },
      "6": {
        "ItemSerial": 4,
        "Category": "Women",
        "ItemName": "W Saree",
        "ItemNamePk": "5",
        "WashTypePk": "5",
        "locationPk": "Vizag",
        "location": "Vizag",
        "Pcs": 1,
        "Rate": 60,
        "DisPer": 0,
        "AddOn": "0-0",
        "DeliveryDateTime": "2024-03-20T17:19:57",
        "Total": 60
      }
    },
    "CustomerData": {
      "CustomerName": "rama krishna",
      "CustomerMobile": "7675800666"
    },
    "OrderData": {
      "BranchName": "Yandada",
      "Currentdateandtime": "2024-03-13T17:17:23"
    },
    "AddOnData": {
      "1": {
        "AddOnService": "ink stains",
        "AddOnRate": 0,
        "AddOnItemSerial": 3,
        "AddOnImageSerial": ""
      }
    },
    "CheckOutData": {},
    "UuId": 30,
    "pk": 30,
    "DateTime": "2024-03-13T11:47:46.070Z"
  },
  {
    "ItemsInOrder": {
      "1": {
        "ItemSerial": 1,
        "Category": "Men",
        "ItemName": "M Pant",
        "ItemNamePk": "2",
        "WashType": "DryWash",
        "WashTypePk": "2",
        "locationPk": "Vizag",
        "location": "Vizag",
        "Pcs": 2,
        "Rate": 60,
        "DisPer": 0,
        "AddOn": "0-0",
        "DeliveryDateTime": "2024-03-23T18:54:41",
        "Total": 120
      }
    },
    "CustomerData": {
      "CustomerName": "rama krishna",
      "CustomerMobile": "7675800666"
    },
    "OrderData": {
      "BranchName": "Yandada",
      "Currentdateandtime": "2024-03-13T18:54:41"
    },
    "AddOnData": {},
    "CheckOutData": {
      "1": {
        "RoundOff": 0.4,
        "CashAmount": 100,
        "CardAmount": 0,
        "UPIAmount": 42,
        "DiscountPer": 0,
        "GstData": {
          "DiscountAmount": 0,
          "CGST": 10.8,
          "SGST": 10.8
        }
      }
    },
    "UuId": 31,
    "pk": 31,
    "DateTime": "2024-03-13T13:25:04.364Z"
  },
  {
    "ItemsInOrder": {
      "1": {
        "ItemSerial": 1,
        "Category": "Women",
        "ItemName": "LONG FROCK",
        "ItemNamePk": "11",
        "WashType": "DryWash",
        "WashTypePk": "11",
        "locationPk": "Vizag",
        "location": "Vizag",
        "Pcs": 1,
        "Rate": 350,
        "DisPer": 0,
        "AddOn": "0-0",
        "DeliveryDateTime": "2024-03-20T18:56:52",
        "Total": 350
      },
      "2": {
        "ItemSerial": 2,
        "Category": "Women",
        "ItemName": "W Saree",
        "ItemNamePk": "5",
        "WashTypePk": "5",
        "locationPk": "Vizag",
        "location": "Vizag",
        "Pcs": 1,
        "Rate": 60,
        "DisPer": 0,
        "AddOn": "0-0",
        "DeliveryDateTime": "2024-03-20T18:57:19",
        "Total": 60
      },
      "3": {
        "ItemSerial": 3,
        "Category": "Women",
        "ItemName": "WORK TOP",
        "ItemNamePk": "46",
        "WashType": "DryWash",
        "WashTypePk": "46",
        "locationPk": "Vizag",
        "location": "Vizag",
        "Pcs": 1,
        "Rate": 200,
        "DisPer": 0,
        "AddOn": "0-0",
        "DeliveryDateTime": "2024-03-20T18:58",
        "Total": 200
      }
    },
    "CustomerData": {
      "CustomerName": "Manju",
      "CustomerMobile": "9441966112"
    },
    "OrderData": {
      "BranchName": "Yandada",
      "Currentdateandtime": "2024-03-13T18:56:52"
    },
    "AddOnData": {},
    "CheckOutData": {
      "1": {
        "RoundOff": 0.2,
        "CashAmount": 600,
        "CardAmount": 0,
        "UPIAmount": 120,
        "DiscountPer": 0,
        "GstData": {
          "DiscountAmount": 0,
          "CGST": 54.9,
          "SGST": 54.9
        }
      }
    },
    "UuId": 32,
    "pk": 32,
    "DateTime": "2024-03-13T13:27:17.727Z"
  },
  {
    "ItemsInOrder": {
      "1": {
        "ItemSerial": 1,
        "Category": "Women",
        "ItemName": "W Saree",
        "ItemNamePk": "5",
        "WashType": "DryWash",
        "WashTypePk": "5",
        "locationPk": "Vizag",
        "location": "Vizag",
        "Pcs": 4,
        "Rate": 130,
        "DisPer": 0,
        "AddOn": "0-0",
        "DeliveryDateTime": "2024-03-24T10:31:07",
        "Total": 520
      },
      "2": {
        "ItemSerial": 2,
        "Category": "Women",
        "ItemName": "BLOUSE",
        "ItemNamePk": "64",
        "WashTypePk": "64",
        "locationPk": "Vizag",
        "location": "Vizag",
        "Pcs": 3,
        "Rate": 30,
        "DisPer": 0,
        "AddOn": "0-0",
        "DeliveryDateTime": "2024-03-21T10:31:33",
        "Total": 90
      },
      "3": {
        "ItemSerial": 3,
        "Category": "Men",
        "ItemName": "KANDUVA",
        "ItemNamePk": "22",
        "WashType": "DryWash",
        "WashTypePk": "22",
        "locationPk": "Vizag",
        "location": "Vizag",
        "Pcs": 1,
        "Rate": 50,
        "DisPer": 0,
        "AddOn": "0-0",
        "DeliveryDateTime": "2024-03-21T10:32:35",
        "Total": 50
      },
      "4": {
        "ItemSerial": 4,
        "Category": "Men",
        "ItemName": "SILK DOTHI",
        "ItemNamePk": "18",
        "WashTypePk": "18",
        "locationPk": "Vizag",
        "location": "Vizag",
        "Pcs": 1,
        "Rate": 100,
        "DisPer": 0,
        "AddOn": "0-0",
        "DeliveryDateTime": "2024-03-21T10:32:59",
        "Total": 100
      }
    },
    "CustomerData": {
      "CustomerName": "p. prakash rao",
      "CustomerMobile": "7893477999"
    },
    "OrderData": {
      "BranchName": "Yandada",
      "Currentdateandtime": "2024-03-14T10:31:07"
    },
    "AddOnData": {},
    "CheckOutData": {
      "1": {
        "RoundOff": 0.2,
        "CashAmount": 897,
        "CardAmount": 0,
        "UPIAmount": 0,
        "DiscountPer": 0,
        "GstData": {
          "DiscountAmount": 0,
          "CGST": 68.4,
          "SGST": 68.4
        }
      }
    },
    "UuId": 33,
    "pk": 33,
    "DateTime": "2024-03-14T05:01:31.993Z"
  },
  {
    "ItemsInOrder": {
      "1": {
        "ItemSerial": 1,
        "Category": "Men",
        "ItemName": "M Shart",
        "ItemNamePk": "1",
        "WashType": "DryWash",
        "WashTypePk": "1",
        "locationPk": "Vizag",
        "location": "Vizag",
        "Pcs": 9,
        "Rate": 60,
        "DisPer": 0,
        "AddOn": "0-0",
        "DeliveryDateTime": "2024-03-26T11:01:54",
        "Total": 540
      }
    },
    "CustomerData": {
      "CustomerName": "babu rao",
      "CustomerMobile": "9000322699"
    },
    "OrderData": {
      "BranchName": "Yandada",
      "Currentdateandtime": "2024-03-14T11:01:54"
    },
    "AddOnData": {
      "1": {
        "AddOnService": "m str",
        "AddOnRate": 0,
        "AddOnItemSerial": 1,
        "AddOnImageSerial": ""
      }
    },
    "CheckOutData": {
      "1": {
        "RoundOff": -0.2,
        "CashAmount": 0,
        "CardAmount": 0,
        "UPIAmount": 637,
        "DiscountPer": 0,
        "GstData": {
          "DiscountAmount": 0,
          "CGST": 48.6,
          "SGST": 48.6
        }
      }
    },
    "UuId": 34,
    "pk": 34,
    "DateTime": "2024-03-14T05:32:15.704Z"
  },
  {
    "ItemsInOrder": {
      "1": {
        "ItemSerial": 1,
        "Category": "Men",
        "ItemName": "M Shart",
        "ItemNamePk": "1",
        "WashType": "DryWash",
        "WashTypePk": "1",
        "locationPk": "Vizag",
        "location": "Vizag",
        "Pcs": 1,
        "Rate": 45,
        "DisPer": 0,
        "AddOn": "0-0",
        "DeliveryDateTime": "2024-03-21T12:49:21",
        "Total": 45
      }
    },
    "CustomerData": {
      "CustomerName": "SREENIVAS",
      "CustomerMobile": "8341177771"
    },
    "OrderData": {
      "BranchName": "Yandada",
      "Currentdateandtime": "2024-03-14T12:49:21"
    },
    "AddOnData": {
      "1": {
        "AddOnService": "Petrol Wash High",
        "AddOnRate": 25,
        "AddOnItemSerial": 1,
        "AddOnImageSerial": ""
      }
    },
    "CheckOutData": {
      "1": {
        "RoundOff": 0.4,
        "CashAmount": 83,
        "CardAmount": 0,
        "UPIAmount": 0,
        "DiscountPer": 0,
        "GstData": {
          "DiscountAmount": 0,
          "CGST": 6.3,
          "SGST": 6.3
        }
      }
    },
    "UuId": 35,
    "pk": 35,
    "DateTime": "2024-03-14T07:19:26.638Z"
  }
]