[
  {
    "AddOnService": "Petrol Wash Medium",
    "AddOnRate": "20",
    "UuId": 1,
    "pk": 1,
    "DateTime": "2024-03-05T06:09:02.672Z"
  },
  {
    "AddOnService": "Petrol Wash High",
    "AddOnRate": "25",
    "UuId": 2,
    "pk": 2,
    "DateTime": "2024-03-05T06:09:37.226Z"
  },
  {
    "AddOnService": "Rolling",
    "AddOnRate": "20",
    "UuId": 3,
    "pk": 3,
    "DateTime": "2024-03-05T06:09:55.999Z"
  },
  {
    "AddOnService": "Starch",
    "AddOnRate": "30",
    "UuId": 4,
    "pk": 4,
    "DateTime": "2024-03-05T06:10:21.976Z"
  },
  {
    "AddOnService": "Petrol Wash Normal",
    "AddOnRate": "30",
    "UuId": 5,
    "pk": 5,
    "DateTime": "2024-03-05T11:28:31.108Z"
  },
  {
    "AddOnService": "polishing",
    "AddOnRate": "30",
    "UuId": 6,
    "pk": 6,
    "DateTime": "2024-03-07T08:29:42.468Z"
  },
  {
    "AddOnService": "stains",
    "AddOnRate": "10",
    "UuId": 7,
    "pk": 7,
    "DateTime": "2024-03-07T08:29:58.674Z"
  },
  {
    "AddOnService": "m str",
    "AddOnRate": "0",
    "UuId": 8,
    "pk": 8,
    "DateTime": "2024-03-07T08:32:45.605Z"
  },
  {
    "AddOnService": "H STR",
    "AddOnRate": "10",
    "UuId": 9,
    "pk": 9,
    "DateTime": "2024-03-07T08:33:06.101Z"
  },
  {
    "AddOnService": "pattu saree",
    "AddOnRate": "0",
    "UuId": 10,
    "pk": 10,
    "DateTime": "2024-03-07T08:41:00.261Z"
  },
  {
    "AddOnService": "kanduva",
    "AddOnRate": "0",
    "UuId": 11,
    "pk": 11,
    "DateTime": "2024-03-07T08:43:27.192Z"
  },
  {
    "AddOnService": "ink stains",
    "AddOnRate": "0",
    "UuId": 12,
    "pk": 12,
    "DateTime": "2024-03-07T09:38:52.599Z"
  },
  {
    "AddOnService": "INKASATINS",
    "AddOnRate": "0",
    "UuId": 13,
    "pk": 13,
    "DateTime": "2024-03-07T09:39:02.324Z"
  },
  {
    "AddOnService": "long frock",
    "AddOnRate": "250",
    "UuId": 14,
    "pk": 14,
    "DateTime": "2024-03-07T09:40:57.985Z"
  },
  {
    "AddOnService": "t shirt",
    "AddOnRate": "60",
    "UuId": 15,
    "pk": 15,
    "DateTime": "2024-03-07T09:43:31.926Z"
  },
  {
    "AddOnService": "Track pant",
    "AddOnRate": "50",
    "UuId": 16,
    "pk": 16,
    "DateTime": "2024-03-07T09:44:01.964Z"
  },
  {
    "AddOnService": "pyjama",
    "AddOnRate": "50",
    "UuId": 17,
    "pk": 17,
    "DateTime": "2024-03-07T09:44:21.580Z"
  },
  {
    "AddOnService": "PRS",
    "AddOnRate": "80",
    "UuId": 18,
    "pk": 18,
    "DateTime": "2024-03-08T07:05:18.295Z"
  },
  {
    "AddOnService": "RL",
    "AddOnRate": "100",
    "UuId": 19,
    "pk": 19,
    "DateTime": "2024-03-08T07:05:32.010Z"
  },
  {
    "AddOnService": "CW",
    "AddOnRate": "250",
    "UuId": 20,
    "pk": 20,
    "DateTime": "2024-03-08T07:05:59.603Z"
  },
  {
    "AddOnService": "PW",
    "AddOnRate": "400",
    "UuId": 21,
    "pk": 21,
    "DateTime": "2024-03-08T07:06:09.836Z"
  },
  {
    "AddOnService": "SW",
    "AddOnRate": "250",
    "UuId": 22,
    "pk": 22,
    "DateTime": "2024-03-08T07:06:32.811Z"
  },
  {
    "AddOnService": "POLIS",
    "AddOnRate": "100",
    "UuId": 23,
    "pk": 23,
    "DateTime": "2024-03-08T07:06:44.844Z"
  },
  {
    "AddOnService": "DW",
    "AddOnRate": "60",
    "UuId": 24,
    "pk": 24,
    "DateTime": "2024-03-08T07:07:10.971Z"
  },
  {
    "AddOnService": "DR",
    "AddOnRate": "150",
    "UuId": 25,
    "pk": 25,
    "DateTime": "2024-03-08T07:07:40.901Z"
  },
  {
    "AddOnService": "SHI",
    "AddOnRate": "0",
    "UuId": 26,
    "pk": 26,
    "DateTime": "2024-03-08T07:08:25.292Z"
  },
  {
    "AddOnService": "UHW",
    "AddOnRate": "0",
    "UuId": 27,
    "pk": 27,
    "DateTime": "2024-03-08T07:08:42.169Z"
  },
  {
    "AddOnService": "P SRINIVASRAO",
    "AddOnRate": "0",
    "UuId": 28,
    "pk": 28,
    "DateTime": "2024-03-09T09:24:21.907Z"
  },
  {
    "AddOnService": "DUPPATA",
    "AddOnRate": "0",
    "UuId": 29,
    "pk": 29,
    "DateTime": "2024-03-09T09:24:48.620Z"
  },
  {
    "AddOnService": "YELLOWSTAINS",
    "AddOnRate": "0",
    "UuId": 30,
    "pk": 30,
    "DateTime": "2024-03-11T11:15:56.110Z"
  },
  {
    "AddOnService": "L Str",
    "AddOnRate": "0",
    "UuId": 31,
    "pk": 31,
    "DateTime": "2024-03-11T12:32:41.115Z"
  }
]