[
  {
    "CustomerName": "SREENIVAS",
    "Mobile": "8341177771",
    "City": "KKD",
    "UuId": 1,
    "pk": 1,
    "DateTime": "2024-03-05T05:29:20.700Z"
  },
  {
    "CustomerName": "MONOJINI MADAM",
    "Mobile": "1234567891",
    "City": "VIZAG",
    "UuId": 11,
    "pk": 11,
    "DateTime": "2024-03-07T09:55:30.787Z"
  },
  {
    "CustomerName": "ravi",
    "Mobile": "9959253958",
    "City": "Vizag",
    "UuId": 16,
    "pk": 16,
    "DateTime": "2024-03-08T07:00:02.304Z"
  },
  {
    "CustomerName": "G.Ravikumar",
    "Mobile": "9848173149",
    "City": "steelplant",
    "UuId": 17,
    "pk": 17,
    "DateTime": "2024-03-08T07:19:37.188Z"
  },
  {
    "CustomerName": "Anuradha",
    "Mobile": "9866673032",
    "City": "sp",
    "UuId": 19,
    "pk": 19,
    "DateTime": "2024-03-08T07:41:47.092Z"
  },
  {
    "CustomerName": "somaraju",
    "Mobile": "9705751511",
    "City": "Vizag",
    "UuId": 20,
    "pk": 20,
    "DateTime": "2024-03-08T10:01:32.651Z"
  },
  {
    "CustomerName": "k.eswararo",
    "Mobile": "9441465306",
    "City": "sp",
    "UuId": 21,
    "pk": 21,
    "DateTime": "2024-03-08T10:09:24.126Z"
  },
  {
    "CustomerName": "sri ramulu",
    "Mobile": "7013151324",
    "City": "Vizag",
    "UuId": 22,
    "pk": 22,
    "DateTime": "2024-03-08T10:42:44.067Z"
  },
  {
    "CustomerName": "reddy kk",
    "Mobile": "9703827111",
    "City": "pvp",
    "UuId": 24,
    "pk": 24,
    "DateTime": "2024-03-08T11:53:10.517Z"
  },
  {
    "CustomerName": "reddy klj",
    "Mobile": "7896543211",
    "City": "Vizag",
    "UuId": 25,
    "pk": 25,
    "DateTime": "2024-03-08T12:10:15.737Z"
  },
  {
    "CustomerName": "RVV.Nagesh",
    "Mobile": "9618698889",
    "City": "sp",
    "UuId": 26,
    "pk": 26,
    "DateTime": "2024-03-08T12:26:45.673Z"
  },
  {
    "CustomerName": "Srinivas rao",
    "Mobile": "7893412141",
    "City": "sp",
    "UuId": 27,
    "pk": 27,
    "DateTime": "2024-03-08T12:29:46.474Z"
  },
  {
    "CustomerName": "B.Sivabhaskar",
    "Mobile": "8500226902",
    "City": "sp",
    "UuId": 28,
    "pk": 28,
    "DateTime": "2024-03-08T12:31:57.593Z"
  },
  {
    "CustomerName": "REDDYYYY",
    "Mobile": "1111112301",
    "City": "PIP",
    "UuId": 29,
    "pk": 29,
    "DateTime": "2024-03-09T07:41:53.066Z"
  },
  {
    "CustomerName": "radha mani",
    "Mobile": "9951451818",
    "City": "vud",
    "UuId": 30,
    "pk": 30,
    "DateTime": "2024-03-09T08:06:34.164Z"
  },
  {
    "CustomerName": "v kama raju",
    "Mobile": "9849766622",
    "City": "vud",
    "UuId": 31,
    "pk": 31,
    "DateTime": "2024-03-09T08:10:28.580Z"
  },
  {
    "CustomerName": "Manju",
    "Mobile": "9441966112",
    "City": "Vizag",
    "UuId": 32,
    "pk": 32,
    "DateTime": "2024-03-09T08:41:54.621Z"
  },
  {
    "CustomerName": "sai taja",
    "Mobile": "7670995891",
    "City": "vud",
    "UuId": 33,
    "pk": 33,
    "DateTime": "2024-03-09T08:51:46.243Z"
  },
  {
    "CustomerName": "dharma",
    "Mobile": "9059346364",
    "City": "vud",
    "UuId": 34,
    "pk": 34,
    "DateTime": "2024-03-09T08:53:07.892Z"
  },
  {
    "CustomerName": "m lakshmi",
    "Mobile": "9866339299",
    "City": "vud",
    "UuId": 35,
    "pk": 35,
    "DateTime": "2024-03-09T08:55:19.107Z"
  },
  {
    "CustomerName": "j laxmi",
    "Mobile": "9948023249",
    "City": "vud",
    "UuId": 36,
    "pk": 36,
    "DateTime": "2024-03-09T08:55:54.236Z"
  },
  {
    "CustomerName": "santhosh",
    "Mobile": "9573124356",
    "City": "vud",
    "UuId": 37,
    "pk": 37,
    "DateTime": "2024-03-09T08:57:35.551Z"
  },
  {
    "CustomerName": "surya",
    "Mobile": "9553966900",
    "City": "vud",
    "UuId": 38,
    "pk": 38,
    "DateTime": "2024-03-09T08:58:18.819Z"
  },
  {
    "CustomerName": "KRISHNARAO",
    "Mobile": "9393113242",
    "City": "Vizag",
    "UuId": 39,
    "pk": 39,
    "DateTime": "2024-03-09T09:09:58.732Z"
  },
  {
    "CustomerName": "REDDY KRI",
    "Mobile": "0147258369",
    "City": "POIU",
    "UuId": 40,
    "pk": 40,
    "DateTime": "2024-03-09T09:31:36.278Z"
  },
  {
    "CustomerName": "v govind",
    "Mobile": "9848829441",
    "City": "Vizag",
    "UuId": 41,
    "pk": 41,
    "DateTime": "2024-03-09T11:22:35.798Z"
  },
  {
    "CustomerName": "reddy yy",
    "Mobile": "3210650981",
    "City": "yendda",
    "UuId": 42,
    "pk": 42,
    "DateTime": "2024-03-09T11:51:42.363Z"
  },
  {
    "CustomerName": "reddy yend",
    "Mobile": "8977636429",
    "City": "yenadada",
    "UuId": 43,
    "pk": 43,
    "DateTime": "2024-03-09T12:15:11.700Z"
  },
  {
    "CustomerName": "m swarna latha",
    "Mobile": "9030020300",
    "City": "Vizag",
    "UuId": 44,
    "pk": 44,
    "DateTime": "2024-03-09T12:39:48.722Z"
  },
  {
    "CustomerName": "reddy ",
    "Mobile": "9441889649",
    "City": "auto nagar",
    "UuId": 45,
    "pk": 45,
    "DateTime": "2024-03-11T08:26:54.860Z"
  },
  {
    "CustomerName": "reddddy",
    "Mobile": "8498925251",
    "City": "Vizag",
    "UuId": 46,
    "pk": 46,
    "DateTime": "2024-03-11T08:41:16.793Z"
  },
  {
    "CustomerName": "vrara",
    "Mobile": "9391609045",
    "City": "Vizag",
    "UuId": 48,
    "pk": 48,
    "DateTime": "2024-03-11T08:53:07.968Z"
  },
  {
    "CustomerName": "vara laxmi",
    "Mobile": "8186887672",
    "City": "Vizag",
    "UuId": 49,
    "pk": 49,
    "DateTime": "2024-03-11T09:04:07.239Z"
  },
  {
    "CustomerName": "chitti babu",
    "Mobile": "8639394804",
    "City": "Vizag",
    "UuId": 50,
    "pk": 50,
    "DateTime": "2024-03-11T09:14:25.618Z"
  },
  {
    "CustomerName": "prasanth",
    "Mobile": "6300016308",
    "City": "Vizag",
    "UuId": 51,
    "pk": 51,
    "DateTime": "2024-03-11T09:19:57.501Z"
  },
  {
    "CustomerName": "reddy@",
    "Mobile": "8297218556",
    "City": "steel plat",
    "UuId": 52,
    "pk": 52,
    "DateTime": "2024-03-11T09:46:23.676Z"
  },
  {
    "CustomerName": "reddy kjh",
    "Mobile": "8978780345",
    "City": "gjwk",
    "UuId": 53,
    "pk": 53,
    "DateTime": "2024-03-11T10:55:33.900Z"
  },
  {
    "CustomerName": "reddy yyygjjyu",
    "Mobile": "7993195279",
    "City": "nggos",
    "UuId": 54,
    "pk": 54,
    "DateTime": "2024-03-11T11:41:01.604Z"
  },
  {
    "CustomerName": "k. sri laxmi",
    "Mobile": "8008844399",
    "City": "Vizag",
    "UuId": 56,
    "pk": 56,
    "DateTime": "2024-03-11T12:24:54.541Z"
  },
  {
    "CustomerName": "M RAJU",
    "Mobile": "9701348081",
    "City": "VUD",
    "UuId": 57,
    "pk": 57,
    "DateTime": "2024-03-11T13:14:15.725Z"
  },
  {
    "CustomerName": "R SIRISHA",
    "Mobile": "9989013301",
    "City": "VUD",
    "UuId": 58,
    "pk": 58,
    "DateTime": "2024-03-11T13:15:29.883Z"
  },
  {
    "CustomerName": "G govindha raju",
    "Mobile": "9912215999",
    "City": "vud",
    "UuId": 59,
    "pk": 59,
    "DateTime": "2024-03-11T13:16:21.804Z"
  },
  {
    "CustomerName": "tirumala kumar",
    "Mobile": "9100664479",
    "City": "vud",
    "UuId": 60,
    "pk": 60,
    "DateTime": "2024-03-11T13:17:02.052Z"
  },
  {
    "CustomerName": "vijaya kumar",
    "Mobile": "9440195108",
    "City": "vud",
    "UuId": 61,
    "pk": 61,
    "DateTime": "2024-03-11T13:17:34.719Z"
  },
  {
    "CustomerName": "t anusha ",
    "Mobile": "7396288666",
    "City": "vud",
    "UuId": 62,
    "pk": 62,
    "DateTime": "2024-03-11T13:18:06.143Z"
  },
  {
    "CustomerName": "raju",
    "Mobile": "8245612375",
    "City": "Vizag",
    "UuId": 63,
    "pk": 63,
    "DateTime": "2024-03-11T13:46:11.134Z"
  },
  {
    "CustomerName": "j s n raju",
    "Mobile": "9866399646",
    "City": "Vizag",
    "UuId": 64,
    "pk": 64,
    "DateTime": "2024-03-12T09:54:59.929Z"
  },
  {
    "CustomerName": "reddyyyyyy",
    "Mobile": "7995365966",
    "City": "Vizag",
    "UuId": 65,
    "pk": 65,
    "DateTime": "2024-03-12T10:29:17.760Z"
  },
  {
    "CustomerName": "reddyyyyyyyy",
    "Mobile": "9630258741",
    "City": "Vizag",
    "UuId": 66,
    "pk": 66,
    "DateTime": "2024-03-12T11:21:22.281Z"
  },
  {
    "CustomerName": "sujatak",
    "Mobile": "1234565695",
    "City": "",
    "UuId": 67,
    "pk": 67,
    "DateTime": "2024-03-12T11:32:33.605Z"
  },
  {
    "CustomerName": "rambabu",
    "Mobile": "9849621563",
    "City": "Vizag",
    "UuId": 69,
    "pk": 69,
    "DateTime": "2024-03-12T11:45:46.130Z"
  },
  {
    "CustomerName": "nauiugh",
    "Mobile": "8978780346",
    "City": "Vizag",
    "UuId": 70,
    "pk": 70,
    "DateTime": "2024-03-13T06:50:05.109Z"
  },
  {
    "CustomerName": "SRAVANTHI",
    "Mobile": "8985016902",
    "City": "LBC",
    "UuId": 71,
    "pk": 71,
    "DateTime": "2024-03-13T06:55:06.301Z"
  },
  {
    "CustomerName": "vijaya",
    "Mobile": "9652084955",
    "City": "Vizag",
    "UuId": 72,
    "pk": 72,
    "DateTime": "2024-03-13T07:13:32.119Z"
  },
  {
    "CustomerName": "kumar raju",
    "Mobile": "8019303286",
    "City": "Vizag",
    "UuId": 73,
    "pk": 73,
    "DateTime": "2024-03-13T07:32:27.554Z"
  },
  {
    "CustomerName": "p raju",
    "Mobile": "8328076730",
    "UuId": 75,
    "pk": 75,
    "DateTime": "2024-03-13T07:33:09.875Z"
  },
  {
    "CustomerName": "lakshmi",
    "Mobile": "9940025865",
    "UuId": 76,
    "pk": 76,
    "DateTime": "2024-03-13T07:40:01.093Z"
  },
  {
    "CustomerName": "t.srinivas",
    "Mobile": "9448065268",
    "City": "Vizag",
    "UuId": 78,
    "pk": 78,
    "DateTime": "2024-03-13T07:45:57.598Z"
  },
  {
    "CustomerName": "I.Trinadh rao",
    "Mobile": "7702728487",
    "UuId": 79,
    "pk": 79,
    "DateTime": "2024-03-13T07:50:05.423Z"
  },
  {
    "CustomerName": "prasad",
    "Mobile": "9848715533",
    "UuId": 80,
    "pk": 80,
    "DateTime": "2024-03-13T08:17:52.198Z"
  },
  {
    "CustomerName": "L n murthi",
    "Mobile": "9885812556",
    "UuId": 81,
    "pk": 81,
    "DateTime": "2024-03-13T08:19:37.038Z"
  },
  {
    "CustomerName": "gayathri devi",
    "Mobile": "9348194543",
    "UuId": 82,
    "pk": 82,
    "DateTime": "2024-03-13T08:21:06.916Z"
  },
  {
    "CustomerName": "vijaya",
    "Mobile": "9989588822",
    "UuId": 83,
    "pk": 83,
    "DateTime": "2024-03-13T08:26:52.599Z"
  },
  {
    "CustomerName": "K.A.RAO",
    "Mobile": "9440880175",
    "UuId": 84,
    "pk": 84,
    "DateTime": "2024-03-13T08:29:06.758Z"
  },
  {
    "CustomerName": "chowdari",
    "Mobile": "9849202186",
    "UuId": 85,
    "pk": 85,
    "DateTime": "2024-03-13T08:30:11.170Z"
  },
  {
    "CustomerName": "lavanya",
    "Mobile": "8885689123",
    "UuId": 86,
    "pk": 86,
    "DateTime": "2024-03-13T08:32:06.346Z"
  },
  {
    "CustomerName": "Sankar",
    "Mobile": "9866629074",
    "UuId": 87,
    "pk": 87,
    "DateTime": "2024-03-13T08:32:11.089Z"
  },
  {
    "CustomerName": "k suguna",
    "Mobile": "9951993111",
    "UuId": 88,
    "pk": 88,
    "DateTime": "2024-03-13T08:34:15.109Z"
  },
  {
    "CustomerName": "K.Veena",
    "Mobile": "9989940411",
    "City": "steelplant",
    "UuId": 89,
    "pk": 89,
    "DateTime": "2024-03-13T08:34:24.302Z"
  },
  {
    "CustomerName": "siva",
    "Mobile": "9966726577",
    "UuId": 90,
    "pk": 90,
    "DateTime": "2024-03-13T08:42:35.507Z"
  },
  {
    "CustomerName": "prasad",
    "Mobile": "9948844542",
    "City": "yandad",
    "UuId": 91,
    "pk": 91,
    "DateTime": "2024-03-13T08:44:31.839Z"
  },
  {
    "CustomerName": "varma",
    "Mobile": "9885710888",
    "UuId": 92,
    "pk": 92,
    "DateTime": "2024-03-13T08:46:47.237Z"
  },
  {
    "CustomerName": "sankarao",
    "Mobile": "9949227119",
    "UuId": 93,
    "pk": 93,
    "DateTime": "2024-03-13T08:49:17.483Z"
  },
  {
    "CustomerName": "ramesh",
    "Mobile": "9866224812",
    "UuId": 94,
    "pk": 94,
    "DateTime": "2024-03-13T08:51:51.261Z"
  },
  {
    "CustomerName": "p r kumar",
    "Mobile": "8328006280",
    "City": "yandad",
    "UuId": 95,
    "pk": 95,
    "DateTime": "2024-03-13T08:52:44.996Z"
  },
  {
    "CustomerName": "ravikumar",
    "Mobile": "8919707730",
    "UuId": 98,
    "pk": 98,
    "DateTime": "2024-03-13T08:56:13.382Z"
  },
  {
    "CustomerName": "sujatha",
    "Mobile": "9248378766",
    "UuId": 99,
    "pk": 99,
    "DateTime": "2024-03-13T09:05:04.409Z"
  },
  {
    "CustomerName": "REDDY KJHGFD",
    "Mobile": "7777789895",
    "City": "PPM",
    "UuId": 101,
    "pk": 101,
    "DateTime": "2024-03-13T09:34:31.939Z"
  },
  {
    "CustomerName": "Shadev",
    "Mobile": "9908017889",
    "City": "steelplant",
    "UuId": 102,
    "pk": 102,
    "DateTime": "2024-03-13T09:42:05.149Z"
  },
  {
    "CustomerName": "munna",
    "Mobile": "8636394949",
    "City": "",
    "UuId": 103,
    "pk": 103,
    "DateTime": "2024-03-13T09:50:40.429Z"
  },
  {
    "CustomerName": "D.Sumitha",
    "Mobile": "7702496804",
    "City": "steelplant",
    "UuId": 104,
    "pk": 104,
    "DateTime": "2024-03-13T09:50:52.420Z"
  },
  {
    "CustomerName": "SKV",
    "Mobile": "2323232323",
    "City": "KK",
    "UuId": 105,
    "pk": 105,
    "DateTime": "2024-03-16T13:55:23.286Z"
  },
  {
    "CustomerName": "Maj",
    "Mobile": "8888888888",
    "City": "ks",
    "UuId": 106,
    "pk": 106,
    "DateTime": "2024-03-16T13:56:25.106Z"
  },
  {
    "CustomerName": "SREENIVAS99",
    "Mobile": "8986532568",
    "City": "KKD",
    "UuId": 107,
    "pk": 107,
    "DateTime": "2024-03-17T00:18:55.789Z"
  }
]