[
  {
    "Category": "Men",
    "ItemName": "M Shart",
    "DryWashRate": "45",
    "Pcs": "1",
    "UuId": 1,
    "pk": 1,
    "DateTime": "2024-03-05T06:06:04.548Z"
  },
  {
    "Category": "Men",
    "ItemName": "M Pant",
    "DryWashRate": "50",
    "Pcs": "1",
    "UuId": 2,
    "pk": 2,
    "DateTime": "2024-03-05T06:06:30.704Z"
  },
  {
    "Category": "Kids",
    "ItemName": "K Shart",
    "DryWashRate": "40",
    "Pcs": "1",
    "UuId": 3,
    "pk": 3,
    "DateTime": "2024-03-05T06:06:52.120Z"
  },
  {
    "Category": "Kids",
    "ItemName": "K Pant",
    "DryWashRate": "45",
    "Pcs": "1",
    "UuId": 4,
    "pk": 4,
    "DateTime": "2024-03-05T06:07:14.843Z"
  },
  {
    "Category": "Women",
    "ItemName": "W Saree",
    "DryWashRate": "60",
    "Pcs": "1",
    "UuId": 5,
    "pk": 5,
    "DateTime": "2024-03-05T06:07:35.897Z"
  },
  {
    "Category": "Women",
    "ItemName": "W Jean",
    "DryWashRate": "65",
    "Pcs": "1",
    "UuId": 6,
    "pk": 6,
    "DateTime": "2024-03-05T06:08:20.932Z"
  },
  {
    "Category": "Men",
    "ItemName": "M Jean",
    "DryWashRate": "50",
    "Pcs": "1",
    "UuId": 7,
    "pk": 7,
    "DateTime": "2024-03-05T11:24:48.968Z"
  },
  {
    "Category": "Men",
    "ItemName": "M H JEANS",
    "DryWashRate": "80",
    "Pcs": "",
    "UuId": 8,
    "pk": 8,
    "DateTime": "2024-03-07T09:59:38.154Z"
  },
  {
    "Category": "Men",
    "ItemName": "SILK SHIRT",
    "DryWashRate": "80",
    "Pcs": "",
    "UuId": 9,
    "pk": 9,
    "DateTime": "2024-03-07T11:01:01.411Z"
  },
  {
    "Category": "womens",
    "ItemName": "long frock",
    "DryWashRate": "250",
    "Pcs": "",
    "UuId": 10,
    "pk": 10,
    "DateTime": "2024-03-07T11:02:23.993Z"
  },
  {
    "Category": "Women",
    "ItemName": "LONG FROCK",
    "DryWashRate": "350",
    "Pcs": "",
    "UuId": 11,
    "pk": 11,
    "DateTime": "2024-03-07T11:03:11.176Z"
  },
  {
    "Category": "Men",
    "ItemName": "TROUSER",
    "DryWashRate": "50",
    "Pcs": "",
    "UuId": 12,
    "pk": 12,
    "DateTime": "2024-03-07T12:35:30.436Z"
  },
  {
    "Category": "Men",
    "ItemName": "T SHIRT",
    "DryWashRate": "60",
    "Pcs": "",
    "UuId": 13,
    "pk": 13,
    "DateTime": "2024-03-07T12:35:54.149Z"
  },
  {
    "Category": "Men",
    "ItemName": "KURTHA(NORMAL)",
    "DryWashRate": "150",
    "Pcs": "",
    "UuId": 14,
    "pk": 14,
    "DateTime": "2024-03-07T12:36:42.737Z"
  },
  {
    "Category": "Men",
    "ItemName": "KURTHA(WORK)",
    "DryWashRate": "200",
    "Pcs": "",
    "UuId": 15,
    "pk": 15,
    "DateTime": "2024-03-07T12:37:29.976Z"
  },
  {
    "Category": "Men",
    "ItemName": "KURTHA(SILK)",
    "DryWashRate": "150",
    "Pcs": "",
    "UuId": 16,
    "pk": 16,
    "DateTime": "2024-03-07T12:38:25.375Z"
  },
  {
    "Category": "Men",
    "ItemName": "PYJAMA",
    "DryWashRate": "50",
    "Pcs": "",
    "UuId": 17,
    "pk": 17,
    "DateTime": "2024-03-07T12:38:56.448Z"
  },
  {
    "Category": "Men",
    "ItemName": "SILK DOTHI",
    "DryWashRate": "20",
    "Pcs": "",
    "UuId": 18,
    "pk": 18,
    "DateTime": "2024-03-07T12:39:28.831Z"
  },
  {
    "Category": "Men",
    "ItemName": "SILK DHOTHI",
    "DryWashRate": "100",
    "Pcs": "",
    "UuId": 19,
    "pk": 19,
    "DateTime": "2024-03-08T06:12:04.145Z"
  },
  {
    "Category": "Men",
    "ItemName": "COTTON DOTHI",
    "DryWashRate": "100",
    "Pcs": "",
    "UuId": 20,
    "pk": 20,
    "DateTime": "2024-03-08T06:12:35.341Z"
  },
  {
    "Category": "Men",
    "ItemName": "STICHING DHOTHI",
    "DryWashRate": "150",
    "Pcs": "",
    "UuId": 21,
    "pk": 21,
    "DateTime": "2024-03-08T06:12:57.419Z"
  },
  {
    "Category": "Men",
    "ItemName": "KANDUVA",
    "DryWashRate": "70",
    "Pcs": "",
    "UuId": 22,
    "pk": 22,
    "DateTime": "2024-03-08T06:13:16.638Z"
  },
  {
    "Category": "Men",
    "ItemName": "SHORT",
    "DryWashRate": "30",
    "Pcs": "",
    "UuId": 23,
    "pk": 23,
    "DateTime": "2024-03-08T06:13:31.121Z"
  },
  {
    "Category": "Men",
    "ItemName": "VEST",
    "DryWashRate": "30",
    "Pcs": "",
    "UuId": 24,
    "pk": 24,
    "DateTime": "2024-03-08T06:13:43.152Z"
  },
  {
    "Category": "Men",
    "ItemName": "BLZER",
    "DryWashRate": "250",
    "Pcs": "",
    "UuId": 25,
    "pk": 25,
    "DateTime": "2024-03-08T06:14:10.431Z"
  },
  {
    "Category": "Men",
    "ItemName": "JACKET",
    "DryWashRate": "250",
    "Pcs": "",
    "UuId": 26,
    "pk": 26,
    "DateTime": "2024-03-08T06:14:32.858Z"
  },
  {
    "Category": "Men",
    "ItemName": "JERKIN",
    "DryWashRate": "250",
    "Pcs": "",
    "UuId": 27,
    "pk": 27,
    "DateTime": "2024-03-08T06:14:51.953Z"
  },
  {
    "Category": "Men",
    "ItemName": "SWEATER",
    "DryWashRate": "100",
    "Pcs": "",
    "UuId": 28,
    "pk": 28,
    "DateTime": "2024-03-08T06:15:08.571Z"
  },
  {
    "Category": "Men",
    "ItemName": "TRACK PANT",
    "DryWashRate": "50",
    "Pcs": "",
    "UuId": 29,
    "pk": 29,
    "DateTime": "2024-03-08T06:15:25.850Z"
  },
  {
    "Category": "Men",
    "ItemName": "LONG COAT",
    "DryWashRate": "250",
    "Pcs": "",
    "UuId": 30,
    "pk": 30,
    "DateTime": "2024-03-08T06:15:45.171Z"
  },
  {
    "Category": "Men",
    "ItemName": "WAIST COAT",
    "DryWashRate": "150",
    "Pcs": "",
    "UuId": 31,
    "pk": 31,
    "DateTime": "2024-03-08T06:16:07.484Z"
  },
  {
    "Category": "Men",
    "ItemName": "APRON",
    "DryWashRate": "75",
    "Pcs": "",
    "UuId": 32,
    "pk": 32,
    "DateTime": "2024-03-08T06:16:20.971Z"
  },
  {
    "Category": "Men",
    "ItemName": "LUNGI",
    "DryWashRate": "50",
    "Pcs": "",
    "UuId": 33,
    "pk": 33,
    "DateTime": "2024-03-08T06:16:36.468Z"
  },
  {
    "Category": "Men",
    "ItemName": "BATHROBE",
    "DryWashRate": "75",
    "Pcs": "",
    "UuId": 34,
    "pk": 34,
    "DateTime": "2024-03-08T06:16:54.528Z"
  },
  {
    "Category": "Men",
    "ItemName": "WOOLEN COAT",
    "DryWashRate": "250",
    "Pcs": "",
    "UuId": 35,
    "pk": 35,
    "DateTime": "2024-03-08T06:17:16.019Z"
  },
  {
    "Category": "Men",
    "ItemName": "TIE",
    "DryWashRate": "50",
    "Pcs": "",
    "UuId": 36,
    "pk": 36,
    "DateTime": "2024-03-08T06:17:30.531Z"
  },
  {
    "Category": "Men",
    "ItemName": "SHERWANI(NORMAL)",
    "DryWashRate": "250",
    "Pcs": "",
    "UuId": 37,
    "pk": 37,
    "DateTime": "2024-03-08T06:18:13.508Z"
  },
  {
    "Category": "Men",
    "ItemName": "SHERWANI(WORK)",
    "DryWashRate": "400",
    "Pcs": "",
    "UuId": 38,
    "pk": 38,
    "DateTime": "2024-03-08T06:18:32.381Z"
  },
  {
    "Category": "Men",
    "ItemName": "DUPATTA",
    "DryWashRate": "60",
    "Pcs": "",
    "UuId": 39,
    "pk": 39,
    "DateTime": "2024-03-08T06:18:50.251Z"
  },
  {
    "Category": "Men",
    "ItemName": "SHALL",
    "DryWashRate": "80",
    "Pcs": "",
    "UuId": 40,
    "pk": 40,
    "DateTime": "2024-03-08T06:19:02.435Z"
  },
  {
    "Category": "Men",
    "ItemName": "HAND KARCHIF",
    "DryWashRate": "20",
    "Pcs": "",
    "UuId": 41,
    "pk": 41,
    "DateTime": "2024-03-08T06:19:18.110Z"
  },
  {
    "Category": "Men",
    "ItemName": "UNDER WEAR",
    "DryWashRate": "20",
    "Pcs": "",
    "UuId": 42,
    "pk": 42,
    "DateTime": "2024-03-08T06:19:35.569Z"
  },
  {
    "Category": "Women",
    "ItemName": "TOP(NORMAL)",
    "DryWashRate": "130",
    "Pcs": "",
    "UuId": 43,
    "pk": 43,
    "DateTime": "2024-03-08T06:21:24.552Z"
  },
  {
    "Category": "Women",
    "ItemName": "NET TOP",
    "DryWashRate": "200",
    "Pcs": "",
    "UuId": 44,
    "pk": 44,
    "DateTime": "2024-03-08T06:21:41.347Z"
  },
  {
    "Category": "Women",
    "ItemName": "LONG TOP",
    "DryWashRate": "200",
    "Pcs": "",
    "UuId": 45,
    "pk": 45,
    "DateTime": "2024-03-08T06:21:54.779Z"
  },
  {
    "Category": "Women",
    "ItemName": "WORK TOP",
    "DryWashRate": "200",
    "Pcs": "",
    "UuId": 46,
    "pk": 46,
    "DateTime": "2024-03-08T06:22:08.350Z"
  },
  {
    "Category": "Women",
    "ItemName": "HEAVY WORK TOP",
    "DryWashRate": "250",
    "Pcs": "",
    "UuId": 47,
    "pk": 47,
    "DateTime": "2024-03-08T06:22:39.051Z"
  },
  {
    "Category": "Women",
    "ItemName": "NIGHTY",
    "DryWashRate": "50",
    "Pcs": "",
    "UuId": 48,
    "pk": 48,
    "DateTime": "2024-03-08T06:22:55.194Z"
  },
  {
    "Category": "Women",
    "ItemName": "BOTTOM",
    "DryWashRate": "50",
    "Pcs": "",
    "UuId": 49,
    "pk": 49,
    "DateTime": "2024-03-08T06:23:12.346Z"
  },
  {
    "Category": "Women",
    "ItemName": "LAHANGA(NORMAL)",
    "DryWashRate": "250",
    "Pcs": "",
    "UuId": 50,
    "pk": 50,
    "DateTime": "2024-03-08T06:24:35.627Z"
  },
  {
    "Category": "Women",
    "ItemName": "LAHANGA(WORK)",
    "DryWashRate": "350",
    "Pcs": "",
    "UuId": 51,
    "pk": 51,
    "DateTime": "2024-03-08T06:24:57.289Z"
  },
  {
    "Category": "Women",
    "ItemName": "LAHANGA(SMALL)",
    "DryWashRate": "100",
    "Pcs": "",
    "UuId": 52,
    "pk": 52,
    "DateTime": "2024-03-08T06:25:36.234Z"
  },
  {
    "Category": "Women",
    "ItemName": "FROCK(SMALL)",
    "DryWashRate": "100",
    "Pcs": "",
    "UuId": 53,
    "pk": 53,
    "DateTime": "2024-03-08T06:25:59.746Z"
  },
  {
    "Category": "Women",
    "ItemName": "FROCK(BIG)",
    "DryWashRate": "350",
    "Pcs": "",
    "UuId": 54,
    "pk": 54,
    "DateTime": "2024-03-08T06:26:17.148Z"
  },
  {
    "Category": "Women",
    "ItemName": "WEEDING FROCK",
    "DryWashRate": "650",
    "Pcs": "",
    "UuId": 55,
    "pk": 55,
    "DateTime": "2024-03-08T06:26:40.434Z"
  },
  {
    "Category": "Women",
    "ItemName": "SKIRT(SMALL)",
    "DryWashRate": "80",
    "Pcs": "",
    "UuId": 56,
    "pk": 56,
    "DateTime": "2024-03-08T06:27:13.642Z"
  },
  {
    "Category": "Women",
    "ItemName": "SKIRT(BIG)",
    "DryWashRate": "200",
    "Pcs": "",
    "UuId": 57,
    "pk": 57,
    "DateTime": "2024-03-08T06:27:28.695Z"
  },
  {
    "Category": "Women",
    "ItemName": "SAREE",
    "DryWashRate": "120",
    "Pcs": "",
    "UuId": 58,
    "pk": 58,
    "DateTime": "2024-03-08T06:27:57.775Z"
  },
  {
    "Category": "Women",
    "ItemName": "PATTU SAREE",
    "DryWashRate": "150",
    "Pcs": "",
    "UuId": 59,
    "pk": 59,
    "DateTime": "2024-03-08T06:28:23.703Z"
  },
  {
    "Category": "Women",
    "ItemName": "HEAVY WORK SAREE",
    "DryWashRate": "250",
    "Pcs": "",
    "UuId": 60,
    "pk": 60,
    "DateTime": "2024-03-08T06:28:46.631Z"
  },
  {
    "Category": "Women",
    "ItemName": "JERY SAREE",
    "DryWashRate": "200",
    "Pcs": "",
    "UuId": 61,
    "pk": 61,
    "DateTime": "2024-03-08T06:29:02.006Z"
  },
  {
    "Category": "Women",
    "ItemName": "NET SAREE",
    "DryWashRate": "200",
    "Pcs": "",
    "UuId": 62,
    "pk": 62,
    "DateTime": "2024-03-08T06:29:16.023Z"
  },
  {
    "Category": "Women",
    "ItemName": "BIG JARY SAREE",
    "DryWashRate": "250",
    "Pcs": "",
    "UuId": 63,
    "pk": 63,
    "DateTime": "2024-03-08T06:29:36.736Z"
  },
  {
    "Category": "Women",
    "ItemName": "BLOUSE",
    "DryWashRate": "30",
    "Pcs": "",
    "UuId": 64,
    "pk": 64,
    "DateTime": "2024-03-08T06:29:53.567Z"
  },
  {
    "Category": "Women",
    "ItemName": "BLOUSE LONG",
    "DryWashRate": "75",
    "Pcs": "",
    "UuId": 65,
    "pk": 65,
    "DateTime": "2024-03-08T06:30:14.118Z"
  },
  {
    "Category": "Men",
    "ItemName": "WORK BLOUSE",
    "DryWashRate": "50",
    "Pcs": "",
    "UuId": 66,
    "pk": 66,
    "DateTime": "2024-03-08T06:30:32.782Z"
  },
  {
    "Category": "Women",
    "ItemName": "PETTY COAT",
    "DryWashRate": "50",
    "Pcs": "",
    "UuId": 67,
    "pk": 67,
    "DateTime": "2024-03-08T06:30:51.452Z"
  },
  {
    "Category": "Women",
    "ItemName": "W SHIRT",
    "DryWashRate": "60",
    "Pcs": "",
    "UuId": 68,
    "pk": 68,
    "DateTime": "2024-03-08T06:31:17.201Z"
  },
  {
    "Category": "Women",
    "ItemName": "LADIES COAT",
    "DryWashRate": "150",
    "Pcs": "",
    "UuId": 69,
    "pk": 69,
    "DateTime": "2024-03-08T06:31:48.432Z"
  },
  {
    "Category": "Women",
    "ItemName": "SEARF",
    "DryWashRate": "80",
    "Pcs": "",
    "UuId": 70,
    "pk": 70,
    "DateTime": "2024-03-08T06:32:06.335Z"
  },
  {
    "Category": "Women",
    "ItemName": "GAGRA",
    "DryWashRate": "200",
    "Pcs": "",
    "UuId": 71,
    "pk": 71,
    "DateTime": "2024-03-08T06:32:26.349Z"
  },
  {
    "Category": "Women",
    "ItemName": "CHOLI",
    "DryWashRate": "100",
    "Pcs": "",
    "UuId": 72,
    "pk": 72,
    "DateTime": "2024-03-08T06:32:38.459Z"
  },
  {
    "Category": "Women",
    "ItemName": "NIGHT DRESS",
    "DryWashRate": "50",
    "Pcs": "",
    "UuId": 73,
    "pk": 73,
    "DateTime": "2024-03-08T06:32:57.596Z"
  },
  {
    "Category": "Women",
    "ItemName": "GOWN",
    "DryWashRate": "150",
    "Pcs": "",
    "UuId": 74,
    "pk": 74,
    "DateTime": "2024-03-08T06:33:41.674Z"
  },
  {
    "Category": "Women",
    "ItemName": "SALWAR",
    "DryWashRate": "150",
    "Pcs": "",
    "UuId": 75,
    "pk": 75,
    "DateTime": "2024-03-08T06:34:02.428Z"
  },
  {
    "Category": "Kids",
    "ItemName": "TROUSEER",
    "DryWashRate": "40",
    "Pcs": "",
    "UuId": 76,
    "pk": 76,
    "DateTime": "2024-03-08T06:35:36.680Z"
  },
  {
    "Category": "Kids",
    "ItemName": "JEAN",
    "DryWashRate": "40",
    "Pcs": "",
    "UuId": 77,
    "pk": 77,
    "DateTime": "2024-03-08T06:35:57.197Z"
  },
  {
    "Category": "Kids",
    "ItemName": "SHIRT OR T SHIRT",
    "DryWashRate": "40",
    "Pcs": "",
    "UuId": 78,
    "pk": 78,
    "DateTime": "2024-03-08T06:38:03.488Z"
  },
  {
    "Category": "Kids",
    "ItemName": "KURTHA",
    "DryWashRate": "50",
    "Pcs": "",
    "UuId": 79,
    "pk": 79,
    "DateTime": "2024-03-08T06:38:19.312Z"
  },
  {
    "Category": "Kids",
    "ItemName": "PYZAMA",
    "DryWashRate": "40",
    "Pcs": "",
    "UuId": 80,
    "pk": 80,
    "DateTime": "2024-03-08T06:38:44.136Z"
  },
  {
    "Category": "Kids",
    "ItemName": "K SHORT",
    "DryWashRate": "30",
    "Pcs": "",
    "UuId": 81,
    "pk": 81,
    "DateTime": "2024-03-08T06:39:06.687Z"
  },
  {
    "Category": "Kids",
    "ItemName": "K VEST",
    "DryWashRate": "30",
    "Pcs": "",
    "UuId": 82,
    "pk": 82,
    "DateTime": "2024-03-08T06:39:30.190Z"
  },
  {
    "Category": "Kids",
    "ItemName": "BLAZER",
    "DryWashRate": "200",
    "Pcs": "",
    "UuId": 83,
    "pk": 83,
    "DateTime": "2024-03-08T06:39:49.528Z"
  },
  {
    "Category": "Kids",
    "ItemName": "SAFARI SUIT (2PCS)",
    "DryWashRate": "100",
    "Pcs": "",
    "UuId": 84,
    "pk": 84,
    "DateTime": "2024-03-08T06:40:19.910Z"
  },
  {
    "Category": "Kids",
    "ItemName": "SHERWANI",
    "DryWashRate": "180",
    "Pcs": "",
    "UuId": 85,
    "pk": 85,
    "DateTime": "2024-03-08T06:40:50.581Z"
  },
  {
    "Category": "Kids",
    "ItemName": "WORK SHERWANI",
    "DryWashRate": "300",
    "Pcs": "",
    "UuId": 86,
    "pk": 86,
    "DateTime": "2024-03-08T06:41:11.789Z"
  },
  {
    "Category": "Kids",
    "ItemName": "FROCK",
    "DryWashRate": "75",
    "Pcs": "",
    "UuId": 87,
    "pk": 87,
    "DateTime": "2024-03-08T06:41:35.149Z"
  },
  {
    "Category": "Kids",
    "ItemName": "SKIRT",
    "DryWashRate": "40",
    "Pcs": "",
    "UuId": 88,
    "pk": 88,
    "DateTime": "2024-03-08T06:41:49.309Z"
  },
  {
    "Category": "Kids",
    "ItemName": "CHILD GAGRA CHOLI",
    "DryWashRate": "100",
    "Pcs": "",
    "UuId": 89,
    "pk": 89,
    "DateTime": "2024-03-08T06:42:28.029Z"
  },
  {
    "Category": "Kids",
    "ItemName": "PATTU LANGA",
    "DryWashRate": "100",
    "Pcs": "",
    "UuId": 90,
    "pk": 90,
    "DateTime": "2024-03-08T06:42:41.059Z"
  },
  {
    "Category": "Kids",
    "ItemName": "LONG BLOUSE",
    "DryWashRate": "30",
    "Pcs": "",
    "UuId": 91,
    "pk": 91,
    "DateTime": "2024-03-08T06:42:57.613Z"
  },
  {
    "Category": "Kids",
    "ItemName": "PUNJABI DRESS",
    "DryWashRate": "100",
    "Pcs": "",
    "UuId": 92,
    "pk": 92,
    "DateTime": "2024-03-08T06:43:15.339Z"
  },
  {
    "Category": "Others",
    "ItemName": "BATH TOWEL",
    "DryWashRate": "50",
    "Pcs": "",
    "UuId": 93,
    "pk": 93,
    "DateTime": "2024-03-08T06:44:39.871Z"
  },
  {
    "Category": "Others",
    "ItemName": "BED SHEET(SINGLE)",
    "DryWashRate": "80",
    "Pcs": "",
    "UuId": 94,
    "pk": 94,
    "DateTime": "2024-03-08T06:45:36.103Z"
  },
  {
    "Category": "Others",
    "ItemName": "BED SHEET(DOUBLE)",
    "DryWashRate": "100",
    "Pcs": "",
    "UuId": 95,
    "pk": 95,
    "DateTime": "2024-03-08T06:46:13.746Z"
  },
  {
    "Category": "Others",
    "ItemName": "BLANKET(SINGLE)",
    "DryWashRate": "250",
    "Pcs": "",
    "UuId": 96,
    "pk": 96,
    "DateTime": "2024-03-08T06:46:43.684Z"
  },
  {
    "Category": "Others",
    "ItemName": "BLANKET(DOUBLE)",
    "DryWashRate": "350",
    "Pcs": "",
    "UuId": 97,
    "pk": 97,
    "DateTime": "2024-03-08T06:47:06.174Z"
  },
  {
    "Category": "Others",
    "ItemName": "QULIT(SINGLE)",
    "DryWashRate": "350",
    "Pcs": "",
    "UuId": 98,
    "pk": 98,
    "DateTime": "2024-03-08T06:47:46.514Z"
  },
  {
    "Category": "Others",
    "ItemName": "QULIT(DOUBLE)",
    "DryWashRate": "400",
    "Pcs": "",
    "UuId": 99,
    "pk": 99,
    "DateTime": "2024-03-08T06:48:05.203Z"
  },
  {
    "Category": "Others",
    "ItemName": "PILLOW COVERS",
    "DryWashRate": "40",
    "Pcs": "",
    "UuId": 100,
    "pk": 100,
    "DateTime": "2024-03-08T06:48:30.122Z"
  },
  {
    "Category": "Others",
    "ItemName": "NAPKIN",
    "DryWashRate": "20",
    "Pcs": "",
    "UuId": 101,
    "pk": 101,
    "DateTime": "2024-03-08T06:48:51.682Z"
  },
  {
    "Category": "Others",
    "ItemName": "FACE TOWEL",
    "DryWashRate": "20",
    "Pcs": "",
    "UuId": 102,
    "pk": 102,
    "DateTime": "2024-03-08T06:49:15.170Z"
  },
  {
    "Category": "Others",
    "ItemName": "BATH MAT",
    "DryWashRate": "75",
    "Pcs": "",
    "UuId": 103,
    "pk": 103,
    "DateTime": "2024-03-08T06:49:40.256Z"
  },
  {
    "Category": "Others",
    "ItemName": "HAND GLOVES",
    "DryWashRate": "20",
    "Pcs": "",
    "UuId": 104,
    "pk": 104,
    "DateTime": "2024-03-08T06:49:56.826Z"
  },
  {
    "Category": "Others",
    "ItemName": "CURTAIN(SINGLE)",
    "DryWashRate": "200",
    "Pcs": "",
    "UuId": 105,
    "pk": 105,
    "DateTime": "2024-03-08T06:50:23.594Z"
  },
  {
    "Category": "Others",
    "ItemName": "CURTAIN(MEDIUM)",
    "DryWashRate": "400",
    "Pcs": "",
    "UuId": 106,
    "pk": 106,
    "DateTime": "2024-03-08T06:50:43.190Z"
  },
  {
    "Category": "Others",
    "ItemName": "CURTAIN(BIG)",
    "DryWashRate": "600",
    "Pcs": "",
    "UuId": 107,
    "pk": 107,
    "DateTime": "2024-03-08T06:51:10.056Z"
  },
  {
    "Category": "Others",
    "ItemName": "DOOR MAT",
    "DryWashRate": "80",
    "Pcs": "",
    "UuId": 108,
    "pk": 108,
    "DateTime": "2024-03-08T06:51:21.639Z"
  },
  {
    "Category": "Others",
    "ItemName": "CHAIR COVERS",
    "DryWashRate": "75",
    "Pcs": "",
    "UuId": 109,
    "pk": 109,
    "DateTime": "2024-03-08T06:51:38.475Z"
  },
  {
    "Category": "Others",
    "ItemName": "SOFA COVERS(SINGLE)",
    "DryWashRate": "75",
    "Pcs": "",
    "UuId": 110,
    "pk": 110,
    "DateTime": "2024-03-08T06:52:48.349Z"
  },
  {
    "Category": "Men",
    "ItemName": "SOFA COVERS(DOUBLE)",
    "DryWashRate": "150",
    "Pcs": "",
    "UuId": 111,
    "pk": 111,
    "DateTime": "2024-03-08T06:53:10.788Z"
  },
  {
    "Category": "Others",
    "ItemName": "BED COVER(SINGLE)",
    "DryWashRate": "150",
    "Pcs": "",
    "UuId": 112,
    "pk": 112,
    "DateTime": "2024-03-08T06:53:42.788Z"
  },
  {
    "Category": "Others",
    "ItemName": "BED COVER(DOUBLE)",
    "DryWashRate": "200",
    "Pcs": "",
    "UuId": 113,
    "pk": 113,
    "DateTime": "2024-03-08T06:53:58.772Z"
  },
  {
    "Category": "Others",
    "ItemName": "CARPET(SINGLE)",
    "DryWashRate": "450",
    "Pcs": "",
    "UuId": 114,
    "pk": 114,
    "DateTime": "2024-03-08T06:54:22.118Z"
  },
  {
    "Category": "Others",
    "ItemName": "CERPET(MEDIUM)",
    "DryWashRate": "850",
    "Pcs": "",
    "UuId": 115,
    "pk": 115,
    "DateTime": "2024-03-08T06:54:55.097Z"
  },
  {
    "Category": "Others",
    "ItemName": "CERPET(LARGE)",
    "DryWashRate": "1200",
    "Pcs": "",
    "UuId": 116,
    "pk": 116,
    "DateTime": "2024-03-08T06:55:11.627Z"
  },
  {
    "Category": "Others",
    "ItemName": "PILLOWS",
    "DryWashRate": "150",
    "Pcs": "",
    "UuId": 117,
    "pk": 117,
    "DateTime": "2024-03-08T06:55:25.179Z"
  },
  {
    "Category": "Others",
    "ItemName": "TABLE CLOTH",
    "DryWashRate": "100",
    "Pcs": "",
    "UuId": 118,
    "pk": 118,
    "DateTime": "2024-03-08T06:55:51.554Z"
  },
  {
    "Category": "Others",
    "ItemName": "BAGS(SMALL)",
    "DryWashRate": "150",
    "Pcs": "",
    "UuId": 119,
    "pk": 119,
    "DateTime": "2024-03-08T06:56:12.923Z"
  },
  {
    "Category": "Others",
    "ItemName": "BAGS(BIG)",
    "DryWashRate": "250",
    "Pcs": "",
    "UuId": 120,
    "pk": 120,
    "DateTime": "2024-03-08T06:56:25.618Z"
  },
  {
    "Category": "Others",
    "ItemName": "CAPS",
    "DryWashRate": "30",
    "Pcs": "",
    "UuId": 121,
    "pk": 121,
    "DateTime": "2024-03-08T06:56:46.716Z"
  },
  {
    "Category": "Others",
    "ItemName": "TEDDY BEAR(SMALL)",
    "DryWashRate": "150",
    "Pcs": "",
    "UuId": 122,
    "pk": 122,
    "DateTime": "2024-03-08T06:57:19.492Z"
  },
  {
    "Category": "Others",
    "ItemName": "TEDDY BEAR(MEDIUM)",
    "DryWashRate": "300",
    "Pcs": "",
    "UuId": 123,
    "pk": 123,
    "DateTime": "2024-03-08T06:57:35.948Z"
  },
  {
    "Category": "Others",
    "ItemName": "TEDDY BEAR(BIG)",
    "DryWashRate": "450",
    "Pcs": "",
    "UuId": 124,
    "pk": 124,
    "DateTime": "2024-03-08T06:57:55.212Z"
  },
  {
    "Category": "Others",
    "ItemName": "DOLLS",
    "DryWashRate": "150",
    "Pcs": "",
    "UuId": 125,
    "pk": 125,
    "DateTime": "2024-03-08T06:58:07.910Z"
  },
  {
    "Category": "Women",
    "ItemName": "WORK SAREE",
    "DryWashRate": "0",
    "Pcs": "0",
    "UuId": 126,
    "pk": 126,
    "DateTime": "2024-03-11T11:13:32.164Z"
  },
  {
    "Category": "Women",
    "ItemName": "kk",
    "DryWashRate": "20",
    "Pcs": "1",
    "UuId": 127,
    "pk": 127,
    "DateTime": "2024-03-14T12:19:45.270Z"
  },
  {
    "Category": "Men",
    "ItemName": "ss",
    "DryWashRate": "10",
    "Pcs": "",
    "UuId": 128,
    "pk": 128,
    "DateTime": "2024-03-16T05:49:00.952Z"
  }
]